url,checked,online,http_status,error
http://193.107.172.154/cgi-bin/irbis32r_12/cgiirbis_32.exe?LNG=&C21COM=F&I21DBN=KK&P21DBN=KK&S21FMT=&S21ALL=&Z21ID=&S21CNR=,2026-10-02 06:21:34,0,,ConnectTimeout
http://194.44.12.92:8080/jspui/?locale=en,2026-10-02 06:21:34,0,,ConnectTimeout
http://194.44.193.60/cgi-bin/irbis64r_15/cgiirbis_64.exe?C21COM=F&I21DBN=LIBRARY1&P21DBN=LIBRARY1&LNG=,2026-10-02 06:21:34,1,200,
http://195.64.191.106:8080/,2026-10-02 06:21:34,0,,ConnectTimeout
http://1986.org.ua/,2026-10-02 06:21:34,1,200,
http://2001.ukrcensus.gov.ua,2026-10-02 06:21:34,1,200,
http://2001.ukrcensus.gov.ua/rus,2026-10-02 06:21:34,1,200,
http://2018.hubs.org.ua/index-en.html,2026-10-02 06:21:34,0,,ConnectionError
http://212.111.205.214:8095/,2026-10-02 06:21:34,0,,ConnectionError
http://35batery.ru/,2026-10-02 06:21:34,0,,ConnectionError
http://35bb.sevhome.ru/commentbook/mobile/index.html#p=1,2026-10-02 06:21:34,1,200,
http://4vpupo.org.ua/,2026-10-02 06:21:34,1,200,
http://abetka.ukrlife.org/,2026-10-02 06:21:34,1,200,
http://academy-journals.in.ua,2026-10-02 06:21:34,1,200,
http://acadrev.duan.edu.ua/,2026-10-02 06:21:34,1,200,
http://actualproblems.dp.ua/index.php/index/oai,2026-10-02 06:21:34,1,403,
http://adamovka-mon.church.ua/,2026-10-02 06:21:34,1,403,
http://adrenalin.lutsk.ua/,2026-10-02 06:21:34,1,200,
http://ae.fl.kpi.ua/,2026-10-02 06:21:34,1,200,
http://afanasiy-mon.church.ua,2026-10-02 06:21:34,1,403,
http://agapithram.prihod.ru/,2026-10-02 06:21:34,1,200,
http://agnoncenter.org,2026-10-02 06:21:34,1,200,
http://ahtyr.org,2026-10-02 06:21:34,0,,ConnectionError
http://ais.khpi.edu.ua/,2026-10-02 06:21:34,1,200,
http://akadempuppet.kiev.ua/,2026-10-02 06:21:34,1,200,
http://aki.nau.edu.ua,2026-10-02 06:21:34,1,200,
http://akkerman-fort.com,2026-10-02 06:21:34,0,,ConnectionError
http://al.lg.ua/ua/soc_sf/kultura/museums.php,2026-10-02 06:21:34,0,404,
http://al.ukma.edu.ua/,2026-10-02 06:21:34,1,200,
http://alchevsk-cdut.edukit.lg.ua,2026-10-02 06:21:34,0,,ConnectTimeout
http://aleks-mon.church.ua/,2026-10-02 06:21:34,1,403,
http://aleksandro-mon.church.ua,2026-10-02 06:21:34,1,403,
http://alex-nevsky-mon.church.ua,2026-10-02 06:21:34,1,403,
http://alutsar.com/wp-includes/js/jquery/jquery.js?ver=1.12.4,2026-10-02 06:21:34,0,,ConnectionError
http://ampr.diit.edu.ua/,2026-10-02 06:21:34,1,200,
http://amvrosievsky-mon.church.ua/,2026-10-02 06:21:34,1,403,
http://andriivka-bdut.edu.kh.ua,2026-10-02 06:21:34,0,,ConnectTimeout
http://andrusiiv-mon.church.ua,2026-10-02 06:21:34,1,403,
http://animal.kharkov.ua/,2026-10-02 06:21:34,1,403,
http://anm.odessa.ua/,2026-10-02 06:21:34,1,200,
http://antiquity.karazin.ua/antiquities/,2026-10-02 06:21:34,0,,ConnectionError
http://antiquity.karazin.ua/science/,2026-10-02 06:21:34,0,,ConnectionError
http://antracit.glo.ua,2026-10-02 06:21:34,0,,ConnectionError
http://apsnim.bsmu.edu.ua/,2026-10-02 06:21:34,0,,"SSLError: HTTPSConnectionPool(host='apsnim.bsmu.edu.ua', port=443): Max retries exceeded with url: / (Caused by SSLError(SSLEOFError(8, '[SSL: UNEXPECTED_EOF_WHILE_READING] EOF occurred in violation o"
http://apspp.soc.univ.kiev.ua/index.php/home,2026-10-02 06:21:34,0,500,
http://archaeo-photo.chersonesos.org/,2026-10-02 06:21:34,1,200,
http://archaeologicalmuseum.ra.ck.ua/,2026-10-02 06:21:34,0,,ConnectionError
http://archeologia.narod.ru/krim/sudak.htm,2026-10-02 06:21:34,1,200,
http://archeos.org.ua,2026-10-02 06:21:34,1,200,
http://archive.khpg.org,2026-10-02 06:21:34,1,200,
http://archive.lnu.edu.ua,2026-10-02 06:21:34,1,200,
http://archivelviv.gov.ua/,2026-10-02 06:21:34,1,200,
http://archives.kh.gov.ua/?page_id=16486,2026-10-02 06:21:34,1,200,
http://archives.kh.gov.ua/?page_id=17942,2026-10-02 06:21:34,1,200,
http://archives.kh.gov.ua/?page_id=17947,2026-10-02 06:21:34,1,200,
http://archives.kh.gov.ua/?page_id=17964,2026-10-02 06:21:34,1,200,
http://archives.kh.gov.ua/?page_id=18475,2026-10-02 06:21:34,1,200,
http://archives.kh.gov.ua/?page_id=18479,2026-10-02 06:21:34,1,200,
http://archives.kh.gov.ua/?page_id=19276,2026-10-02 06:21:34,0,404,
http://archives.kh.gov.ua/?page_id=19401,2026-10-02 06:21:34,0,404,
http://archives.kh.gov.ua/?page_id=4525,2026-10-02 06:21:34,1,200,
http://archives.kh.gov.ua/?page_id=530,2026-10-02 06:21:34,1,200,
http://argo-unf.at.ua/,2026-10-02 06:21:34,0,,ReadTimeout
http://arkhmihail.cerkov.ru/,2026-10-02 06:21:34,1,200,
http://armenian-center.edu.kh.ua,2026-10-02 06:21:34,0,,ConnectTimeout
http://art-school.ks.ua/,2026-10-02 06:21:34,1,200,
http://art14.com.ua/en/test/,2026-10-02 06:21:34,1,200,
http://artbiblio.ucoz.org/,2026-10-02 06:21:34,1,200,
http://artedu.uz.ua/zakad.html,2026-10-02 06:21:34,0,404,
http://artmuseum.dp.ua/,2026-10-02 06:21:34,0,,ConnectTimeout
http://artmuseum.lebedyn.org/,2026-10-02 06:21:34,1,200,
http://artmuseum.sumy.ua/,2026-10-02 06:21:34,0,404,
http://artmuz.cv.ua/,2026-10-02 06:21:34,1,200,
http://artmuz.org.ua/,2026-10-02 06:21:34,1,200,
http://arts-series-knukim.pp.ua/user/setLocale/en_US,2026-10-02 06:21:34,1,200,
http://artyomsalt.dn.ua/,2026-10-02 06:21:34,0,,ConnectionError
http://asac.kpi.ua/,2026-10-02 06:21:34,1,200,
http://askania-nova-zapovidnik.gov.ua/en/,2026-10-02 06:21:34,1,200,
http://aspects.org.ua/,2026-10-02 06:21:34,1,200,
http://astro.nau.edu.ua/uk/,2026-10-02 06:21:34,1,200,
http://at.khadi.kharkov.ua/index.php/ru/,2026-10-02 06:21:34,1,200,
http://ato.museum.dp.ua/,2026-10-02 06:21:34,1,200,
http://aviamuseum.com.ua/,2026-10-02 06:21:34,1,200,
http://az.gay.ru/,2026-10-02 06:21:34,1,200,SSLError (responded without certificate verification)
http://baburka.zp.ua/,2026-10-02 06:21:34,1,200,
http://babyanka-mon.church.ua/,2026-10-02 06:21:34,1,403,
http://babylibrarivolodymyrec.org.ua/,2026-10-02 06:21:34,0,,ConnectionError
http://babyn-yar.gov.ua/,2026-10-02 06:21:34,1,403,
http://babynyar.gov.ua/,2026-10-02 06:21:34,1,403,
http://bahai.ua/,2026-10-02 06:21:34,1,200,
http://bakhmach-crb.edukit.cn.ua/,2026-10-02 06:21:34,0,,ConnectTimeout
http://balakliya-cdut.edu.kh.ua,2026-10-02 06:21:34,0,,ConnectTimeout
http://balakliya-sun.edu.kh.ua,2026-10-02 06:21:34,0,,ConnectTimeout
http://balakliyskyy-cdut.wixsite.com/hurtok,2026-10-02 06:21:34,1,200,
http://baltaeparhia.org.ua/,2026-10-02 06:21:34,0,,ConnectionError
http://bancheny-mon.church.ua,2026-10-02 06:21:34,1,403,
http://bar.glo.ua/,2026-10-02 06:21:34,0,,ConnectionError
http://bar.glo.ua/cultura,2026-10-02 06:21:34,0,,ConnectionError
http://baranovo-mon.church.ua,2026-10-02 06:21:34,1,403,
http://barskaya-obitel.church.ua/,2026-10-02 06:21:34,1,403,
http://barvinkove-lib.edu.kh.ua/,2026-10-02 06:21:34,0,,ConnectTimeout
http://barvinok-theater.edukit.kiev.ua/,2026-10-02 06:21:34,0,,ConnectTimeout
http://bastion.tv/,2026-10-02 06:21:34,1,200,
http://batarea411.narod.ru/nebo.htm,2026-10-02 06:21:34,1,200,
http://battle-kyiv.org.ua/,2026-10-02 06:21:34,1,200,
http://baturin-mon.church.ua/,2026-10-02 06:21:34,1,403,
http://baturinmaklay.com,2026-10-02 06:21:34,1,200,
http://bavka.com/,2026-10-02 06:21:34,1,200,
http://bayany-mon.church.ua,2026-10-02 06:21:34,1,403,
http://bazar.nikolaev.ua,2026-10-02 06:21:34,1,200,
http://bcpep.org.ua/,2026-10-02 06:21:34,1,200,
http://bcraybiblioteka.blogspot.com,2026-10-02 06:21:34,1,429,
http://bdut.kuprda.gov.ua/,2026-10-02 06:21:34,1,200,
http://belbiblioteka.blogspot.com/,2026-10-02 06:21:34,1,429,
http://belevsky-mon.church.ua,2026-10-02 06:21:34,1,403,
http://belosvyat.com.ua/,2026-10-02 06:21:34,0,503,
http://belz.com.ua/,2026-10-02 06:21:34,0,520,
http://berdichev.org/,2026-10-02 06:21:34,1,200,
http://berdychiv.in.ua/,2026-10-02 06:21:34,1,200,
http://berezbibl7.blogspot.com/,2026-10-02 06:21:34,1,429,
http://berezil.com.ua/,2026-10-02 06:21:34,0,,ConnectionError
http://bereznehuvate-biblioteka.edukit.mk.ua/,2026-10-02 06:21:34,0,,ConnectTimeout
http://bht.edukit.kherson.ua,2026-10-02 06:21:34,0,,ConnectTimeout
http://bibl-furmanova.edu.kh.ua/,2026-10-02 06:21:34,0,,ConnectTimeout
http://bibl-kotsubynskogo.edukit.cn.ua//,2026-10-02 06:21:34,0,,ConnectTimeout
http://bibl-malyshka.edukit.kiev.ua,2026-10-02 06:21:34,0,,ConnectTimeout
http://bibl-osnov.edu.kh.ua/,2026-10-02 06:21:34,0,,ConnectTimeout
http://bibl-ostr.ucoz.ua/,2026-10-02 06:21:34,1,200,
http://bibl8zoya.ucoz.ua,2026-10-02 06:21:34,0,,ReadTimeout
http://biblfilia21.blogspot.com/2017/04/blog-post_1.html,2026-10-02 06:21:34,1,429,
http://biblio-child.dp.ua/,2026-10-02 06:21:34,1,200,
http://biblio.grytsiv.km.ua/,2026-10-02 06:21:34,1,200,
http://biblio.uad.lviv.ua/,2026-10-02 06:21:34,0,,ConnectionError
http://bibliochild.blogspot.com/,2026-10-02 06:21:34,1,429,
http://bibliokid.if.ua/,2026-10-02 06:21:34,1,200,
http://bibliolujaika.blogspot.com/,2026-10-02 06:21:34,1,429,
http://bibliost.ucoz.ru/,2026-10-02 06:21:34,0,404,
http://biblioteka-bagrianogo.edukit.kiev.ua/,2026-10-02 06:21:34,0,,ConnectTimeout
http://biblioteka-filiya12.edukit.kr.ua,2026-10-02 06:21:34,0,,ConnectTimeout
http://biblioteka-filiya13.edukit.kr.ua,2026-10-02 06:21:34,0,,ConnectTimeout
http://biblioteka-filiya15.edukit.kr.ua/,2026-10-02 06:21:34,0,,ConnectTimeout
http://biblioteka-filiya16.edukit.kr.ua,2026-10-02 06:21:34,0,,ConnectTimeout
http://biblioteka-filiya19.edukit.kr.ua,2026-10-02 06:21:34,0,,ConnectTimeout
http://biblioteka-filiya2.edukit.kr.ua,2026-10-02 06:21:34,0,,ConnectTimeout
http://biblioteka-filiya5.edukit.kr.ua/,2026-10-02 06:21:34,0,,ConnectTimeout
http://biblioteka-filiya6.edukit.kr.ua,2026-10-02 06:21:34,0,,ConnectTimeout
http://biblioteka-franka.edu.kh.ua,2026-10-02 06:21:34,0,,ConnectTimeout
http://biblioteka-mayakovskogo.edu.kh.ua/,2026-10-02 06:21:34,0,,ConnectTimeout
http://biblioteka-sl-dorosla.jimdo.com/,2026-10-02 06:21:34,0,,"SSLError: HTTPSConnectionPool(host='biblioteka-sl-dorosla.jimdo.com', port=443): Max retries exceeded with url: / (Caused by SSLError(SSLError(1, '[SSL: SSLV3_ALERT_HANDSHAKE_FAILURE] sslv3 alert hand"
http://biblioteka-turgeneva.edu.kh.ua/,2026-10-02 06:21:34,0,,ConnectTimeout
http://biblioteka.uz.ua/,2026-10-02 06:21:34,1,200,
http://biblioteka13.zp.sch.in.ua/,2026-10-02 06:21:34,0,,ConnectTimeout
http://biblioteka133.edukit.kiev.ua,2026-10-02 06:21:34,0,,ConnectTimeout
http://biblioteka160.edukit.kiev.ua,2026-10-02 06:21:34,0,,ConnectTimeout
http://biblioteka2012.blogspot.com/,2026-10-02 06:21:34,1,429,
http://bibliotekafiliya2.jimdofree.com,2026-10-02 06:21:34,1,200,
http://bibliotekaippo7.wix.com/libra,2026-10-02 06:21:34,0,404,
http://bibliotekald.at.ua/,2026-10-02 06:21:34,1,200,
http://bibliotekapeblik.blogspot.com/,2026-10-02 06:21:34,1,429,
http://biblioyar.at.ua/,2026-10-02 06:21:34,1,200,
http://biblnovikov-priboy.wix.com/admin,2026-10-02 06:21:34,0,404,
http://bibod24qwe.blogspot.com/,2026-10-02 06:21:34,1,429,
http://bibodessa45.blogspot.com/,2026-10-02 06:21:34,1,429,
http://bibvas.ucoz.ua/,2026-10-02 06:21:34,0,,ReadTimeout
http://bic-biblkolegium.edukit.kiev.ua/,2026-10-02 06:21:34,0,,ConnectTimeout
http://bilivska-sb.ucoz.net/,2026-10-02 06:21:34,0,503,
http://bilogorivka-dnz.lg.sch.in.ua/,2026-10-02 06:21:34,0,,ConnectTimeout
http://bilogorivskaz.ucoz.ua/,2026-10-02 06:21:34,1,200,
http://bilozer-biblio.ucoz.ua,2026-10-02 06:21:34,1,200,
http://bilunbiblioteka.blogspot.com/,2026-10-02 06:21:34,1,429,
http://biotechnology.kiev.ua/,2026-10-02 06:21:34,1,200,
http://biph.kiev.ua,2026-10-02 06:21:34,1,200,
http://bitep2005.narod.ru/km2.htm,2026-10-02 06:21:34,1,200,
http://bizukiv.ks.ua/,2026-10-02 06:21:34,0,404,
http://bizukov.org.ua/,2026-10-02 06:21:34,0,,ConnectionError
http://bkeipr.com/,2026-10-02 06:21:34,1,200,
http://bkm.in.ua/,2026-10-02 06:21:34,1,200,
http://blagonezhin-mon.church.ua,2026-10-02 06:21:34,1,403,
http://blahovischenske-raybibl.edukit.kr.ua/,2026-10-02 06:21:34,0,,ConnectTimeout
http://blazejowskyj.com,2026-10-02 06:21:34,1,200,
http://blazejowskyj.com/pro-muzei,2026-10-02 06:21:34,1,200,
http://bobrytsya.kiev.ua/museum,2026-10-02 06:21:34,1,200,
http://bogod-cdut.at.ua/,2026-10-02 06:21:34,0,,ReadTimeout
http://bogoduhiv-cbs.edu.kh.ua/,2026-10-02 06:21:34,0,,ConnectTimeout
http://bogorodychne-mon.church.ua/,2026-10-02 06:21:34,1,403,
http://bokshaymuseum.com,2026-10-02 06:21:34,0,,ConnectionError
http://bolgrad-rcdut.at.ua/,2026-10-02 06:21:34,0,,ReadTimeout
http://book-house.org,2026-10-02 06:21:34,1,200,
http://book5.ucoz.ru/,2026-10-02 06:21:34,1,200,
http://borisogleb-mon.church.ua,2026-10-02 06:21:34,1,403,
http://borisovka-mon.church.ua,2026-10-02 06:21:34,1,403,
http://borispol-mon.church.ua/,2026-10-02 06:21:34,1,403,
http://boryspil-lingvasch-bibl.edukit.kiev.ua,2026-10-02 06:21:34,0,,ConnectTimeout
http://borzna-crb.edukit.cn.ua/,2026-10-02 06:21:34,0,,ConnectTimeout
http://botanicgarden.lnu.edu.ua/,2026-10-02 06:21:34,1,200,
http://botany.kiev.ua/gerbary.htm,2026-10-02 06:21:34,1,200,
http://botsad.zp.ua/,2026-10-02 06:21:34,0,,ConnectTimeout
http://boyarka-sch4-bibl.edukit.kiev.ua,2026-10-02 06:21:34,0,,ConnectTimeout
http://bozhychi.com.ua/,2026-10-02 06:21:34,1,200,
http://br-museum.at.ua/,2026-10-02 06:21:34,1,200,
http://brailov-mon.church.ua/,2026-10-02 06:21:34,1,403,
http://brody.com.ua/,2026-10-02 06:21:34,1,200,
http://brodypk.at.ua/,2026-10-02 06:21:34,0,404,
http://brovary-rcdut.edukit.kiev.ua,2026-10-02 06:21:34,0,,ConnectTimeout
http://brovary-sch5-bibl.edukit.kiev.ua,2026-10-02 06:21:34,0,,ConnectTimeout
http://brusnytsia-bibl2.edukit.cv.ua/,2026-10-02 06:21:34,0,,ConnectTimeout
http://bucovinensia.chnu.edu.ua/,2026-10-02 06:21:34,1,200,
http://budcolege.cv.ua/,2026-10-02 06:21:34,1,200,
http://bukovinchiki.cv.ua/,2026-10-02 06:21:34,1,200,
http://bukpolonia.cv.ua/,2026-10-02 06:21:34,1,200,
http://bulgakov.org.ua,2026-10-02 06:21:34,1,403,
http://bulletin.kpi.ua,2026-10-02 06:21:34,1,200,
http://bumib.edu.ua/uk,2026-10-02 06:21:34,0,,ConnectionError
http://busha.com.ua/,2026-10-02 06:21:34,1,429,
http://businessperspectives.org/journals/problems-and-perspectives-in-management?category_id=30,2026-10-02 06:21:34,1,200,
http://bv.nbuv.gov.ua/uk,2026-10-02 06:21:34,1,200,
http://byzantina.wordpress.com/,2026-10-02 06:21:34,1,200,
http://cantuschoir.org/,2026-10-02 06:21:34,1,429,
http://catholic.volyn.ua/index.php/en/,2026-10-02 06:21:34,1,200,
http://cb-igph.lviv.ua/,2026-10-02 06:21:34,1,200,
http://cbr.nature.org.ua/museum.htm,2026-10-02 06:21:34,1,200,
http://cbs.gcn.ua/,2026-10-02 06:21:34,0,,ConnectionError
http://cbs.km.ua/,2026-10-02 06:21:34,1,403,
http://cbs.lviv.ua/,2026-10-02 06:21:34,1,200,
http://cbs.poltava.ua/,2026-10-02 06:21:34,1,200,
http://cbs.ucoz.ua/,2026-10-02 06:21:34,0,,ReadTimeout
http://cbsbook.com.ua/,2026-10-02 06:21:34,1,200,
http://cbspodil.org.ua,2026-10-02 06:21:34,1,200,
http://cbstolstogo.ucoz.ua/,2026-10-02 06:21:34,0,,ReadTimeout
http://ccjournals.eu/ojs/,2026-10-02 06:21:34,0,404,
http://ccl.org.ua/ru,2026-10-02 06:21:34,1,200,
http://cdago.gov.ua/images/chorn2017.pdf,2026-10-02 06:21:34,0,,ConnectionError
http://cdago.gov.ua/index.php?option=com_content&view=article&id=39&Itemid=24,2026-10-02 06:21:34,0,,ConnectionError
http://cdut-frunzenskiy.edu.kh.ua/,2026-10-02 06:21:34,0,,ConnectTimeout
http://cdut-kominternovskiy.edu.kh.ua/,2026-10-02 06:21:34,0,,ConnectTimeout
http://cdut2.edu.kh.ua/,2026-10-02 06:21:34,0,,ConnectTimeout
http://cdut5.kh.sch.in.ua/,2026-10-02 06:21:34,0,,ConnectTimeout
http://cdutkonotop.in.ua,2026-10-02 06:21:34,0,,ConnectionError
http://cdutks.ucoz.net/,2026-10-02 06:21:34,1,200,
http://cemetery-blago.church.ua/,2026-10-02 06:21:34,1,403,
http://centrturizmu.zp.ua/,2026-10-02 06:21:34,1,200,
http://cerkovnikolay.ucoz.ru/,2026-10-02 06:21:34,1,200,
http://cerkovnoe.church.ua/,2026-10-02 06:21:34,1,403,
http://cgbmgorkyi.blogspot.com/,2026-10-02 06:21:34,1,429,
http://cgntb.dp.ua/,2026-10-02 06:21:34,1,200,
http://chaplynka-rbtdu.ks.sch.in.ua/,2026-10-02 06:21:34,0,,ConnectTimeout
http://chartoriysk-mon.church.ua/,2026-10-02 06:21:34,1,403,
http://chasopysnmau.com.ua/,2026-10-02 06:21:34,1,200,
http://chdkt.cv.ua/,2026-10-02 06:21:34,1,200,
http://chechelnyk-mon.church.ua/,2026-10-02 06:21:34,1,403,
http://chemistry.dnu.dp.ua/,2026-10-02 06:21:34,1,200,
http://cherkassy-mon.church.ua,2026-10-02 06:21:34,1,403,
http://chernivtsi-mon.church.ua,2026-10-02 06:21:34,1,403,
http://chernovtsy-mon.church.ua,2026-10-02 06:21:34,1,403,
http://chervonnoe-mon.church.ua/,2026-10-02 06:21:34,1,403,
http://chic.cv.ua/,2026-10-02 06:21:34,1,403,
http://chidadeevo-mon.church.ua/,2026-10-02 06:21:34,1,403,
http://chigirin-mon.church.ua,2026-10-02 06:21:34,1,403,
http://chigirinzapovidnyk.org.ua,2026-10-02 06:21:34,1,200,
http://chigirinzapovidnyk.org.ua/index.php,2026-10-02 06:21:34,1,200,
http://chigirinzapovidnyk.org.ua/index.php?option=com_content&view=article&id=83:2012-02-27-14-34-06&catid=62:2012-02-09-08-33-39&Itemid=86,2026-10-02 06:21:34,1,200,
http://childlibrary.donetsk.ua,2026-10-02 06:21:34,1,200,
http://childrenbiblioteks.blogspot.com/,2026-10-02 06:21:34,1,429,
http://childrenkinofest.com/,2026-10-02 06:21:34,1,200,
http://chm.onu.edu.ua,2026-10-02 06:21:34,1,200,
http://chnpu.edu.ua/faculties/physical-faculty,2026-10-02 06:21:34,0,404,
http://chobd.ck.ua/index.php/,2026-10-02 06:21:34,1,200,
http://chornobylmuseum.kiev.ua/,2026-10-02 06:21:34,1,200,
http://chtdum.if.ua/,2026-10-02 06:21:34,1,200,
http://chtei-knteu.cv.ua/ua/index/,2026-10-02 06:21:34,1,200,
http://chuguiv-bdut.edu.kh.ua/,2026-10-02 06:21:34,0,,ConnectTimeout
http://church-viktor.org/,2026-10-02 06:21:34,1,200,
http://chyhyrynlib.ucoz.ua/,2026-10-02 06:21:34,1,200,
http://chytanka.com.ua/,2026-10-02 06:21:34,1,200,
http://circus.internet.zp.ua/,2026-10-02 06:21:34,1,401,
http://cirk.dn.ua/,2026-10-02 06:21:34,1,200,
http://citadel-inn.com/,2026-10-02 06:21:34,0,404,
http://city-artschool.edu.kh.ua,2026-10-02 06:21:34,0,,ConnectTimeout
http://ckoblmuz.ck.ua/,2026-10-02 06:21:34,1,200,
http://cnttum.ks.ua/,2026-10-02 06:21:34,1,200,
http://cnttum.rv.ua/,2026-10-02 06:21:34,1,200,
http://collection.litme.com.ua/pobjects/%D0%AF%D0%BD%D0%BE%D0%B2%D1%81%D1%8C%D0%BA%D0%B8%D0%B9%20%D0%AE.,2026-10-02 06:21:34,0,,ConnectTimeout
http://college.cv.ua,2026-10-02 06:21:34,1,200,
http://collegeculture.at.ua/,2026-10-02 06:21:34,1,200,
http://commons.com.ua/en,2026-10-02 06:21:34,1,200,
http://conference.nau.edu.ua/,2026-10-02 06:21:34,1,200,
http://conflib.diit.edu.ua/Conf_univ_Library_2022/index,2026-10-02 06:21:34,1,200,
http://cpcfpu.org.ua,2026-10-02 06:21:34,1,200,
http://cphj.nuph.edu.ua/,2026-10-02 06:21:34,1,200,
http://cpo-mriia.edu.kh.ua/,2026-10-02 06:21:34,0,,ConnectTimeout
http://cpto.com.ua/,2026-10-02 06:21:34,0,,ConnectionError
http://crasnamanastire.at.ua,2026-10-02 06:21:34,0,,ReadTimeout
http://crbdubno.org.ua/,2026-10-02 06:21:34,1,403,
http://crimea.nezabarom.ua,2026-10-02 06:21:34,0,522,
http://csic.com.ua/en/about-the-journal,2026-10-02 06:21:34,1,200,
http://ctdu.pp.ua/,2026-10-02 06:21:34,1,202,
http://ctdug.lviv.ua/,2026-10-02 06:21:34,1,200,
http://culture-art-knukim.pp.ua/,2026-10-02 06:21:34,1,200,
http://culture-lutsk.org.ua/,2026-10-02 06:21:34,1,200,
http://culture.if.ua/,2026-10-02 06:21:34,1,200,
http://culture.pp.ua/,2026-10-02 06:21:34,0,,ConnectionError
http://culture.suspilne.media/,2026-10-02 06:21:34,0,,ConnectTimeout
http://culturelandshaft.wordpress.com/,2026-10-02 06:21:34,1,200,
http://cvpur.cv.ua/,2026-10-02 06:21:34,1,200,
http://dakh.com.ua/,2026-10-02 06:21:34,0,404,
http://dakiro.kr-admin.gov.ua,2026-10-02 06:21:34,1,403,
http://dako.gov.ua/,2026-10-02 06:21:34,1,403,
http://danevka-mon.church.ua,2026-10-02 06:21:34,1,403,
http://dashiv-biblioteka.edukit.vn.ua/,2026-10-02 06:21:34,0,,ConnectTimeout
http://dat-dn.ru/,2026-10-02 06:21:34,1,200,
http://database.jewishheritage.org.ua/en/,2026-10-02 06:21:34,0,500,
http://davio.gov.ua,2026-10-02 06:21:34,1,200,
http://davniyhalych.com.ua/muzei/muzei-istorii-galicha/item/78-muzei-istorii-galicha,2026-10-02 06:21:34,1,403,
http://dax.com.ua/ru/,2026-10-02 06:21:34,0,404,
http://dbmk.dp.ua/,2026-10-02 06:21:34,1,200,
http://dbms.institute,2026-10-02 06:21:34,1,200,
http://dcrb.net/,2026-10-02 06:21:34,0,,ConnectTimeout
http://ddt.at.ua/,2026-10-02 06:21:34,1,200,
http://decerkva.org.ua/,2026-10-02 06:21:34,0,,ConnectTimeout
http://dem-libr.at.ua/,2026-10-02 06:21:34,0,,ReadTimeout
http://derazhnia-crb.edukit.km.ua,2026-10-02 06:21:34,0,,ConnectTimeout
http://dergachi-bdut.edu.kh.ua,2026-10-02 06:21:34,0,,ConnectTimeout
http://dergachi-cbs.edu.kh.ua,2026-10-02 06:21:34,0,,ConnectTimeout
http://dermansky-mon.church.ua,2026-10-02 06:21:34,1,403,
http://design.org.ua,2026-10-02 06:21:34,0,404,
http://designcollege.cv.ua/,2026-10-02 06:21:34,1,200,
http://desyatynniy.org/,2026-10-02 06:21:34,1,200,
http://detimariup1503.wixsite.com/marzoshi2,2026-10-02 06:21:34,1,200,
http://dialog.lviv.ua/pl,2026-10-02 06:21:34,1,200,
http://diasporiana.org.ua/wp-content/uploads/books/2176/file.pdf,2026-10-02 06:21:34,1,200,
http://dic.com.ua/,2026-10-02 06:21:34,1,200,
http://dig-content.com.ua,2026-10-02 06:21:34,0,,ConnectTimeout
http://dihm.pp.ua/,2026-10-02 06:21:34,1,200,
http://dik-library.blogspot.com/,2026-10-02 06:21:34,1,429,
http://dikovka-mon.church.ua/,2026-10-02 06:21:34,1,403,
http://dilovebiblioteka.blogspot.com/,2026-10-02 06:21:34,1,429,
http://discovering.chersonesos.org/,2026-10-02 06:21:34,1,200,
http://divosvit.org/,2026-10-02 06:21:34,1,200,
http://dk-bykova.in.ua/,2026-10-02 06:21:34,1,200,
http://dk.motorsich.com/,2026-10-02 06:21:34,0,,ConnectionError
http://dmh.lviv.ua/,2026-10-02 06:21:34,1,200,
http://dn.archives.gov.ua,2026-10-02 06:21:34,1,403,
http://dnipriany-bibl.edukit.kherson.ua/,2026-10-02 06:21:34,0,,ConnectTimeout
http://dnipro.univ.kiev.ua/,2026-10-02 06:21:34,0,,TooManyRedirects
http://dniprolib.com.ua/,2026-10-02 06:21:34,1,200,
http://dniprovskyi-cdut.edukit.kiev.ua,2026-10-02 06:21:34,0,,ConnectTimeout
http://dnpb.gov.ua/,2026-10-02 06:21:34,1,200,
http://dnpb.gov.ua/ua/,2026-10-02 06:21:34,0,404,
http://dobm.dp.ua/,2026-10-02 06:21:34,1,200,
http://dobr-bib-fil1.ucoz.ua,2026-10-02 06:21:34,1,200,
http://docop.dp.ua/,2026-10-02 06:21:34,1,200,
http://docttdu.net.ua/,2026-10-02 06:21:34,1,200,
http://docudays.org.ua/,2026-10-02 06:21:34,1,200,
http://docudays.ua/,2026-10-02 06:21:34,1,200,
http://document.kdu.edu.ua/monogr.php,2026-10-02 06:21:34,1,403,
http://doksa.onu.edu.ua/,2026-10-02 06:21:34,1,200,
http://dolyna-mon.church.ua/,2026-10-02 06:21:34,1,403,
http://donbass-dance.com,2026-10-02 06:21:34,0,,ConnectionError
http://donetsk.church.ua/,2026-10-02 06:21:34,1,403,
http://donmoltheatre.com/,2026-10-02 06:21:34,0,,ConnectionError
http://donntu.edu.ua/,2026-10-02 06:21:34,1,403,
http://donnuet.education/,2026-10-02 06:21:34,1,403,
http://donskoy-kerch.cerkov.ru/2017/01/09/novaya-chast-xrama/,2026-10-02 06:21:34,1,200,
http://donuep.edu.ua/,2026-10-02 06:21:34,1,200,
http://dou.ua/lenta/articles/it-in-ukraine/,2026-10-02 06:21:34,1,200,
http://dovzhenkofilm.com.ua/,2026-10-02 06:21:34,1,200,
http://dpc.edu.ua/,2026-10-02 06:21:34,1,200,
http://dpl.drohobych.net,2026-10-02 06:21:34,1,200,
http://dptnzkrolev.jimdo.com/,2026-10-02 06:21:34,0,,"SSLError: HTTPSConnectionPool(host='dptnzkrolev.jimdo.com', port=443): Max retries exceeded with url: / (Caused by SSLError(SSLError(1, '[SSL: SSLV3_ALERT_HANDSHAKE_FAILURE] sslv3 alert handshake fail"
http://dr-museum.com/museum/item/9,2026-10-02 06:21:34,0,,ConnectionError
http://drabiv-biblioteka.edukit.ck.ua/,2026-10-02 06:21:34,0,,ConnectTimeout
http://dramteatr.com.ua/,2026-10-02 06:21:34,1,200,
http://drbm.ru/,2026-10-02 06:21:34,0,,ConnectionError
http://drc.usask.ca/projects/pcuh/transformation/eng,2026-10-02 06:21:34,1,200,
http://drohobych-crb.edukit.lviv.ua/,2026-10-02 06:21:34,0,,ConnectTimeout
http://druzhkivka-cdut.edukit.dn.ua/,2026-10-02 06:21:34,0,,ConnectTimeout
http://dspace.bsmu.edu.ua:8080/xmlui/,2026-10-02 06:21:34,1,200,
http://dspace.kntu.kr.ua/,2026-10-02 06:21:34,1,200,
http://dspace.kntu.kr.ua/oai/request,2026-10-02 06:21:34,0,404,
http://dspace.lu.lv/dspace/bitstream/7/395/1/Latviesi_Harkova.pdf,2026-10-02 06:21:34,1,200,
http://dspace.lvduvs.edu.ua,2026-10-02 06:21:34,1,200,
http://dspace.mdu.edu.ua/jspui/handle/123456789/1003,2026-10-02 06:21:34,0,,ReadTimeout
http://dspace.mnau.edu.ua/,2026-10-02 06:21:34,1,200,
http://dspace.nulau.edu.ua,2026-10-02 06:21:34,1,200,
http://dspace.oneu.edu.ua/,2026-10-02 06:21:34,1,200,
http://dspace.onu.edu.ua:8080/,2026-10-02 06:21:34,1,200,
http://dspace.onua.edu.ua/oai/request,2026-10-02 06:21:34,0,404,
http://dspace.pnpu.edu.ua/,2026-10-02 06:21:34,0,502,
http://dspace.puet.edu.ua/,2026-10-02 06:21:34,1,200,
http://dspace.udpu.edu.ua/community-list,2026-10-02 06:21:34,1,403,
http://dspace.udpu.org.ua/,2026-10-02 06:21:34,0,522,
http://dspace.univer.kharkov.ua/oai/request,2026-10-02 06:21:34,0,404,
http://dspace.wunu.edu.ua/,2026-10-02 06:21:34,1,200,
http://dspu.edu.ua,2026-10-02 06:21:34,1,200,
http://dtdu.ucoz.ua/,2026-10-02 06:21:34,0,404,
http://dtkddtu.dp.ua/,2026-10-02 06:21:34,1,200,
http://dubno-museum.do.am/,2026-10-02 06:21:34,1,200,
http://dubove-mon.church.ua/,2026-10-02 06:21:34,1,403,
http://dubrlibr.rv.ua/,2026-10-02 06:21:34,1,200,
http://dubrovka-mon.church.ua/,2026-10-02 06:21:34,1,403,
http://dukonsky-mon.church.ua/,2026-10-02 06:21:34,1,403,
http://dunbibliot.hol.es/,2026-10-02 06:21:34,0,,ConnectionError
http://dut.edu.ua/,2026-10-02 06:21:34,0,,ConnectTimeout
http://dymchuk.com/,2026-10-02 06:21:34,1,200,
http://dytbiblioteka-filiya2.edukit.cn.ua,2026-10-02 06:21:34,0,,ConnectTimeout
http://dytbiblioteka.edukit.kr.ua,2026-10-02 06:21:34,0,,ConnectTimeout
http://dzyga.com,2026-10-02 06:21:34,1,200,
"http://e-apsnim.bsmu.edu.ua/, http://apsnim.bsmu.edu.ua/, http://e-apsnim.bsmu.edu.ua/, http://apsnim.bsmu.edu.ua/",2026-10-02 06:21:34,0,404,
http://e-u.in.ua/ua/,2026-10-02 06:21:34,1,200,
http://ea.org.ua,2026-10-02 06:21:34,1,200,
http://eadnurt.diit.edu.ua,2026-10-02 06:21:34,1,403,
http://echas.eenu.edu.ua/,2026-10-02 06:21:34,0,,ConnectionError
http://ecocentr.edukit.te.ua,2026-10-02 06:21:34,0,,ConnectTimeout
http://ecolog.zp.ua/,2026-10-02 06:21:34,0,,ConnectionError
http://ecology.dp.ua/index.php/eco,2026-10-02 06:21:34,1,403,
http://educom.org.ua/,2026-10-02 06:21:34,1,200,
http://ee.zntu.edu.ua/,2026-10-02 06:21:34,1,200,
http://ee.zntu.edu.ua/index.php/1607-6761/oai,2026-10-02 06:21:34,1,200,
http://eee.khpi.edu.ua/,2026-10-02 06:21:34,1,200,
http://eef.org.ua/en,2026-10-02 06:21:34,1,200,
http://eehb.dspu.edu.ua/article/view/246900,2026-10-02 06:21:34,1,200,
http://eehb.dspu.edu.ua/index,2026-10-02 06:21:34,1,200,
http://eehb.dspu.edu.ua/issue/archive,2026-10-02 06:21:34,1,200,
http://eejp.univer.kharkov.ua,2026-10-02 06:21:34,0,,ConnectTimeout
http://ei-journal.com,2026-10-02 06:21:34,1,403,
http://eie.khpi.edu.ua,2026-10-02 06:21:34,1,200,
http://eir.zntu.edu.ua/handle/123456789/26,2026-10-02 06:21:34,1,200,
"http://ejournal.diit.edu.ua:81/ojs/index.php/AVFD, http://ampr.diit.edu.ua/, http://ejournal.diit.edu.ua:81/ojs/index.php/AVFD, http://ampr.diit.edu.ua/",2026-10-02 06:21:34,0,,ConnectionError
http://ejsit-journal.com/,2026-10-02 06:21:34,0,,ConnectTimeout
http://ek.nlu.edu.ua/,2026-10-02 06:21:34,1,200,
http://ekhsuir.kspu.edu/,2026-10-02 06:21:34,1,200,
http://ekmair.ukma.edu.ua/?locale-attribute=uk,2026-10-02 06:21:34,1,200,
http://ela.kpi.ua/oai/request,2026-10-02 06:21:34,0,,ConnectTimeout
http://elar.fizmat.tnpu.edu.ua/,2026-10-02 06:21:34,0,,ConnectTimeout
http://elar.khnu.km.ua/jspui/?locale=uk,2026-10-02 06:21:34,0,404,
http://elar.nung.edu.ua/,2026-10-02 06:21:34,1,200,
http://elar.uspu.ru/,2026-10-02 06:21:34,0,,ConnectTimeout
http://elc.kpi.ua,2026-10-02 06:21:34,1,200,
http://elib.gnpbu.ru/,2026-10-02 06:21:34,1,200,
http://elisavetamonastir.church.ua/,2026-10-02 06:21:34,1,403,
http://elitconf.sumdu.edu.ua/index.php/index/index/oai,2026-10-02 06:21:34,0,404,
http://en.chnu.edu.ua/,2026-10-02 06:21:34,1,200,
http://en.fpri.kiev.ua,2026-10-02 06:21:34,1,200,
http://en.kul.kiev.ua/,2026-10-02 06:21:34,1,200,
http://en.museum.if.ua/,2026-10-02 06:21:34,1,200,
http://en.uartlib.org,2026-10-02 06:21:34,1,200,
http://en.ufsf.com.ua/,2026-10-02 06:21:34,0,,ConnectionError
http://ena.lp.edu.ua:8080/,2026-10-02 06:21:34,0,,ConnectTimeout
http://encyclopedia.kiev.ua,2026-10-02 06:21:34,1,200,
http://encyclosights.com/?ln=3,2026-10-02 06:21:34,1,200,
http://english.europewb.org.ua,2026-10-02 06:21:34,1,200,
http://ep3.nuwm.edu.ua/,2026-10-02 06:21:34,1,200,
http://eparhia-uman.org.ua/,2026-10-02 06:21:34,1,200,
http://eparhia.dp.ua/,2026-10-02 06:21:34,1,200,
http://eparhia.od.ua/,2026-10-02 06:21:34,0,,ConnectionError
http://eparhiya.org.ua/,2026-10-02 06:21:34,0,,ConnectTimeout
http://ephsheir.phdpu.edu.ua/xmlui/,2026-10-02 06:21:34,0,,ConnectionError
http://epkznu.com/,2026-10-02 06:21:34,1,200,
http://eprints.cdu.edu.ua/,2026-10-02 06:21:34,1,200,
http://eprints.cdu.edu.ua/514/1/%D0%BC%D0%BE%D0%BD%D0%BE%D0%B3%EF%BF%BD%2580%D0%B0%EF%BF%BD%2584%EF%BF%BD%2596%EF%BF%BD%258F%202.pdf,2026-10-02 06:21:34,1,200,
http://eprints.kname.edu.ua/,2026-10-02 06:21:34,1,200,
http://eprints.mdpu.org.ua/view/divisions/,2026-10-02 06:21:34,1,200,
http://eprints.zu.edu.ua/view/year/,2026-10-02 06:21:34,1,200,
http://er.chdtu.edu.ua/,2026-10-02 06:21:34,1,403,
http://er.nau.edu.ua/,2026-10-02 06:21:34,1,200,
http://escriptorium.univer.kharkov.ua/,2026-10-02 06:21:34,1,200,
http://escriptorium.univer.kharkov.ua/handle/1237075002/1281,2026-10-02 06:21:34,1,200,
http://escriptorium.univer.kharkov.ua/handle/1237075002/3,2026-10-02 06:21:34,1,200,
http://escriptorium.univer.kharkov.ua/handle/1237075002/4,2026-10-02 06:21:34,1,200,
http://escriptorium.univer.kharkov.ua/handle/1237075002/4066,2026-10-02 06:21:34,1,200,
http://escriptorium.univer.kharkov.ua/handle/1237075002/4284,2026-10-02 06:21:34,1,200,
http://escriptorium.univer.kharkov.ua/handle/1237075002/6,2026-10-02 06:21:34,1,200,
http://escriptorium.univer.kharkov.ua/handle/1237075002/7,2026-10-02 06:21:34,1,200,
http://escriptorium.univer.kharkov.ua/handle/1237075002/8,2026-10-02 06:21:34,1,200,
http://escriptorium.univer.kharkov.ua/handle/1237075002/9,2026-10-02 06:21:34,1,200,
http://escriptorium.univer.kharkov.ua/handle/1237075002/958,2026-10-02 06:21:34,1,200,
http://escriptorium.univer.kharkov.ua/handle/1237075002/9753,2026-10-02 06:21:34,1,200,
http://escriptorium.univer.kharkov.ua/oai/request,2026-10-02 06:21:34,0,404,
http://espu.org.ua,2026-10-02 06:21:34,1,403,
http://ethnocrimea.ru/,2026-10-02 06:21:34,1,200,
http://ethnology.lviv.ua,2026-10-02 06:21:34,1,200,
http://ethnomusic.com.ua/,2026-10-02 06:21:34,1,200,
http://ethnomusicology.com.ua/,2026-10-02 06:21:34,1,200,
http://eu-jr.eu/sciencerise,2026-10-02 06:21:34,0,404,
http://eubam.org,2026-10-02 06:21:34,1,200,SSLError (responded without certificate verification)
http://euea-energyagency.org/en,2026-10-02 06:21:34,1,200,
http://eurodev.duan.edu.ua/,2026-10-02 06:21:34,1,200,
http://eustudies.history.knu.ua/,2026-10-02 06:21:34,1,200,
http://ev.fmm.kpi.ua,2026-10-02 06:21:34,1,200,
http://evrey.com.ua/ru,2026-10-02 06:21:34,0,,ConnectionError
http://exlibris.org.ua,2026-10-02 06:21:34,1,200,
http://exp21.com.ua/,2026-10-02 06:21:34,0,,ConnectionError
http://eztuir.ztu.edu.ua/,2026-10-02 06:21:34,1,200,
http://faks.kpi.ua/,2026-10-02 06:21:34,0,,ConnectionError
http://fasova-mon.church.ua/,2026-10-02 06:21:34,1,403,
http://feldmanmuseum.org/,2026-10-02 06:21:34,0,,ConnectionError
http://feodor.church.ua/,2026-10-02 06:21:34,1,403,
http://feodor.kiev.ua/,2026-10-02 06:21:34,1,200,
http://feodosiia.church.ua/,2026-10-02 06:21:34,1,403,
http://feofaniya.kiev.ua,2026-10-02 06:21:34,1,200,
http://fest-mg.in.ua/,2026-10-02 06:21:34,0,522,
http://fie.onaft.edu.ua,2026-10-02 06:21:34,0,,ConnectionError
http://fil.nlu.edu.ua/user/setLocale/uk_UA?source=%2F,2026-10-02 06:21:34,1,200,
http://filarm.vn.ua/,2026-10-02 06:21:34,1,200,
http://filarmonia.dn.ua/,2026-10-02 06:21:34,1,200,
http://filarmoniya.ck.ua/,2026-10-02 06:21:34,1,200,
http://filminstitute.org.ua,2026-10-02 06:21:34,1,200,
http://firefliesshadow.com/,2026-10-02 06:21:34,0,,ConnectionError
http://fizmatsspu.sumy.ua,2026-10-02 06:21:34,1,200,
http://forlan.org.ua,2026-10-02 06:21:34,1,200,
http://frankolive.wordpress.com/,2026-10-02 06:21:34,1,200,
http://fru.ua/ua,2026-10-02 06:21:34,1,200,
http://galaykovtsy-mon.church.ua/,2026-10-02 06:21:34,1,403,
http://galitsa-mon.church.ua,2026-10-02 06:21:34,1,403,
http://galushkivka.com/,2026-10-02 06:21:34,1,200,
http://garden.gov.ua,2026-10-02 06:21:34,0,,ConnectTimeout
http://garden.onu.edu.ua,2026-10-02 06:21:34,1,200,
http://gasprinskylibrary.ru/,2026-10-02 06:21:34,1,200,
http://gd-biblioteka.do.am/,2026-10-02 06:21:34,1,200,
http://gender.at.ua/,2026-10-02 06:21:34,0,,ReadTimeout
http://geolvisnyk.univ.kiev.ua/,2026-10-02 06:21:34,1,200,
http://georgievsky-mon.church.ua/,2026-10-02 06:21:34,1,403,
http://georgmonastery.at.ua,2026-10-02 06:21:34,0,,ReadTimeout
http://geovisnsnu.files.wordpress.com/,2026-10-02 06:21:34,0,404,
http://gileya.org/,2026-10-02 06:21:34,1,200,
http://glierinstitute.org/,2026-10-02 06:21:34,0,409,
http://glinnoe-mon.church.ua,2026-10-02 06:21:34,1,403,
http://glmed.org.ua/,2026-10-02 06:21:34,1,200,
http://glukhivlibrary.at.ua/,2026-10-02 06:21:34,1,200,
http://glynskaya-pustyn.church.ua,2026-10-02 06:21:34,1,403,
http://gntn.kr.ua/,2026-10-02 06:21:34,0,,ConnectTimeout
http://gogol-museum.org/,2026-10-02 06:21:34,1,200,
http://golden-lion.com.ua/,2026-10-02 06:21:34,1,200,
http://golos-obitely.prihod.ru,2026-10-02 06:21:34,1,200,
http://goloseevo.com.ua/,2026-10-02 06:21:34,1,200,
http://golovchintsy-mon.church.ua,2026-10-02 06:21:34,1,403,
http://golubi-mon.church.ua,2026-10-02 06:21:34,1,403,
http://gordiy.zp.ua/,2026-10-02 06:21:34,1,200,
http://gorlovka-eparhia.com.ua/,2026-10-02 06:21:34,0,,ReadTimeout
http://gorod.dp.ua/,2026-10-02 06:21:34,1,403,
http://gorodilovo-mon.church.ua/,2026-10-02 06:21:34,1,403,
http://gorodishche-mon.church.ua,2026-10-02 06:21:34,1,403,
http://gorodnia-cdut.edukit.cn.ua,2026-10-02 06:21:34,0,,ConnectTimeout
http://gorodnia-dkz.edukit.cn.ua,2026-10-02 06:21:34,0,,ConnectTimeout
http://goryanka-mon.church.ua/,2026-10-02 06:21:34,1,403,
http://goschakit.at.ua/,2026-10-02 06:21:34,0,,ReadTimeout
http://goshcha-mon.church.ua,2026-10-02 06:21:34,1,403,
http://gprystan-crb.edukit.kherson.ua,2026-10-02 06:21:34,0,,ConnectTimeout
http://graffitizone.kiev.ua/,2026-10-02 06:21:34,1,200,
http://grani.org.ua,2026-10-02 06:21:34,1,200,
http://greentheatre.com.ua/,2026-10-02 06:21:34,1,200,
http://grekovka.com.ua,2026-10-02 06:21:34,1,200,
http://grynyov.art/,2026-10-02 06:21:34,1,200,
http://grytsiv-dytbiblio.edukit.km.ua/,2026-10-02 06:21:34,0,,ConnectTimeout
http://gulgorod.com/,2026-10-02 06:21:34,1,200,
http://gurzufmuseum.com/,2026-10-02 06:21:34,1,200,
http://gustyn-mon.church.ua,2026-10-02 06:21:34,1,403,
http://hamaliyivka-mon.church.ua,2026-10-02 06:21:34,1,403,
http://handvorec.ru,2026-10-02 06:21:34,1,200,
http://hatob.com.ua/,2026-10-02 06:21:34,1,200,
http://hatob.com.ua/ukr/,2026-10-02 06:21:34,1,200,
http://hdauinp.org.ua,2026-10-02 06:21:34,1,200,
"http://hdauinp.org.ua/index.php/en/
http://hdauinp.org.ua/index.php/ua/",2026-10-02 06:21:34,0,404,
http://hdbhtt.com.ua/,2026-10-02 06:21:34,1,200,
http://heraldchem.onu.edu.ua/,2026-10-02 06:21:34,1,200,
http://hero.izmail-city.com/muzei/museum.html,2026-10-02 06:21:34,1,200,
http://hfcodessa.org,2026-10-02 06:21:34,1,200,
http://hirurgiya.com.ua,2026-10-02 06:21:34,1,403,
http://histans.com/JournALL/jittia/jittia_2010_2_1/jittia_2010_2_1.pdf,2026-10-02 06:21:34,0,,ConnectTimeout
http://historians.in.ua,2026-10-02 06:21:34,1,200,
http://history-malyn.in.ua,2026-10-02 06:21:34,0,,ConnectionError
http://history-pages.kpi.ua/,2026-10-02 06:21:34,0,,ConnectionError
http://history.franko.lviv.ua/,2026-10-02 06:21:34,0,,ConnectTimeout
http://history.karazin.ua/nauka.html,2026-10-02 06:21:34,1,200,
http://history.org.ua,2026-10-02 06:21:34,1,200,
http://history.org.ua/uk,2026-10-02 06:21:34,1,200,
"http://historypages.kpi.ua/, http://history-pages.kpi.ua/, http://historypages.kpi.ua/, http://history-pages.kpi.ua/",2026-10-02 06:21:34,0,404,
http://histpol.pl.ua/,2026-10-02 06:21:34,1,200,
http://hm-library.com.ua/,2026-10-02 06:21:34,1,200,
http://hmu.km.ua/,2026-10-02 06:21:34,0,,ConnectTimeout
http://hnlib.vn.ua/,2026-10-02 06:21:34,1,200,
http://holocaustmuseum.kharkov.ua/,2026-10-02 06:21:34,1,200,
http://homezoo.com.ua/,2026-10-02 06:21:34,1,403,
http://horenka-mon.church.ua/,2026-10-02 06:21:34,1,403,
http://horodne-mon.church.ua/,2026-10-02 06:21:34,1,403,
http://horodnica.ortox.ru/,2026-10-02 06:21:34,1,200,
http://horodysche-crb.edukit.ck.ua/,2026-10-02 06:21:34,0,,ConnectTimeout
http://horoshee-mon.church.ua/,2026-10-02 06:21:34,1,403,
http://hosted.sacura.net/museum/,2026-10-02 06:21:34,0,,ConnectionError
http://hotyn-mon.church.ua,2026-10-02 06:21:34,1,403,
http://hramkiprianaiiustinii.narod.ru/,2026-10-02 06:21:34,1,200,
http://hrampm.org/,2026-10-02 06:21:34,1,200,
http://hrushevsky.nbuv.gov.ua/,2026-10-02 06:21:34,1,200,
http://hstudies-univ.kiev.ua/,2026-10-02 06:21:34,0,,ConnectionError
http://hudkult.mari.kiev.ua/,2026-10-02 06:21:34,1,403,
http://hutirbuda.com,2026-10-02 06:21:34,1,200,
http://i-soc.com.ua/ukr/index.php,2026-10-02 06:21:34,1,200,
http://ibc-naas.com/,2026-10-02 06:21:34,1,200,
http://ibc-uaas.at.ua/,2026-10-02 06:21:34,1,200,
http://ibhb.chnu.edu.ua,2026-10-02 06:21:34,1,200,
http://icaco.org/,2026-10-02 06:21:34,1,200,
http://ichistory.org.ua/,2026-10-02 06:21:34,1,403,
http://ichurch.com.ua/,2026-10-02 06:21:34,1,200,
http://idvamnu.com.ua/,2026-10-02 06:21:34,1,200,
http://if.archives.gov.ua/,2026-10-02 06:21:34,1,403,
http://ifds.org.ua/main.html,2026-10-02 06:21:34,0,,ConnectionError
http://iitlt.gov.ua/,2026-10-02 06:21:34,0,,ConnectionError
http://ikm2002.narod.ru/,2026-10-02 06:21:34,1,200,
http://il.kubg.edu.ua/,2026-10-02 06:21:34,0,,ConnectionError
http://iliya-monastery.org,2026-10-02 06:21:34,0,,"SSLError: HTTPSConnectionPool(host='iliya-monastery.org', port=443): Max retries exceeded with url: / (Caused by SSLError(SSLError(1, '[SSL: TLSV1_ALERT_INTERNAL_ERROR] tlsv1 alert internal error (_ss"
http://iliya-monastery.org/blog/,2026-10-02 06:21:34,0,,"SSLError: HTTPSConnectionPool(host='iliya-monastery.org', port=443): Max retries exceeded with url: /blog/ (Caused by SSLError(SSLError(1, '[SSL: TLSV1_ALERT_INTERNAL_ERROR] tlsv1 alert internal error"
http://illi-det-biblioteka.blogspot.com/,2026-10-02 06:21:34,1,429,
http://ilurat.spbu.ru/content/index.htm,2026-10-02 06:21:34,0,410,
http://imiamn.org.ua/,2026-10-02 06:21:34,1,200,
http://imm-mmi.kpi.ua/proc/index.php/wissn087/oai,2026-10-02 06:21:34,0,404,
http://immh.kiev.ua/,2026-10-02 06:21:34,1,200,
http://imsu-zakarpattja.com/,2026-10-02 06:21:34,1,200,
http://imsu-zhytomyr.com/,2026-10-02 06:21:34,1,200,
http://incognita.day.kiev.ua/,2026-10-02 06:21:34,0,523,
http://inephrology.kiev.ua/,2026-10-02 06:21:34,1,200,
http://infiz.dp.ua/,2026-10-02 06:21:34,1,200,
http://infotech-soccult.knukim.edu.ua/,2026-10-02 06:21:34,1,200,
http://inkerman-mon.church.ua/,2026-10-02 06:21:34,1,403,
http://inneco.org/,2026-10-02 06:21:34,1,200,
http://insight.journal.kspu.edu/,2026-10-02 06:21:34,1,200,
http://inter.kpi.ua/,2026-10-02 06:21:34,1,200,
http://international-relations.knukim.edu.ua/,2026-10-02 06:21:34,1,200,
http://iona.kiev.ua/,2026-10-02 06:21:34,1,200,
http://iosifovsky-mon.church.ua/,2026-10-02 06:21:34,1,403,
http://ipag-kiev.org.ua/,2026-10-02 06:21:34,1,200,
http://ipkotlyarevsky.narod.ru/,2026-10-02 06:21:34,1,200,
http://ipkotlyarevsky.narod.ru/MuzKotlru5.htm,2026-10-02 06:21:34,1,200,
http://ipmgu.dn.ua,2026-10-02 06:21:34,1,200,
http://ipmgu.dn.ua/index.php/mks/mks-bibliotek,2026-10-02 06:21:34,1,200,
http://ir.duan.edu.ua/,2026-10-02 06:21:34,1,200,
http://ir.nmu.org.ua/,2026-10-02 06:21:34,1,200,
http://ir.stu.cn.ua/browse?type=dateissued,2026-10-02 06:21:34,1,200,SSLError (responded without certificate verification)
http://ir.znau.edu.ua/,2026-10-02 06:21:34,0,,ConnectionError
http://irbis-nbuv.gov.ua/cgi-bin/irbis_img/cgiirbis_64.exe?C21COM=F&I21DBN=GAK&P21DBN=GAK&S21FMT=&S21ALL=&Z21ID=,2026-10-02 06:21:34,1,403,
http://irbis-nbuv.gov.ua/cgi-bin/irbis_img/cgiirbis_64.exe?Z21ID=&I21DBN=IMAGE&P21DBN=IMAGE&S21STN=1&S21REF=10&S21FMT=fullwebr&C21COM=S&S21CNR=1&S21P01=0&S21P02=0&S21P03=KMK=&S21COLORTERMS=0&S21STR=028,2026-10-02 06:21:34,1,403,
http://irbis-nbuv.gov.ua/cgi-bin/irbis_img/cgiirbis_64.exe?Z21ID=&I21DBN=IMAGE&P21DBN=IMAGE&S21STN=1&S21REF=10&S21FMT=fullwebr&C21COM=S&S21CNR=1&S21P01=0&S21P02=0&S21P03=KMK=&S21COLORTERMS=0&S21STR=031,2026-10-02 06:21:34,1,403,
http://irbis-nbuv.gov.ua/cgi-bin/irbis_img/cgiirbis_64.exe?Z21ID=&I21DBN=IMAGE&P21DBN=IMAGE&S21STN=1&S21REF=10&S21FMT=fullwebr&C21COM=S&S21CNR=1&S21P01=0&S21P02=0&S21P03=KMK=&S21COLORTERMS=0&S21STR=033,2026-10-02 06:21:34,1,403,
http://irbis-nbuv.gov.ua/cgi-bin/irbis_ir/cgiirbis_64.exe?S21CNR=&S21STN=1&S21REF=2&C21COM=S&I21DBN=NAV&P21DBN=ELIB&S21All=%3C.%3EID=col0001455%3C.%3E&S21FMT=online_col&S21COLORTERMS=0,2026-10-02 06:21:34,1,403,
http://irbis-nbuv.gov.ua/cgi-bin/irbis_ir/cgiirbis_64.exe?S21CNR=&S21STN=1&S21REF=2&C21COM=S&I21DBN=NAV&P21DBN=ELIB&S21All=%3C.%3EID=col0001456%3C.%3E&S21FMT=online_col&S21COLORTERMS=0,2026-10-02 06:21:34,1,403,
http://irbis-nbuv.gov.ua/cgi-bin/irbis_ir/cgiirbis_64.exe?S21CNR=&S21STN=1&S21REF=2&C21COM=S&I21DBN=NAV&P21DBN=ELIB&S21All=%3C.%3EID=col0001457%3C.%3E&S21FMT=online_col&S21COLORTERMS=0,2026-10-02 06:21:34,1,403,
http://irbis-nbuv.gov.ua/cgi-bin/irbis_ir/cgiirbis_64.exe?S21CNR=&S21STN=1&S21REF=2&C21COM=S&I21DBN=NAV&P21DBN=ELIB&S21All=%3C.%3EID=col0001458%3C.%3E&S21FMT=online_col&S21COLORTERMS=0,2026-10-02 06:21:34,1,403,
http://irbis-nbuv.gov.ua/cgi-bin/irbis_ir/cgiirbis_64.exe?S21CNR=&S21STN=1&S21REF=2&C21COM=S&I21DBN=NAV&P21DBN=ELIB&S21All=%3C.%3EID=col0001459%3C.%3E&S21FMT=online_col&S21COLORTERMS=0,2026-10-02 06:21:34,1,403,
http://irbis-nbuv.gov.ua/cgi-bin/irbis_ir/cgiirbis_64.exe?S21CNR=&S21STN=1&S21REF=2&C21COM=S&I21DBN=NAV&P21DBN=ELIB&S21All=%3C.%3EID=col0001460%3C.%3E&S21FMT=online_col&S21COLORTERMS=0,2026-10-02 06:21:34,1,403,
http://irbis-nbuv.gov.ua/cgi-bin/irbis_ir/cgiirbis_64.exe?S21CNR=&S21STN=1&S21REF=2&C21COM=S&I21DBN=NAV&P21DBN=ELIB&S21All=%3C.%3EID=col0001461%3C.%3E&S21FMT=online_col&S21COLORTERMS=0,2026-10-02 06:21:34,1,403,
http://irbis-nbuv.gov.ua/cgi-bin/irbis_ir/cgiirbis_64.exe?S21CNR=&S21STN=1&S21REF=2&C21COM=S&I21DBN=NAV&P21DBN=ELIB&S21All=%3C.%3EID=col0001462%3C.%3E&S21FMT=online_col&S21COLORTERMS=0,2026-10-02 06:21:34,1,403,
http://irbis-nbuv.gov.ua/cgi-bin/irbis_ir/cgiirbis_64.exe?S21CNR=&S21STN=1&S21REF=2&C21COM=S&I21DBN=NAV&P21DBN=ELIB&S21All=%3C.%3EID=col0001463%3C.%3E&S21FMT=online_col&S21COLORTERMS=0,2026-10-02 06:21:34,1,403,
http://irbis-nbuv.gov.ua/cgi-bin/irbis_ir/cgiirbis_64.exe?S21CNR=&S21STN=1&S21REF=2&C21COM=S&I21DBN=NAV&P21DBN=ELIB&S21All=%3C.%3EID=col0001464%3C.%3E&S21FMT=online_col&S21COLORTERMS=0,2026-10-02 06:21:34,1,403,
http://irbis-nbuv.gov.ua/cgi-bin/irbis_ir/cgiirbis_64.exe?S21CNR=&S21STN=1&S21REF=2&C21COM=S&I21DBN=NAV&P21DBN=ELIB&S21All=%3C.%3EID=col0001466%3C.%3E&S21FMT=online_col&S21COLORTERMS=0,2026-10-02 06:21:34,1,403,
http://irbis-nbuv.gov.ua/cgi-bin/irbis_ir/cgiirbis_64.exe?S21CNR=&S21STN=1&S21REF=2&C21COM=S&I21DBN=NAV&P21DBN=ELIB&S21All=%3C.%3EID=col0001467%3C.%3E&S21FMT=online_col&S21COLORTERMS=0,2026-10-02 06:21:34,1,429,
http://irbis-nbuv.gov.ua/cgi-bin/irbis_ir/cgiirbis_64.exe?S21CNR=&S21STN=1&S21REF=2&C21COM=S&I21DBN=NAV&P21DBN=ELIB&S21All=%3C.%3EID=col0001469%3C.%3E&S21FMT=online_col&S21COLORTERMS=0,2026-10-02 06:21:34,1,403,
http://irbis-nbuv.gov.ua/cgi-bin/irbis_ir/cgiirbis_64.exe?S21CNR=&S21STN=1&S21REF=2&C21COM=S&I21DBN=NAV&P21DBN=ELIB&S21All=%3C.%3EID=col0001471%3C.%3E&S21FMT=online_col&S21COLORTERMS=0,2026-10-02 06:21:34,1,403,
http://irbis-nbuv.gov.ua/cgi-bin/irbis_ir/cgiirbis_64.exe?S21CNR=&S21STN=1&S21REF=2&C21COM=S&I21DBN=NAV&P21DBN=ELIB&S21All=%3C.%3EID=col0001472%3C.%3E&S21FMT=online_col&S21COLORTERMS=0,2026-10-02 06:21:34,1,403,
http://irbis-nbuv.gov.ua/cgi-bin/irbis_ir/cgiirbis_64.exe?S21CNR=&S21STN=1&S21REF=2&C21COM=S&I21DBN=NAV&P21DBN=ELIB&S21All=%3C.%3EID=col0001473%3C.%3E&S21FMT=online_col&S21COLORTERMS=0,2026-10-02 06:21:34,1,403,
http://irbis-nbuv.gov.ua/cgi-bin/irbis_ir/cgiirbis_64.exe?S21CNR=&S21STN=1&S21REF=2&C21COM=S&I21DBN=NAV&P21DBN=ELIB&S21All=%3C.%3EID=col0001475%3C.%3E&S21FMT=online_col&S21COLORTERMS=0,2026-10-02 06:21:34,1,429,
http://irbis-nbuv.gov.ua/cgi-bin/irbis_ir/cgiirbis_64.exe?S21CNR=&S21STN=1&S21REF=2&C21COM=S&I21DBN=NAV&P21DBN=ELIB&S21All=%3C.%3EID=col0001476%3C.%3E&S21FMT=online_col&S21COLORTERMS=0,2026-10-02 06:21:34,1,403,
http://irbis-nbuv.gov.ua/cgi-bin/irbis_ir/cgiirbis_64.exe?S21CNR=&S21STN=1&S21REF=2&C21COM=S&I21DBN=NAV&P21DBN=ELIB&S21All=%3C.%3EID=col0001477%3C.%3E&S21FMT=online_col&S21COLORTERMS=0,2026-10-02 06:21:34,1,429,
http://irbis-nbuv.gov.ua/cgi-bin/irbis_ir/cgiirbis_64.exe?S21CNR=&S21STN=1&S21REF=2&C21COM=S&I21DBN=NAV&P21DBN=ELIB&S21All=%3C.%3EID=col0001478%3C.%3E&S21FMT=online_col&S21COLORTERMS=0,2026-10-02 06:21:34,1,403,
http://irbis-nbuv.gov.ua/cgi-bin/irbis_ir/cgiirbis_64.exe?S21CNR=&S21STN=1&S21REF=2&C21COM=S&I21DBN=NAV&P21DBN=ELIB&S21All=%3C.%3EID=col0001480%3C.%3E&S21FMT=online_col&S21COLORTERMS=0,2026-10-02 06:21:34,1,403,
http://irbis-nbuv.gov.ua/cgi-bin/irbis_ir/cgiirbis_64.exe?S21CNR=&S21STN=1&S21REF=2&C21COM=S&I21DBN=NAV&P21DBN=ELIB&S21All=%3C.%3EID=col0001481%3C.%3E&S21FMT=online_col&S21COLORTERMS=0,2026-10-02 06:21:34,1,403,
http://irbis-nbuv.gov.ua/cgi-bin/irbis_ir/cgiirbis_64.exe?S21CNR=&S21STN=1&S21REF=2&C21COM=S&I21DBN=NAV&P21DBN=ELIB&S21All=%3C.%3EID=col0001482%3C.%3E&S21FMT=online_col&S21COLORTERMS=0,2026-10-02 06:21:34,1,403,
http://irbis-nbuv.gov.ua/cgi-bin/irbis_ir/cgiirbis_64.exe?S21CNR=&S21STN=1&S21REF=2&C21COM=S&I21DBN=NAV&P21DBN=ELIB&S21All=%3C.%3EID=col0001483%3C.%3E&S21FMT=online_col&S21COLORTERMS=0,2026-10-02 06:21:34,1,403,
http://irbis-nbuv.gov.ua/cgi-bin/irbis_ir/cgiirbis_64.exe?S21CNR=&S21STN=1&S21REF=2&C21COM=S&I21DBN=NAV&P21DBN=ELIB&S21All=%3C.%3EID=col0001484%3C.%3E&S21FMT=online_col&S21COLORTERMS=0,2026-10-02 06:21:34,1,429,
http://irbis-nbuv.gov.ua/cgi-bin/irbis_ir/cgiirbis_64.exe?S21CNR=&S21STN=1&S21REF=2&C21COM=S&I21DBN=NAV&P21DBN=ELIB&S21All=%3C.%3EID=col0001496%3C.%3E&S21FMT=online_col&S21COLORTERMS=0,2026-10-02 06:21:34,1,403,
http://irbis-nbuv.gov.ua/cgi-bin/irbis_ir/cgiirbis_64.exe?S21CNR=&S21STN=1&S21REF=2&C21COM=S&I21DBN=NAV&P21DBN=ELIB&S21All=%3C.%3EID=col0001497%3C.%3E&S21FMT=online_col&S21COLORTERMS=0,2026-10-02 06:21:34,1,403,
http://irbis-nbuv.gov.ua/cgi-bin/irbis_ir/cgiirbis_64.exe?S21CNR=&S21STN=1&S21REF=2&C21COM=S&I21DBN=NAV&P21DBN=ELIB&S21All=%3C.%3EID=col0001498%3C.%3E&S21FMT=online_col&S21COLORTERMS=0,2026-10-02 06:21:34,1,403,
http://irbis-nbuv.gov.ua/cgi-bin/irbis_ir/cgiirbis_64.exe?S21CNR=&S21STN=1&S21REF=2&C21COM=S&I21DBN=NAV&P21DBN=ELIB&S21All=%3C.%3EID=col0002290%3C.%3E&S21FMT=online_col&S21COLORTERMS=0,2026-10-02 06:21:34,1,403,
http://irbis-nbuv.gov.ua/cgi-bin/irbis_ir/cgiirbis_64.exe?S21CNR=&S21STN=1&S21REF=2&C21COM=S&I21DBN=NAV&P21DBN=ELIB&S21All=%3C.%3EID=pro0001489%3C.%3E&S21FMT=online_pro&S21COLORTERMS=0,2026-10-02 06:21:34,1,403,
http://irbis-nbuv.gov.ua/cgi-bin/irbis_ir/cgiirbis_64.exe?S21CNR=&S21STN=1&S21REF=2&C21COM=S&I21DBN=NAV&P21DBN=ELIB&S21All=%3C.%3EID=pro0001490%3C.%3E&S21FMT=online_pro&S21COLORTERMS=0,2026-10-02 06:21:34,1,403,
http://irbis-nbuv.gov.ua/cgi-bin/irbis_ir/cgiirbis_64.exe?S21CNR=&S21STN=1&S21REF=2&C21COM=S&I21DBN=NAV&P21DBN=ELIB&S21All=%3C.%3EID=pro0001926%3C.%3E&S21FMT=online_pro&S21COLORTERMS=0,2026-10-02 06:21:34,1,403,
http://irbis-nbuv.gov.ua/cgi-bin/irbis_ir/cgiirbis_64.exe?S21CNR=20&S21REF=10&S21STN=1&C21COM=S&I21DBN=ELIB&P21DBN=ELIB&S21All=%3C.%3ECTP=03%3C.%3E&S21FMT=precol&S21SRW=dz&S21SRD=UP,2026-10-02 06:21:34,1,403,
http://irbis-nbuv.gov.ua/cgi-bin/irbis_ir/cgiirbis_64.exe?S21CNR=20&S21REF=10&S21STN=1&C21COM=S&I21DBN=ELIB&P21DBN=ELIB&S21All=%3C.%3ECTP=04%3C.%3E&S21FMT=precol&S21SRW=dz&S21SRD=UP,2026-10-02 06:21:34,1,403,
http://irbis-nbuv.gov.ua/cgi-bin/irbis_ir/cgiirbis_64.exe?S21CNR=20&S21REF=10&S21STN=1&C21COM=S&I21DBN=ELIB&P21DBN=ELIB&S21All=%3C.%3ETPD=01%3C.%3E&S21FMT=preitem&S21SRW=dz&S21SRD=UP,2026-10-02 06:21:34,1,403,
http://irbis-nbuv.gov.ua/cgi-bin/irbis_ir/cgiirbis_64.exe?S21CNR=20&S21REF=10&S21STN=1&C21COM=S&I21DBN=ELIB&P21DBN=ELIB&S21All=%3C.%3ETPD=03%3C.%3E&S21FMT=preitem&S21SRW=dz&S21SRD=UP,2026-10-02 06:21:34,1,403,
http://irbis-nbuv.gov.ua/cgi-bin/irbis_ir/cgiirbis_64.exe?S21CNR=20&S21REF=10&S21STN=1&C21COM=S&I21DBN=ELIB&P21DBN=ELIB&S21All=%3C.%3ETPD=05%3C.%3E&S21FMT=preitem&S21SRW=dz&S21SRD=UP,2026-10-02 06:21:34,1,403,
http://irbis-nbuv.gov.ua/cgi-bin/irbis_ir/cgiirbis_64.exe?S21CNR=20&S21REF=10&S21STN=1&C21COM=S&I21DBN=ELIB&P21DBN=ELIB&S21All=%3C.%3ETPD=06%3C.%3E&S21FMT=preitem&S21SRW=dz&S21SRD=UP,2026-10-02 06:21:34,1,403,
http://irbis-nbuv.gov.ua/cgi-bin/irbis_ir/cgiirbis_64.exe?S21CNR=20&S21REF=10&S21STN=1&C21COM=S&I21DBN=ELIB&P21DBN=ELIB&S21All=%3C.%3ETPD=09%3C.%3E&S21FMT=preitem&S21SRW=dz&S21SRD=UP,2026-10-02 06:21:34,1,429,
http://irbis-nbuv.gov.ua/dlib/coll/col0001468,2026-10-02 06:21:34,1,403,
http://irbis-nbuv.gov.ua/dlib/coll/col0001585,2026-10-02 06:21:34,1,403,
http://irpinculture.org.ua/about/zaklady-kul-tury/istory-ko-krayeznavchy-j-muzej/,2026-10-02 06:21:34,1,200,
http://islamkharkov.org/,2026-10-02 06:21:34,0,,ConnectionError
http://ispas-mon.church.ua,2026-10-02 06:21:34,1,403,
http://ispcjournal.org/,2026-10-02 06:21:34,1,200,
http://ist.zolotonosha.ck.ua/,2026-10-02 06:21:34,1,200,
http://istvolyn.info,2026-10-02 06:21:34,1,200,
http://ivan-kovalenko.info/,2026-10-02 06:21:34,1,429,
http://ivanivka-cdt.ucoz.ua/,2026-10-02 06:21:34,0,,ReadTimeout
http://ivankiv-cbs.edukit.kiev.ua/,2026-10-02 06:21:34,0,,ConnectTimeout
http://ivanovka-mon.church.ua,2026-10-02 06:21:34,1,403,
http://iver-doneck-mon.church.ua/,2026-10-02 06:21:34,1,403,
http://iza-mon.church.ua/,2026-10-02 06:21:34,1,403,
http://izbornyk.org.ua/,2026-10-02 06:21:34,1,200,
http://izcrb.at.ua/,2026-10-02 06:21:34,0,,ReadTimeout
http://izium-cbs.edu.kh.ua,2026-10-02 06:21:34,0,,ConnectTimeout
http://izmcdb.in.ua/,2026-10-02 06:21:34,0,,ConnectionError
http://izrdb.at.ua/,2026-10-02 06:21:34,0,,ReadTimeout
http://izyum-biblioteka.edu.kh.ua/,2026-10-02 06:21:34,0,,ConnectTimeout
http://izyum-mon.church.ua,2026-10-02 06:21:34,1,403,
http://jabotin-mon.church.ua,2026-10-02 06:21:34,1,403,
http://jadvis.org.ua/,2026-10-02 06:21:34,1,200,
http://jeej.wunu.edu.ua/index.php/enjee/index,2026-10-02 06:21:34,1,200,
http://jems.sciview.net/,2026-10-02 06:21:34,1,200,
http://jewishvolyn.com/,2026-10-02 06:21:34,0,,ConnectionError
http://jewua.org/,2026-10-02 06:21:34,1,403,
http://jinrohcircus.com/,2026-10-02 06:21:34,1,200,
http://jnpae.kinr.kiev.ua,2026-10-02 06:21:34,1,200,
http://joseph.org.ua/,2026-10-02 06:21:34,0,,ConnectionError
http://journal-ems.com/index.php/emsj/,2026-10-02 06:21:34,0,404,
http://journal-spqeo.org.ua/,2026-10-02 06:21:34,1,200,
http://journal.iasa.kpi.ua,2026-10-02 06:21:34,1,200,
http://journal.kdpu.edu.ua/,2026-10-02 06:21:34,1,200,
http://journal.kdpu.edu.ua/apd/oai,2026-10-02 06:21:34,1,200,
http://journal.kspu.edu/,2026-10-02 06:21:34,1,200,
http://journal.mmi.kpi.ua/,2026-10-02 06:21:34,1,200,
http://journal.ndiu.org.ua/,2026-10-02 06:21:34,1,200,
http://journal.puet.edu.ua/,2026-10-02 06:21:34,1,200,
http://journal.sops.gov.ua/,2026-10-02 06:21:34,1,200,
"http://journal.sportnauka.org.ua/, http://www.nbuv.gov.ua/articles/nufvsu/, http://journal.sportnauka.org.ua/, http://www.nbuv.gov.ua/articles/nufvsu/",2026-10-02 06:21:34,0,404,
http://journals.hnpu.edu.ua/index.php/literature/oai,2026-10-02 06:21:34,0,,ReadTimeout
http://journals.iapmm.lviv.ua/ojs/index.php/MBSSS/oai,2026-10-02 06:21:34,1,200,
http://journals.iir.kiev.ua/,2026-10-02 06:21:34,0,,ConnectionError
http://journals.nubip.edu.ua/,2026-10-02 06:21:34,1,200,
http://journals.pnu.edu.ua/index.php/aprde,2026-10-02 06:21:34,1,200,
http://journals.ukma.edu.ua/spne,2026-10-02 06:21:34,1,403,
http://journals.uran.ua/,2026-10-02 06:21:34,1,200,
"http://journals.uran.ua/chseg, http://hgj.univer.kharkov.ua, http://journals.uran.ua/chseg, http://hgj.univer.kharkov.ua",2026-10-02 06:21:34,0,404,
http://journals.uran.ua/contextCategories/view/07,2026-10-02 06:21:34,1,200,
http://journals.uran.ua/index.php/2226-0285/oai,2026-10-02 06:21:34,1,200,
http://journals.uran.ua/index.php/2307-0404/oai,2026-10-02 06:21:34,1,200,
http://journals.uran.ua/index.php/2409-0506/oai,2026-10-02 06:21:34,1,200,
http://journals.uran.ua/index.php/2410-3381/oai,2026-10-02 06:21:34,1,200,
http://journals.uran.ua/index.php/wissn035/oai,2026-10-02 06:21:34,0,404,
http://journlib.univ.kiev.ua/,2026-10-02 06:21:34,1,200,
http://jpl.donnu.edu.ua/,2026-10-02 06:21:34,1,200,
http://jpl.donnu.edu.ua/oai,2026-10-02 06:21:34,1,200,
http://jrnl.nau.edu.ua/index.php/go,2026-10-02 06:21:34,1,200,
http://jrnl.nau.edu.ua/index.php/visnik,2026-10-02 06:21:34,1,200,
http://jrnl.nau.edu.ua/index.php/visnik/oai,2026-10-02 06:21:34,1,200,
"http://jsdtl.sciview.net/index.php/jsdtl, http://jsdtl.sciview.net, http://jsdtl.sciview.net/index.php/jsdtl, http://jsdtl.sciview.net",2026-10-02 06:21:34,0,404,
http://jvestnik-politology.donnu.edu.ua/,2026-10-02 06:21:34,1,200,
http://jvestnik-politology.donnu.edu.ua/oai,2026-10-02 06:21:34,1,200,
http://k-o.cbsdarniza.com.ua/,2026-10-02 06:21:34,0,,ConnectionError
http://k-prcbs2009.webnode.ru/,2026-10-02 06:21:34,0,404,
http://ka.ukma.edu.ua/index.php/1995-025X/oai,2026-10-02 06:21:34,1,200,
http://kachanivka.in.ua/,2026-10-02 06:21:34,1,200,
http://kadetka.sumy.ua/,2026-10-02 06:21:34,1,200,
http://kaharlyk-mon.church.ua/,2026-10-02 06:21:34,1,403,
http://kalinkov-mon.church.ua,2026-10-02 06:21:34,1,403,
http://kalinovka-mon.church.ua,2026-10-02 06:21:34,1,403,
http://kalynivka-biblioteka.edukit.vn.ua/,2026-10-02 06:21:34,0,,ConnectTimeout
http://kamianka-crb.edukit.ck.ua/,2026-10-02 06:21:34,0,,ConnectTimeout
http://kamishevaha-mon.church.ua/,2026-10-02 06:21:34,1,403,
http://kaniv-biblioteka.edukit.ck.ua/,2026-10-02 06:21:34,0,,ConnectTimeout
http://kaniv-museum.at.ua/,2026-10-02 06:21:34,0,,ReadTimeout
http://kanivbiosfera.at.ua/,2026-10-02 06:21:34,0,,ReadTimeout
http://karlivka-biblioteka.edu.poltava.ua,2026-10-02 06:21:34,0,,ConnectTimeout
http://karmazynovka-mon.church.ua/,2026-10-02 06:21:34,1,403,
http://kasperovsky-mon.church.ua/,2026-10-02 06:21:34,1,403,
http://katerinopil-biblioteka.edukit.ck.ua/,2026-10-02 06:21:34,0,,ConnectTimeout
http://kazatin-lib.org.ua,2026-10-02 06:21:34,1,403,
http://kazkovahatynka.blogspot.com/,2026-10-02 06:21:34,1,429,
http://kb-school3.do.am,2026-10-02 06:21:34,1,200,
http://kdidpmid.edu.ua/,2026-10-02 06:21:34,1,200,
http://keddau.dp.ua/,2026-10-02 06:21:34,1,200,
http://kelmentsi-lib.blogspot.com/,2026-10-02 06:21:34,1,429,
http://kerchmuseum.ru/,2026-10-02 06:21:34,1,200,
http://kharkiv.church.ua/,2026-10-02 06:21:34,1,403,
http://kharkov.vbelous.net/ukrain/mus-lit.htm,2026-10-02 06:21:34,1,200,
http://kherson-mon.church.ua,2026-10-02 06:21:34,1,403,
http://kherson.archives.gov.ua/,2026-10-02 06:21:34,1,403,
http://khntusg.com.ua/,2026-10-02 06:21:34,0,,ConnectionError
http://kholmovka-mon.church.ua/,2026-10-02 06:21:34,1,403,
http://khonmb.org.ua,2026-10-02 06:21:34,1,200,
http://khorol-crb.edu.poltava.ua/,2026-10-02 06:21:34,0,,ConnectTimeout
http://khoyub.com.ua/,2026-10-02 06:21:34,0,,ConnectTimeout
http://khpc.com.ua/,2026-10-02 06:21:34,1,200,
http://khpg.org,2026-10-02 06:21:34,1,200,
http://khpg.org/ru,2026-10-02 06:21:34,1,200,
http://khram-voskres.cerkov.ru/,2026-10-02 06:21:34,1,200,
http://khrystivska-sb.at.ua/,2026-10-02 06:21:34,0,503,
http://khrystynivka-crb.edukit.ck.ua/,2026-10-02 06:21:34,0,,ConnectTimeout
http://khrystynivka-dytbiblioteka.edukit.ck.ua/,2026-10-02 06:21:34,0,,ConnectTimeout
http://khust-sjun.edukit.uz.ua,2026-10-02 06:21:34,0,,ConnectTimeout
http://kiaf.com.ua/,2026-10-02 06:21:34,1,200,
http://kibit.edu.ua/,2026-10-02 06:21:34,1,200,
http://kicherno-mon.church.ua/,2026-10-02 06:21:34,1,403,
http://kids.dubno-lib.rv.ua/,2026-10-02 06:21:34,1,200,
http://kiev.ukrstat.gov.ua,2026-10-02 06:21:34,0,,ConnectionError
http://kievhesed.org.ua/,2026-10-02 06:21:34,1,200,
http://kinder.mksat.net,2026-10-02 06:21:34,1,200,
http://kino-butterfly.com.ua/cinema.php?sTheater=brovary,2026-10-02 06:21:34,1,403,
http://kinobaza.com.ua,2026-10-02 06:21:34,1,403,
http://kinofest.g-2b.com/,2026-10-02 06:21:34,0,,ConnectionError
http://kinoklub.org.ua,2026-10-02 06:21:34,1,200,
http://kinoukraina.zt.ua/,2026-10-02 06:21:34,1,200,
http://kipdm.com,2026-10-02 06:21:34,1,200,
http://kirgorlib.do.am/,2026-10-02 06:21:34,0,503,
http://kirill-monastery.org.ua/,2026-10-02 06:21:34,1,200,
http://kirillovsky-mon.church.ua/,2026-10-02 06:21:34,1,403,
http://kitaevo.church.ua/,2026-10-02 06:21:34,1,403,
http://kitaevo.kv.in.ua/,2026-10-02 06:21:34,0,,ConnectionError
http://kiziltash.org/,2026-10-02 06:21:34,1,200,
http://klanau.kr.ua/,2026-10-02 06:21:34,1,403,
http://klevanlibr.rv.ua/,2026-10-02 06:21:34,1,200,
http://klubivskasb.at.ua/,2026-10-02 06:21:34,0,,ReadTimeout
http://kman.org.ua/,2026-10-02 06:21:34,0,,ConnectTimeout
http://kmhj.ukma.edu.ua/issue/archive,2026-10-02 06:21:34,1,200,
http://kngu.org/ru/news,2026-10-02 06:21:34,1,200,
http://knmau.com.ua/en,2026-10-02 06:21:34,1,200,
http://knugoman.org.ua/ ,2026-10-02 06:21:34,0,404,
http://knukim.edu.ua/wp-content/uploads/2014/04/unesko.pdf,2026-10-02 06:21:34,0,404,
http://kobza.com.ua,2026-10-02 06:21:34,1,429,
http://kobzar.ua,2026-10-02 06:21:34,1,200,
http://kobzari.org.ua,2026-10-02 06:21:34,1,200,
http://kobzarmuseum.at.ua/,2026-10-02 06:21:34,0,,ReadTimeout
http://kodyma-city.narod.ru/statti/muzey.htm,2026-10-02 06:21:34,1,200,
http://kodyma.od.ua/,2026-10-02 06:21:34,1,200,
http://kodyma.od.ua/articles.php,2026-10-02 06:21:34,1,200,
http://kogpa.edu.ua/,2026-10-02 06:21:34,1,200,
http://koktebel.pravorg.ru/,2026-10-02 06:21:34,1,200,
http://kolochava.com/,2026-10-02 06:21:34,1,200,
http://kolochava.com/ua/selo-10-muzeiv/kolochavska-vyzkokolejka.html,2026-10-02 06:21:34,1,200,
http://komish-mon.church.ua/,2026-10-02 06:21:34,1,403,
http://komu.dp.ua/,2026-10-02 06:21:34,1,200,
http://konotop-cmb.sumy.sch.in.ua/,2026-10-02 06:21:34,0,,ConnectTimeout
http://konotop-dshm.edukit.sumy.ua/,2026-10-02 06:21:34,0,,ConnectTimeout
http://konotop-sun.edukit.sumy.ua/,2026-10-02 06:21:34,0,,ConnectTimeout
http://konrad-museum.co.ua/,2026-10-02 06:21:34,0,,ConnectionError
http://konshu.org/,2026-10-02 06:21:34,0,,ConnectTimeout
http://konstantinov-mon.church.ua/,2026-10-02 06:21:34,1,403,
http://koriukivka-crb.edukit.cn.ua/,2026-10-02 06:21:34,0,,ConnectTimeout
http://koronakarpat.com.ua/,2026-10-02 06:21:34,1,200,
http://korosten-cbs.edukit.zt.ua/,2026-10-02 06:21:34,0,,ConnectTimeout
http://korslib.net.ua/,2026-10-02 06:21:34,1,200,
http://korslib.net/,2026-10-02 06:21:34,0,,ConnectionError
http://korsunska-mon.church.ua,2026-10-02 06:21:34,1,403,
http://kosenko.com.ua/,2026-10-02 06:21:34,0,,ConnectionError
http://kosivlibrary.if.ua/,2026-10-02 06:21:34,1,403,
http://kosma-damian.com.ua/,2026-10-02 06:21:34,1,200,
http://kostsyushko.chersonesos.org/,2026-10-02 06:21:34,1,200,
http://kostulivkabiblioteka.blogspot.com/,2026-10-02 06:21:34,1,200,
http://kostyushko.chersonesos.org/,2026-10-02 06:21:34,0,,ConnectionError
http://kotovsk-crb.ucoz.ua/,2026-10-02 06:21:34,1,200,
http://kotovskrcbs.blogspot.com/,2026-10-02 06:21:34,1,429,
http://kotsubinsky.org/,2026-10-02 06:21:34,1,200,
http://kotsubinsky.org/index/0-6,2026-10-02 06:21:34,1,200,
http://kotsubinsky.vn.ua/,2026-10-02 06:21:34,1,200,
http://kovalevka-mon.church.ua/,2026-10-02 06:21:34,1,403,
http://kovelbook.com.ua/,2026-10-02 06:21:34,1,200,
http://kozelets-cbs.edukit.cn.ua/,2026-10-02 06:21:34,0,,ConnectTimeout
http://kozelshchin-mon.church.ua,2026-10-02 06:21:34,1,403,
http://kp-cfi.km.ua/,2026-10-02 06:21:34,1,200,
http://kpik.org.ua/,2026-10-02 06:21:34,1,200,
http://kpkbad.km.ua/,2026-10-02 06:21:34,1,200,
http://kpmu.km.ua/,2026-10-02 06:21:34,1,200,
http://kpnu.edu.ua/opp/,2026-10-02 06:21:34,1,200,
http://kppk.com.ua,2026-10-02 06:21:34,1,200,
http://kpt.sumdu.edu.ua/,2026-10-02 06:21:34,1,200,
http://kraeved.od.ua/,2026-10-02 06:21:34,1,200,
http://kraevedodessa.blogspot.com/,2026-10-02 06:21:34,1,429,
http://kramportal.info/art-museum.html,2026-10-02 06:21:34,1,200,
http://krasniokny-bdut.edukit.od.ua,2026-10-02 06:21:34,0,,ConnectTimeout
http://krasnohrad-biblioteka.edu.kh.ua/,2026-10-02 06:21:34,0,,ConnectTimeout
http://krasnuyderkul.blogspot.com/,2026-10-02 06:21:34,1,429,
http://krasnyy-mak-mon.church.ua/,2026-10-02 06:21:34,1,403,
http://krasylivcrb.at.ua/,2026-10-02 06:21:34,0,503,
http://kremdiaz.com/,2026-10-02 06:21:34,0,,ConnectionError
http://kremen-eparh.org/,2026-10-02 06:21:34,1,200,
http://kremenets-mon.church.ua,2026-10-02 06:21:34,1,403,
http://kremennaya-mon.church.ua/,2026-10-02 06:21:34,1,403,
http://kreshchatik-mon.church.ua/,2026-10-02 06:21:34,1,403,
http://krestpoltava-mon.church.ua,2026-10-02 06:21:34,1,403,
http://krivoy-rog-mon.church.ua/,2026-10-02 06:21:34,1,403,
http://krkutcdut.wixsite.com/krkut-cdut,2026-10-02 06:21:34,1,200,
http://krlibrari.if.ua/,2026-10-02 06:21:34,0,,ConnectionError
http://krmuz.dp.ua/,2026-10-02 06:21:34,0,,ConnectionError
http://krolevets-raybibl.edukit.sumy.ua/,2026-10-02 06:21:34,0,,ConnectTimeout
http://krolevets.com/museum.php,2026-10-02 06:21:34,1,200,
http://krtmuseum.ru/,2026-10-02 06:21:34,1,200,
http://krvo.od.ua/school/lic_evrika/,2026-10-02 06:21:34,0,404,
http://krychevsky-family.opishne-museum.gov.ua/,2026-10-02 06:21:34,0,404,
http://krymsos.com/en,2026-10-02 06:21:34,1,200,
http://ks-rmc-bibl.edukit.kiev.ua,2026-10-02 06:21:34,0,,ConnectTimeout
http://kse.org.ua,2026-10-02 06:21:34,0,,ConnectionError
http://ku-khsac.in.ua/,2026-10-02 06:21:34,1,200,
http://kuaf.kharkov.ua/,2026-10-02 06:21:34,0,,ConnectionError
http://kulivets-mon.church.ua,2026-10-02 06:21:34,1,403,
http://kultura-mih.at.ua/,2026-10-02 06:21:34,0,,ReadTimeout
http://kultura.km.ua/,2026-10-02 06:21:34,1,200,
http://kultura.sm.gov.ua/,2026-10-02 06:21:34,1,403,
http://kulturologiya.rv.ua/,2026-10-02 06:21:34,1,200,
http://kumr.edu.ua/,2026-10-02 06:21:34,1,200,
http://kurulka-biblioteka.edu.kh.ua,2026-10-02 06:21:34,0,,ConnectTimeout
http://kutep.ua/ua,2026-10-02 06:21:34,1,200,
http://kyiv-credo-choir.com/,2026-10-02 06:21:34,0,,ConnectionError
http://kyiv.man.gov.ua,2026-10-02 06:21:34,0,,ConnectionError
http://kyivhistorymuseum.org/,2026-10-02 06:21:34,0,,ConnectionError
http://kyivstones.org,2026-10-02 06:21:34,1,200,
http://kyivtoulouse.univ.kiev.ua/journal/index.php/fruajc/oai,2026-10-02 06:21:34,1,200,
http://kzdcrb2014.blogspot.com/,2026-10-02 06:21:34,1,429,
http://ladyzhyn-mon.church.ua/,2026-10-02 06:21:34,1,403,
http://lapidarium.chersonesos.org/,2026-10-02 06:21:34,1,200,
http://lazar-mon.church.ua/,2026-10-02 06:21:34,1,403,
http://ldolyna-artschool.edukit.sumy.ua,2026-10-02 06:21:34,0,,ConnectTimeout
http://lduvs.edu.ua,2026-10-02 06:21:34,0,,ConnectTimeout
http://lebedin-mon.church.ua,2026-10-02 06:21:34,1,403,
http://lemeshovska-mon.church.ua/,2026-10-02 06:21:34,1,403,
http://leninskiy.lg.ua,2026-10-02 06:21:34,0,,ConnectionError
http://leorda-mon.church.ua,2026-10-02 06:21:34,1,403,
http://lesiaukrainka.crimea.ua/,2026-10-02 06:21:34,1,200,
http://levch.ho.ua/top.html,2026-10-02 06:21:34,0,,ConnectionError
http://leypzig.megakino.com.ua,2026-10-02 06:21:34,0,,ConnectionError
http://lg.archives.gov.ua/,2026-10-02 06:21:34,1,403,
http://lgaki.info/,2026-10-02 06:21:34,1,200,
http://lgket.com/,2026-10-02 06:21:34,1,200,
http://lia.lvivcenter.org/,2026-10-02 06:21:34,1,200,
http://lia.lvivcenter.org/#!/map/,2026-10-02 06:21:34,1,200,
http://lib-dpr.ru/,2026-10-02 06:21:34,0,,ConnectTimeout
http://lib-gw.univ.kiev.ua,2026-10-02 06:21:34,1,200,
http://lib-krm.org/ukr,2026-10-02 06:21:34,1,200,
http://lib-lg.com,2026-10-02 06:21:34,1,200,
http://lib-sed.at.ua/,2026-10-02 06:21:34,0,,ReadTimeout
http://lib.ber.te.ua/,2026-10-02 06:21:34,0,,ConnectTimeout
http://lib.dndz.gov.ua/,2026-10-02 06:21:34,0,,ConnectionError
http://lib.icbge.org.ua/uk/Book_show.php,2026-10-02 06:21:34,1,200,
http://lib.if.ua,2026-10-02 06:21:34,1,200,
http://lib.kdu.edu.ua/uk,2026-10-02 06:21:34,1,403,
http://lib.kh.ua/,2026-10-02 06:21:34,1,200,
http://lib.mnau.edu.ua/,2026-10-02 06:21:34,1,200,
http://lib.npu.edu.ua/,2026-10-02 06:21:34,0,400,SSLError (responded without certificate verification)
http://lib.npu.edu.ua/resursy/fondy-ta-kolektsii,2026-10-02 06:21:34,0,404,SSLError (responded without certificate verification)
http://lib.nuos.edu.ua/,2026-10-02 06:21:34,1,200,
http://lib.pntu.edu.ua/,2026-10-02 06:21:34,1,200,
http://lib.pu.if.ua,2026-10-02 06:21:34,0,,ConnectTimeout
http://lib.puet.edu.ua,2026-10-02 06:21:34,1,200,
http://lib.rada.gov.ua/,2026-10-02 06:21:34,1,200,
http://lib.ru/,2026-10-02 06:21:34,1,200,
http://lib.sowa.com.ua/,2026-10-02 06:21:34,1,200,
http://lib.ukrsd.com.ua,2026-10-02 06:21:34,0,,ConnectTimeout
http://lib.vntu.edu.ua,2026-10-02 06:21:34,1,200,
http://lib.zt.ua/,2026-10-02 06:21:34,1,200,
http://libblog.odmu.edu.ua/,2026-10-02 06:21:34,1,429,
http://libcenter.com,2026-10-02 06:21:34,1,200,
http://libkirova.ru,2026-10-02 06:21:34,1,403,
http://libkor.com.ua/,2026-10-02 06:21:34,1,200,
http://libo.lib.zt.ua/,2026-10-02 06:21:34,1,200,
http://libonu.od.ua,2026-10-02 06:21:34,0,,ConnectionError
http://libr.knmu.edu.ua/,2026-10-02 06:21:34,1,200,
http://libr.rv.ua,2026-10-02 06:21:34,1,200,
http://library-buryn.org/,2026-10-02 06:21:34,0,522,
http://library-ua.at.ua/,2026-10-02 06:21:34,0,,ReadTimeout
http://library.chersonesos.org/,2026-10-02 06:21:34,1,200,
http://library.chersonesos.org/showsection.php?section_code=3,2026-10-02 06:21:34,1,200,
http://library.chersonesos.org/showsection.php?section_code=4,2026-10-02 06:21:34,1,200,
http://library.chersonesos.org/showsection.php?section_code=6,2026-10-02 06:21:34,1,200,
http://library.chersonesos.org/showsection.php?section_code=7,2026-10-02 06:21:34,1,200,
http://library.chersonesos.org/showsection.php?section_code=8,2026-10-02 06:21:34,1,200,
http://library.chersonesos.org/showsection.php?section_code=9,2026-10-02 06:21:34,1,200,
http://library.chnu.edu.ua/?page=/ua/02infres/04elib/01buk/1885,2026-10-02 06:21:34,1,200,
http://library.chnu.edu.ua/index.php?page=ua,2026-10-02 06:21:34,1,200,
http://library.cv.ua/,2026-10-02 06:21:34,1,200,
http://library.dk.rv.ua/,2026-10-02 06:21:34,1,200,
http://library.donetsk.ua,2026-10-02 06:21:34,1,200,
http://library.donnu.edu.ua/,2026-10-02 06:21:34,1,200,
http://library.donnu.edu.ua/node/7,2026-10-02 06:21:34,1,200,
http://library.dstu.education/,2026-10-02 06:21:34,0,,ConnectionError
http://library.dudaryk.ua,2026-10-02 06:21:34,0,,ConnectTimeout
http://library.kharkov.ua/source/exposition/,2026-10-02 06:21:34,1,200,
http://library.kharkov.ua/source/exposition/?id=28,2026-10-02 06:21:34,1,200,
http://library.kharkov.ua/source/exposition/?id=33,2026-10-02 06:21:34,1,200,
http://library.kharkov.ua/source/exposition/?id=46,2026-10-02 06:21:34,1,200,
http://library.kharkov.ua/source/exposition/?id=47,2026-10-02 06:21:34,1,200,
http://library.kharkov.ua/source/exposition/?id=52,2026-10-02 06:21:34,1,200,
http://library.kharkov.ua/source/exposition/?id=53,2026-10-02 06:21:34,1,200,
http://library.kharkov.ua/source/exposition/?id=55,2026-10-02 06:21:34,1,200,
http://library.kharkov.ua/source/exposition/?id=56,2026-10-02 06:21:34,1,200,
http://library.kharkov.ua/source/exposition/?id=57,2026-10-02 06:21:34,1,200,
http://library.kharkov.ua/source/exposition/?id=58,2026-10-02 06:21:34,1,200,
http://library.kharkov.ua/source/exposition/?id=59,2026-10-02 06:21:34,1,200,
http://library.kharkov.ua/source/exposition/?id=61,2026-10-02 06:21:34,1,200,
http://library.kharkov.ua/source/exposition/?id=62,2026-10-02 06:21:34,1,200,
http://library.kharkov.ua/source/exposition/?id=67,2026-10-02 06:21:34,1,200,
http://library.kharkov.ua/source/exposition/?id=68,2026-10-02 06:21:34,1,200,
http://library.kharkov.ua/source/exposition/?id=74,2026-10-02 06:21:34,1,200,
http://library.kharkov.ua/source/exposition/?id=78,2026-10-02 06:21:34,1,200,
http://library.khnu.km.ua/,2026-10-02 06:21:34,1,200,
http://library.khpg.org/,2026-10-02 06:21:34,1,200,
http://library.kname.edu.ua/,2026-10-02 06:21:34,1,200,
http://library.kpi.ua/,2026-10-02 06:21:34,1,200,
http://library.lg.ua/uk,2026-10-02 06:21:34,1,200,
http://library.lnu.edu.ua/bibl/,2026-10-02 06:21:34,0,,ConnectTimeout
http://library.lp.edu.ua/,2026-10-02 06:21:34,0,,ConnectTimeout
http://library.meduniv.lviv.ua/,2026-10-02 06:21:34,0,,ConnectTimeout
http://library.mlt.gov.ua/,2026-10-02 06:21:34,1,200,
http://library.nuft.edu.ua/,2026-10-02 06:21:34,1,200,
http://library.nung.edu.ua,2026-10-02 06:21:34,1,200,
http://library.odeku.edu.ua/,2026-10-02 06:21:34,0,,ConnectionError
http://library.rshu.edu.ua,2026-10-02 06:21:34,0,,ConnectionError
http://library.snu.edu.ua/,2026-10-02 06:21:34,1,403,
http://library.sokal.lviv.ua/,2026-10-02 06:21:34,1,200,
http://library.sumdu.edu.ua/,2026-10-02 06:21:34,1,200,
http://library.tdmu.edu.ua/,2026-10-02 06:21:34,0,404,
http://library.tneu.edu.ua/,2026-10-02 06:21:34,1,200,
http://library.tntu.edu.ua/,2026-10-02 06:21:34,1,200,
http://library.tup.km.ua,2026-10-02 06:21:34,1,200,
http://library.uipa.edu.ua/,2026-10-02 06:21:34,1,200,
http://library.vnmu.edu.ua/bibliotechnomu-fahivtsyu/publikatsiyi-pratsivnykiv-biblioteky,2026-10-02 06:21:34,1,200,
http://library.wunu.edu.ua/,2026-10-02 06:21:34,1,200,
http://library.zntu.edu.ua/,2026-10-02 06:21:34,1,200,
http://library.znu.edu.ua/,2026-10-02 06:21:34,1,200,
http://library.zu.edu.ua/,2026-10-02 06:21:34,1,200,
http://librarybelop.at.ua/publ/muzej_im_o_olesja/pro_muzej_im_o_olesja/30-1-0-11,2026-10-02 06:21:34,0,,ReadTimeout
http://librarychl.kr.ua/,2026-10-02 06:21:34,1,200,
http://librarykazka.blogspot.com/,2026-10-02 06:21:34,1,429,
http://libraryschool15kamenetzpodolsk.jimdofree.com/,2026-10-02 06:21:34,1,200,
http://libraryskad.blogspot.com/,2026-10-02 06:21:34,1,429,
http://librasakohertz.ucoz.ru/,2026-10-02 06:21:34,1,200,
http://librinfosciences.knukim.edu.ua/,2026-10-02 06:21:34,1,200,
http://librozh.at.ua/,2026-10-02 06:21:34,1,200,
http://libs.mfknukim.mk.ua/handle/123456789/14,2026-10-02 06:21:34,0,,ConnectionError
http://libuzhnu.brinkster.net/,2026-10-02 06:21:34,1,200,
http://lic25.zosh.zt.ua/,2026-10-02 06:21:34,0,404,
http://life.zp.ua/,2026-10-02 06:21:34,1,200,
http://likbez.org.ua/ua/,2026-10-02 06:21:34,1,200,
http://liman-mon.church.ua/,2026-10-02 06:21:34,1,403,
http://lipsky-mon.church.ua,2026-10-02 06:21:34,1,403,
http://lis.gov.ua/,2026-10-02 06:21:34,1,200,
http://literator.in.ua,2026-10-02 06:21:34,1,200,
http://litky-sch-bibl.kiev.sch.in.ua,2026-10-02 06:21:34,0,,ConnectTimeout
http://litme.com.ua/,2026-10-02 06:21:34,0,,ReadTimeout
http://litopys.chdu.edu.ua/,2026-10-02 06:21:34,1,200,
http://litopys.kiev.ua,2026-10-02 06:21:34,1,200,
http://litopys.org.ua/,2026-10-02 06:21:34,1,200,
http://litopys.org.ua/lavrlet/lavr.htm,2026-10-02 06:21:34,1,200,
http://litopys.org.ua/lavrlet/lavr01.htm,2026-10-02 06:21:34,1,200,
http://litopys.org.ua/novglet/novg.htm,2026-10-02 06:21:34,1,200,
http://litopys.org.ua/samovyd/sam.htm,2026-10-02 06:21:34,1,200,
http://liubech-grad.ucoz.net/,2026-10-02 06:21:34,1,200,
http://liubeshiv-crb.edukit.volyn.ua/,2026-10-02 06:21:34,0,,ConnectTimeout
http://lokhvytsia-cbs.edu.poltava.ua/,2026-10-02 06:21:34,0,,ConnectTimeout
http://lonmb13.ucoz.ua,2026-10-02 06:21:34,0,,ReadTimeout
http://lostart.org.ua/,2026-10-02 06:21:34,1,200,SSLError (responded without certificate verification)
http://lounb.org.ua/,2026-10-02 06:21:34,1,403,
http://lozova-bdut.at.ua/,2026-10-02 06:21:34,1,200,
http://lozova-cbs.edu.kh.ua/,2026-10-02 06:21:34,0,,ConnectTimeout
http://lozova-ub.kh.sch.in.ua/,2026-10-02 06:21:34,0,,ConnectTimeout
http://lozove-mon.church.ua,2026-10-02 06:21:34,1,403,
http://lpba.org.ua,2026-10-02 06:21:34,1,200,
http://lplaces.com/ua,2026-10-02 06:21:34,1,200,
http://lpnu.ua/ntb/,2026-10-02 06:21:34,1,200,
http://lssp.dspu.edu.ua/,2026-10-02 06:21:34,0,,ConnectionError
http://lssp.dspu.edu.ua/index,2026-10-02 06:21:34,0,,ConnectionError
http://lubny-bibl-malyka.edu.poltava.ua,2026-10-02 06:21:34,0,,ConnectTimeout
http://lubovich.kr.ua/,2026-10-02 06:21:34,0,,ConnectionError
http://lubp.com.ua/,2026-10-02 06:21:34,1,200,
http://lug-theatre.narod.ru/sajt/ind.htm,2026-10-02 06:21:34,1,200,
http://lugansk.man.gov.ua/,2026-10-02 06:21:34,0,522,
http://lugartmuseum.com/,2026-10-02 06:21:34,1,200,
http://lukashi-nvk.edukit.kiev.ua/,2026-10-02 06:21:34,0,,ConnectTimeout
http://lute.lviv.ua,2026-10-02 06:21:34,1,200,
http://lutsk-ntu.com.ua,2026-10-02 06:21:34,1,200,
http://lviv.travel/en/lvivgalleries/galleries/~244/galereya-istorichnogo-ukrajinskogo-vijskovogo-odnostroyu,2026-10-02 06:21:34,1,403,
http://lvivgallery.org.ua/,2026-10-02 06:21:34,1,200,
http://lvivpharmacy.org.ua/,2026-10-02 06:21:34,0,,ConnectionError
http://lvov-mon.church.ua/,2026-10-02 06:21:34,1,403,
http://lyadov-mon.church.ua/,2026-10-02 06:21:34,1,403,
http://lzdu.zosh.zt.ua/,2026-10-02 06:21:34,0,404,
http://magdalina-mon.church.ua/,2026-10-02 06:21:34,1,403,
http://makmuseum.com/,2026-10-02 06:21:34,0,,ConnectionError
http://makvisti.com/,2026-10-02 06:21:34,0,,ConnectionError
http://malankafest.com.ua/,2026-10-02 06:21:34,0,404,
http://male-mon.church.ua,2026-10-02 06:21:34,1,403,
http://mangup-mon.church.ua/,2026-10-02 06:21:34,1,403,
http://manlibre.at.ua/,2026-10-02 06:21:34,0,,ReadTimeout
http://maptimes.inf.ua/,2026-10-02 06:21:34,1,403,
http://markivka-biblioteka.edukit.lg.ua/,2026-10-02 06:21:34,0,,ConnectTimeout
http://markivtsi-mon.church.ua,2026-10-02 06:21:34,1,403,
http://marschool562.wixsite.com/marschool56,2026-10-02 06:21:34,1,200,
http://masevichi-mon.church.ua,2026-10-02 06:21:34,1,403,
http://masslib.pp.ua/,2026-10-02 06:21:34,0,,ConnectionError
http://massovoodessa.blogspot.com/,2026-10-02 06:21:34,1,429,
http://masters.kubg.edu.ua,2026-10-02 06:21:34,0,,ConnectionError
http://matbnau.in.ua/kontacts.php,2026-10-02 06:21:34,1,200,
http://matemirin.do.am,2026-10-02 06:21:34,1,200,
http://matrona-mon.church.ua,2026-10-02 06:21:34,1,403,
http://mau-nau.org.ua,2026-10-02 06:21:34,1,200,
http://maup.dp.ua/,2026-10-02 06:21:34,1,200,
http://mayakovka.od.ua,2026-10-02 06:21:34,1,200,
http://maysterni.com/,2026-10-02 06:21:34,1,200,
http://mbk-pryluky.com.ua/,2026-10-02 06:21:34,0,,ConnectionError
http://mbk.mk.ua/,2026-10-02 06:21:34,1,200,
http://mcbs.org.ua/,2026-10-02 06:21:34,0,,ConnectTimeout
http://mcm-tech.kpnu.edu.ua/,2026-10-02 06:21:34,1,200,
http://mdch.kiev.ua/,2026-10-02 06:21:34,0,,ConnectionError
http://mdu.in.ua/,2026-10-02 06:21:34,1,403,
http://med-akademiya.com.ua/,2026-10-02 06:21:34,1,200,
http://med.edu.ua,2026-10-02 06:21:34,1,200,
http://med.sumdu.edu.ua,2026-10-02 06:21:34,1,200,
http://medcollege.kr.ua/,2026-10-02 06:21:34,1,200,
http://medcolpo.lviv.ua,2026-10-02 06:21:34,1,200,
http://medicine.dp.ua,2026-10-02 06:21:34,1,403,
http://medinstitut.dp.ua/,2026-10-02 06:21:34,1,200,
http://medlib.bsmu.edu.ua/,2026-10-02 06:21:34,0,,ConnectTimeout
http://medlib.dp.gov.ua,2026-10-02 06:21:34,0,,ConnectTimeout
http://medlib.lviv.pro/,2026-10-02 06:21:34,0,,ConnectionError
http://medlib.lviv.pro/en/virtualni-vystavky,2026-10-02 06:21:34,0,,ConnectionError
http://mek.oszk.hu/09600/09645/09645.pdf,2026-10-02 06:21:34,1,200,
http://melitopol-museum.zp.ua/,2026-10-02 06:21:34,0,,ConnectTimeout
http://melitopol.islam.ua/,2026-10-02 06:21:34,0,404,
http://memorial.kiev.ua/,2026-10-02 06:21:34,1,403,
http://memory.chornobylmuseum.kiev.ua/,2026-10-02 06:21:34,1,200,
http://memory.chornobylmuseum.kiev.ua/#,2026-10-02 06:21:34,1,200,
http://memory.ucoz.ua/,2026-10-02 06:21:34,0,,ReadTimeout
http://mena-crb.edukit.cn.ua/,2026-10-02 06:21:34,0,,ConnectTimeout
http://metodistodessa.blogspot.com/,2026-10-02 06:21:34,1,429,
http://metrology.kharkov.ua,2026-10-02 06:21:34,1,200,
http://mfat.imath.kiev.ua/,2026-10-02 06:21:34,1,200,
http://mgarsky-monastery.org,2026-10-02 06:21:34,1,200,
http://mgz.com.ua/,2026-10-02 06:21:34,0,,ConnectionError
http://mi-dnu.dp.ua/,2026-10-02 06:21:34,1,403,
http://michael.church.ua/,2026-10-02 06:21:34,1,403,
http://mics.org.ua/journal/index.php/mics,2026-10-02 06:21:34,1,200,
http://mihalovskiy.church.ua,2026-10-02 06:21:34,1,403,
http://mihbib.ucoz.ua,2026-10-02 06:21:34,1,200,
http://mihnovsky-mon.church.ua/,2026-10-02 06:21:34,1,403,
http://miku.org.ua/filiali_miku.html,2026-10-02 06:21:34,1,200,
http://mil.loga.gov.ua/content/arhivna_sprava,2026-10-02 06:21:34,1,403,
http://milecky-mon.church.ua/,2026-10-02 06:21:34,1,403,
http://min.od.ua/,2026-10-02 06:21:34,1,200,
http://minagro.gov.ua,2026-10-02 06:21:34,1,403,
http://minikiev.kiev.ua,2026-10-02 06:21:34,1,200,
http://minregion.gov.ua,2026-10-02 06:21:34,1,403,
http://mip.gov.ua/ru,2026-10-02 06:21:34,0,522,
http://mirbiblio.pl.ua/,2026-10-02 06:21:34,0,,ConnectionError
http://mivg.iwpim.com.ua,2026-10-02 06:21:34,1,200,
http://mjsk.te.ua,2026-10-02 06:21:34,0,,ConnectTimeout
http://mk.archives.gov.ua,2026-10-02 06:21:34,1,403,
http://mk.archives.gov.ua/tsifrovyi-arhiv-metrychni-knygy.html,2026-10-02 06:21:34,1,403,
http://mkkm.edu.ua/,2026-10-02 06:21:34,1,200,
http://mklibrary.ucoz.org/,2026-10-02 06:21:34,1,200,
http://mkpstu.com/,2026-10-02 06:21:34,0,,ConnectionError
http://mlicey.com.ua,2026-10-02 06:21:34,0,,ConnectionError
http://mlyniv-mon.church.ua,2026-10-02 06:21:34,1,403,
http://mmirl.edu.ua/,2026-10-02 06:21:34,1,200,
http://mmk.ucoz.org/,2026-10-02 06:21:34,1,200,
http://modern-museum.org.ua/ua/index.htm,2026-10-02 06:21:34,1,429,
http://molchensky-monastyr.org.ua/,2026-10-02 06:21:34,1,403,
http://molodiya-mon.church.ua,2026-10-02 06:21:34,1,403,
http://molodyvcheny.in.ua/ua/archive/?year=2014,2026-10-02 06:21:34,1,200,
http://molodyvcheny.in.ua/ua/archive/?year=2015,2026-10-02 06:21:34,1,200,
http://molodyvcheny.in.ua/ua/archive/?year=2016,2026-10-02 06:21:34,1,200,
http://molodyvcheny.in.ua/ua/archive/?year=2017,2026-10-02 06:21:34,1,200,
http://molodyvcheny.in.ua/ua/archive/?year=2018,2026-10-02 06:21:34,1,200,
http://momjournal.com.ua/en,2026-10-02 06:21:34,0,404,
http://monada.cv.ua/,2026-10-02 06:21:34,1,200,
http://monah.com.ua/,2026-10-02 06:21:34,0,,ConnectionError
http://monah.myftp.biz/,2026-10-02 06:21:34,0,,ConnectionError
http://monastir-balta.church.ua,2026-10-02 06:21:34,1,403,
http://monastyr.lg.ua/,2026-10-02 06:21:34,0,,ConnectionError
http://monastyrysche-cbs.edukit.ck.ua/,2026-10-02 06:21:34,0,,ConnectTimeout
http://monp.org.ua,2026-10-02 06:21:34,1,200,
http://morskoimuzei.kh.ua/,2026-10-02 06:21:34,0,,ConnectTimeout
http://move.in.ua/en/odessa/what-to-do/29-odessa-catacombs-is-underground-city.html,2026-10-02 06:21:34,0,526,
http://mp-eparhia.org.ua/,2026-10-02 06:21:34,0,,ConnectionError
http://mpk.mk.ua/,2026-10-02 06:21:34,1,200,
http://mpu.med-expert.com.ua/index,2026-10-02 06:21:34,1,200,
http://mrvo.od.ua/,2026-10-02 06:21:34,1,200,
http://mse.dnu.dp.ua/,2026-10-02 06:21:34,1,200,
http://msio.com.ua/,2026-10-02 06:21:34,1,200,
http://mskifa.narod.ru/rvsp.html,2026-10-02 06:21:34,1,200,
http://msumk.com/ua/,2026-10-02 06:21:34,1,200,
http://muk-cdb.blogspot.com/,2026-10-02 06:21:34,1,429,
http://muk.zp.ua/,2026-10-02 06:21:34,1,200,
http://museu.ms/museum/details/15936/national-art-museum-of-ukraine,2026-10-02 06:21:34,1,200,
http://museum-blavatsky.com.ua,2026-10-02 06:21:34,1,200,
http://museum-blavatsky.com.ua/en/,2026-10-02 06:21:34,1,200,
http://museum-kh.ua,2026-10-02 06:21:34,0,,ConnectionError
http://museum-konst.com/,2026-10-02 06:21:34,1,200,
http://museum-lh.lviv.ua/,2026-10-02 06:21:34,1,200,
http://museum-monument.knukim.edu.ua/,2026-10-02 06:21:34,1,200,
http://museum-netishyn.otg.org.ua/,2026-10-02 06:21:34,0,404,
http://museum-of-money.org,2026-10-02 06:21:34,0,,ConnectTimeout
http://museum-rogatyn.at.ua/,2026-10-02 06:21:34,0,,ReadTimeout
http://museum-slava.at.ua/,2026-10-02 06:21:34,0,,ReadTimeout
http://museum.belovodsk.info/,2026-10-02 06:21:34,1,200,
http://museum.belovodsk.info/html1/index.html,2026-10-02 06:21:34,0,404,
http://museum.cult.gov.ua/,2026-10-02 06:21:34,1,200,
http://museum.cult.gov.ua/bobrovytskyj-rajonyj-istoryko-krajeznavchyj-muzej/,2026-10-02 06:21:34,1,200,
http://museum.cult.gov.ua/borznyanskyj-hudozhno-memorialnyj-muzej-sadyba-narodnoho-hudozhnyka-ukrajiny-oleksandra-sajenka/,2026-10-02 06:21:34,1,200,
http://museum.cult.gov.ua/horodnyanskyj-istoryko-krajeznavchyj-muzej/,2026-10-02 06:21:34,1,200,
http://museum.cult.gov.ua/istoryko-arheolohichnyj-muzejnyj-kompleks-drevnij-lyubech/,2026-10-02 06:21:34,1,200,
http://museum.cult.gov.ua/kozeletskyj-muzej-istoriji-tkatstva-chernihivschyny/,2026-10-02 06:21:34,1,200,
http://museum.cult.gov.ua/nizhynskyj-krajeznavchyj-muzej-im-ivana-spaskoho/,2026-10-02 06:21:34,1,200,
http://museum.cult.gov.ua/oblasnyj-istoryko-memorialnyj-muzej-zapovidnyk-p-kulisha-hannyna-pustyn/,2026-10-02 06:21:34,1,200,
http://museum.cult.gov.ua/osterskyj-krajeznavchyj-muzej/,2026-10-02 06:21:34,1,200,
http://museum.cult.gov.ua/sosnitskiy-literaturno-memorialniy-muzey-oleksandra-dovzhenka/,2026-10-02 06:21:34,1,200,
http://museum.depo.vn.ua/,2026-10-02 06:21:34,1,200,
http://museum.dn.ua,2026-10-02 06:21:34,1,200,
http://museum.dolyna.info/,2026-10-02 06:21:34,1,200,
http://museum.if.ua,2026-10-02 06:21:34,1,200,
http://museum.if.ua/museums/r2/22.html,2026-10-02 06:21:34,1,200,
http://museum.kambio.ua,2026-10-02 06:21:34,1,200,
http://museum.kh.ua/,2026-10-02 06:21:34,1,200,
http://museum.khpg.org/,2026-10-02 06:21:34,1,200,
http://museum.kpi.ua,2026-10-02 06:21:34,1,200,
http://museum.mk.ua/,2026-10-02 06:21:34,1,200,
http://museum.mk.ua/2016-01-25-15-13-20/muzej-sudnobuduvannya-ta-flotu,2026-10-02 06:21:34,0,404,
http://museum.motorsich.com/,2026-10-02 06:21:34,0,,ConnectionError
http://museum.net.ua,2026-10-02 06:21:34,1,403,
http://museum.profession.org.ua/,2026-10-02 06:21:34,0,,ConnectionError
http://museum.rv.gov.ua/,2026-10-02 06:21:34,1,200,
http://museum.shostka.org/,2026-10-02 06:21:34,0,404,
http://museum.slavyansk.online/,2026-10-02 06:21:34,0,,ConnectionError
http://museum.sumy.ua,2026-10-02 06:21:34,1,200,
http://museum363vtap.su/,2026-10-02 06:21:34,0,,ConnectionError
http://museum363vtap.su/3d_tour/,2026-10-02 06:21:34,0,,ConnectionError
http://museumkiev.org/zoology.html,2026-10-02 06:21:34,1,200,
http://museumlit.org.ua/,2026-10-02 06:21:34,1,200,
http://museumparhomovka.com.ua/,2026-10-02 06:21:34,1,200,
http://museumparkhomivka.org.ua/,2026-10-02 06:21:34,0,,ConnectionError
http://museums.kh.ua/hotkevych,2026-10-02 06:21:34,1,403,
http://museums.lnu.edu.ua/,2026-10-02 06:21:34,1,200,
http://museums.lnu.edu.ua/mineralogy,2026-10-02 06:21:34,1,200,
http://museums.lnu.edu.ua/zoology/,2026-10-02 06:21:34,1,200,
http://museums.univ.kiev.ua/lingvo.php,2026-10-02 06:21:34,1,200,
http://museumshevchenko.org.ua/,2026-10-02 06:21:34,1,200,
http://museumtoilet.com.ua/,2026-10-02 06:21:34,1,200,
http://museumtoilet.com.ua/en/,2026-10-02 06:21:34,1,200,
http://music-school10.edu.kh.ua,2026-10-02 06:21:34,0,,ConnectTimeout
http://music-school12.edu.kh.ua,2026-10-02 06:21:34,0,,ConnectTimeout
http://musical-art.knukim.edu.ua/,2026-10-02 06:21:34,1,200,
http://musicdrama.com.ua/,2026-10-02 06:21:34,1,200,
http://musicology.com.ua/,2026-10-02 06:21:34,1,200,
http://muz.km.ua/,2026-10-02 06:21:34,1,200,
http://muzei-prirody.blogspot.com/,2026-10-02 06:21:34,1,429,
http://muzejew.org.ua/,2026-10-02 06:21:34,1,200,
http://muzeum.in.ua/,2026-10-02 06:21:34,0,,ConnectTimeout
http://muzey-sevastopol.com/,2026-10-02 06:21:34,1,200,
http://muzey.kupyansk.info/,2026-10-02 06:21:34,0,,ConnectionError
http://muzteatr.net/,2026-10-02 06:21:34,1,200,
http://mvba.com.ua,2026-10-02 06:21:34,1,200,
http://mvk.zp.ua/,2026-10-02 06:21:34,1,403,
http://mvr.dp.ua/,2026-10-02 06:21:34,1,200,
http://myrmekion.ru/,2026-10-02 06:21:34,0,,ConnectTimeout
http://myshtetl.org/,2026-10-02 06:21:34,1,200,
http://mystukr.mari.kiev.ua/,2026-10-02 06:21:34,1,403,
http://myzei.blogspot.com/,2026-10-02 06:21:34,1,429,
http://nam.kiev.ua,2026-10-02 06:21:34,1,200,
http://namu.kiev.ua/,2026-10-02 06:21:34,0,522,
http://nao.nikolaev.ua/,2026-10-02 06:21:34,1,200,
http://narodna.org.ua,2026-10-02 06:21:34,1,403,
http://nashazorya.ucoz.ua/,2026-10-02 06:21:34,1,200,
http://nashteatr.lviv.ua,2026-10-02 06:21:34,1,200,
http://nasoa.edu.ua/,2026-10-02 06:21:34,1,200,
http://nau.edu.ua/,2026-10-02 06:21:34,1,200,
http://naukajournal.org/,2026-10-02 06:21:34,1,200,
http://naukvisnyknmau.com.ua/,2026-10-02 06:21:34,1,200,
http://nazaret.in.ua/,2026-10-02 06:21:34,1,200,
http://nbgnsc.ru/,2026-10-02 06:21:34,1,200,
http://nbgnsc.ru/en,2026-10-02 06:21:34,1,200,
http://nbukids.wordpress.com/,2026-10-02 06:21:34,1,200,
http://nbuv.gov.ua/j-tit/Adsud,2026-10-02 06:21:34,1,403,
http://nbuv.gov.ua/j-tit/Apagki,2026-10-02 06:21:34,1,403,
http://nbuv.gov.ua/j-tit/Apn,2026-10-02 06:21:34,1,403,
http://nbuv.gov.ua/j-tit/Avfd,2026-10-02 06:21:34,1,403,
http://nbuv.gov.ua/j-tit/Avtomatyzac,2026-10-02 06:21:34,1,403,
http://nbuv.gov.ua/j-tit/Bioen,2026-10-02 06:21:34,1,403,
http://nbuv.gov.ua/j-tit/Chem_Biol,2026-10-02 06:21:34,1,403,
http://nbuv.gov.ua/j-tit/Pant,2026-10-02 06:21:34,1,429,
http://nbuv.gov.ua/j-tit/Pptvk,2026-10-02 06:21:34,1,429,
http://nbuv.gov.ua/j-tit/Psis_vm,2026-10-02 06:21:34,1,429,
http://nbuv.gov.ua/j-tit/Slz,2026-10-02 06:21:34,1,429,
http://nbuv.gov.ua/j-tit/Soc_komun,2026-10-02 06:21:34,1,429,
http://nbuv.gov.ua/j-tit/Sv_g,2026-10-02 06:21:34,1,429,
http://nbuv.gov.ua/j-tit/UZTNU_econ,2026-10-02 06:21:34,1,429,
http://nbuv.gov.ua/j-tit/UZTNU_filol,2026-10-02 06:21:34,1,429,
http://nbuv.gov.ua/j-tit/UZTNU_istor,2026-10-02 06:21:34,1,429,
http://nbuv.gov.ua/j-tit/UZTNU_law,2026-10-02 06:21:34,1,429,
http://nbuv.gov.ua/j-tit/VAPSV,2026-10-02 06:21:34,1,429,
http://nbuv.gov.ua/j-tit/VAPSV_pdu,2026-10-02 06:21:34,1,429,
http://nbuv.gov.ua/j-tit/VKNUF,2026-10-02 06:21:34,1,403,
http://nbuv.gov.ua/j-tit/VKNUPOL,2026-10-02 06:21:34,1,429,
http://nbuv.gov.ua/j-tit/VKNU_Ekon,2026-10-02 06:21:34,1,403,
http://nbuv.gov.ua/j-tit/VKNU_FP,2026-10-02 06:21:34,1,429,
http://nbuv.gov.ua/j-tit/VKNU_Fiz,2026-10-02 06:21:34,1,403,
http://nbuv.gov.ua/j-tit/VKNU_If,2026-10-02 06:21:34,1,429,
http://nbuv.gov.ua/j-tit/VKNU_Ist,2026-10-02 06:21:34,1,429,
http://nbuv.gov.ua/j-tit/VKNU_ItZ,2026-10-02 06:21:34,1,403,
http://nbuv.gov.ua/j-tit/VKNU_Kib,2026-10-02 06:21:34,1,403,
http://nbuv.gov.ua/j-tit/VKNU_LMF,2026-10-02 06:21:34,1,403,
http://nbuv.gov.ua/j-tit/VKNU_Mat,2026-10-02 06:21:34,1,429,
http://nbuv.gov.ua/j-tit/VKNU_Rte,2026-10-02 06:21:34,1,403,
http://nbuv.gov.ua/j-tit/VKNU_Sm,2026-10-02 06:21:34,1,429,
http://nbuv.gov.ua/j-tit/VKNU_Yur,2026-10-02 06:21:34,1,429,
http://nbuv.gov.ua/j-tit/VKNU_as,2026-10-02 06:21:34,1,403,
http://nbuv.gov.ua/j-tit/VKNU_biol,2026-10-02 06:21:34,1,429,
http://nbuv.gov.ua/j-tit/VKNU_fiz_mat,2026-10-02 06:21:34,1,429,
http://nbuv.gov.ua/j-tit/VKNU_geograf,2026-10-02 06:21:34,1,429,
http://nbuv.gov.ua/j-tit/VKNU_geol,2026-10-02 06:21:34,1,429,
http://nbuv.gov.ua/j-tit/VKNU_mv,2026-10-02 06:21:34,1,429,
http://nbuv.gov.ua/j-tit/VKNU_prff,2026-10-02 06:21:34,1,429,
http://nbuv.gov.ua/j-tit/VKNU_soc,2026-10-02 06:21:34,1,429,
http://nbuv.gov.ua/j-tit/VKNU_ukr,2026-10-02 06:21:34,1,403,
http://nbuv.gov.ua/j-tit/VKNU_vsn,2026-10-02 06:21:34,1,429,
http://nbuv.gov.ua/j-tit/VKPI_fpp,2026-10-02 06:21:34,1,429,
http://nbuv.gov.ua/j-tit/VKPI_gir,2026-10-02 06:21:34,1,403,
http://nbuv.gov.ua/j-tit/VKPI_hier,2026-10-02 06:21:34,1,429,
http://nbuv.gov.ua/j-tit/VKPI_mash,2026-10-02 06:21:34,1,403,
http://nbuv.gov.ua/j-tit/VKPI_prylad,2026-10-02 06:21:34,1,403,
http://nbuv.gov.ua/j-tit/VKPI_rr,2026-10-02 06:21:34,1,429,
http://nbuv.gov.ua/j-tit/VKPI_soc,2026-10-02 06:21:34,1,429,
http://nbuv.gov.ua/j-tit/VKhE,2026-10-02 06:21:34,1,429,
http://nbuv.gov.ua/j-tit/VKhG,2026-10-02 06:21:34,1,429,
http://nbuv.gov.ua/j-tit/VKhIF,2026-10-02 06:21:34,1,429,
http://nbuv.gov.ua/j-tit/VKhIFL,2026-10-02 06:21:34,1,429,
http://nbuv.gov.ua/j-tit/VKhIFLO,2026-10-02 06:21:34,1,429,
http://nbuv.gov.ua/j-tit/VKhIFY,2026-10-02 06:21:34,1,429,
http://nbuv.gov.ua/j-tit/VKhIMA,2026-10-02 06:21:34,1,429,
http://nbuv.gov.ua/j-tit/VKhIMAM,2026-10-02 06:21:34,1,429,
http://nbuv.gov.ua/j-tit/VKhIPC,2026-10-02 06:21:34,1,429,
http://nbuv.gov.ua/j-tit/VKhIPEt,2026-10-02 06:21:34,1,429,
http://nbuv.gov.ua/j-tit/VKhIPMB,2026-10-02 06:21:34,1,429,
http://nbuv.gov.ua/j-tit/VKhIPPO,2026-10-02 06:21:34,1,429,
http://nbuv.gov.ua/j-tit/VKhIPR,2026-10-02 06:21:34,1,429,
http://nbuv.gov.ua/j-tit/VKhIS,2026-10-02 06:21:34,1,429,
http://nbuv.gov.ua/j-tit/VKhISD,2026-10-02 06:21:34,1,429,
http://nbuv.gov.ua/j-tit/VKhISK,2026-10-02 06:21:34,1,429,
http://nbuv.gov.ua/j-tit/VKhISU,2026-10-02 06:21:34,1,429,
http://nbuv.gov.ua/j-tit/VKhITK,2026-10-02 06:21:34,1,429,
http://nbuv.gov.ua/j-tit/VKhIX,2026-10-02 06:21:34,1,429,
http://nbuv.gov.ua/j-tit/VKhMv,2026-10-02 06:21:34,1,429,
http://nbuv.gov.ua/j-tit/VKhNU,2026-10-02 06:21:34,1,429,
http://nbuv.gov.ua/j-tit/VKhV,2026-10-02 06:21:34,1,429,
http://nbuv.gov.ua/j-tit/VKhb,2026-10-02 06:21:34,1,429,
http://nbuv.gov.ua/j-tit/VKhnpu_filos,2026-10-02 06:21:34,1,429,
http://nbuv.gov.ua/j-tit/VKhnpu_psykhol,2026-10-02 06:21:34,1,429,
http://nbuv.gov.ua/j-tit/VKhnuvs,2026-10-02 06:21:34,1,429,
http://nbuv.gov.ua/j-tit/VLNU_Ekon,2026-10-02 06:21:34,1,403,
http://nbuv.gov.ua/j-tit/VLNU_Geograf,2026-10-02 06:21:34,1,429,
http://nbuv.gov.ua/j-tit/VLNU_Jur,2026-10-02 06:21:34,1,429,
http://nbuv.gov.ua/j-tit/VLNU_Mech_mat,2026-10-02 06:21:34,1,403,
http://nbuv.gov.ua/j-tit/VLNU_Mistec,2026-10-02 06:21:34,1,403,
http://nbuv.gov.ua/j-tit/VLNU_Mv,2026-10-02 06:21:34,1,429,
http://nbuv.gov.ua/j-tit/VLNU_Ped,2026-10-02 06:21:34,1,403,
http://nbuv.gov.ua/j-tit/VLNU_Phiz,2026-10-02 06:21:34,1,429,
http://nbuv.gov.ua/j-tit/VLNU_biol,2026-10-02 06:21:34,1,403,
http://nbuv.gov.ua/j-tit/VLNU_geol,2026-10-02 06:21:34,1,429,
http://nbuv.gov.ua/j-tit/VMSU_econ,2026-10-02 06:21:34,1,403,
http://nbuv.gov.ua/j-tit/VMSU_mystetstvo,2026-10-02 06:21:34,1,429,
http://nbuv.gov.ua/j-tit/VMSU_sociology,2026-10-02 06:21:34,1,429,
http://nbuv.gov.ua/j-tit/VMSU_tekh,2026-10-02 06:21:34,1,403,
http://nbuv.gov.ua/j-tit/VNUCZUDU,2026-10-02 06:21:34,1,429,
http://nbuv.gov.ua/j-tit/VNULP,2026-10-02 06:21:34,1,429,
http://nbuv.gov.ua/j-tit/VNULPARX,2026-10-02 06:21:34,1,429,
http://nbuv.gov.ua/j-tit/VNULPDA,2026-10-02 06:21:34,1,429,
http://nbuv.gov.ua/j-tit/VNULPDM,2026-10-02 06:21:34,1,429,
http://nbuv.gov.ua/j-tit/VNULPE,2026-10-02 06:21:34,1,429,
http://nbuv.gov.ua/j-tit/VNULPEEC,2026-10-02 06:21:34,1,429,
http://nbuv.gov.ua/j-tit/VNULPFMN,2026-10-02 06:21:34,1,429,
http://nbuv.gov.ua/j-tit/VNULPFN,2026-10-02 06:21:34,1,429,
http://nbuv.gov.ua/j-tit/VNULPICM,2026-10-02 06:21:34,1,429,
http://nbuv.gov.ua/j-tit/VNULPIVNZ,2026-10-02 06:21:34,1,429,
http://nbuv.gov.ua/j-tit/VNULPKNIT,2026-10-02 06:21:34,1,429,
http://nbuv.gov.ua/j-tit/VNULPKSM,2026-10-02 06:21:34,1,429,
http://nbuv.gov.ua/j-tit/VNULPKSP,2026-10-02 06:21:34,1,429,
http://nbuv.gov.ua/j-tit/VNULPL,2026-10-02 06:21:34,1,429,
http://nbuv.gov.ua/j-tit/VNULPLIN,2026-10-02 06:21:34,1,429,
http://nbuv.gov.ua/j-tit/VNULPM,2026-10-02 06:21:34,1,429,
http://nbuv.gov.ua/j-tit/VNULPO,2026-10-02 06:21:34,1,429,
http://nbuv.gov.ua/j-tit/VNULPP,2026-10-02 06:21:34,1,429,
http://nbuv.gov.ua/j-tit/VNULPPT,2026-10-02 06:21:34,1,429,
http://nbuv.gov.ua/j-tit/VNULPT,2026-10-02 06:21:34,1,429,
http://nbuv.gov.ua/j-tit/VNULPTPB,2026-10-02 06:21:34,1,429,
http://nbuv.gov.ua/j-tit/VNULPUT,2026-10-02 06:21:34,1,429,
http://nbuv.gov.ua/j-tit/VNULPX,2026-10-02 06:21:34,1,429,
http://nbuv.gov.ua/j-tit/VPDAA,2026-10-02 06:21:34,1,429,
http://nbuv.gov.ua/j-tit/VPDTU_ek,2026-10-02 06:21:34,1,429,
http://nbuv.gov.ua/j-tit/VPhC,2026-10-02 06:21:34,1,429,
http://nbuv.gov.ua/j-tit/VPhk,2026-10-02 06:21:34,1,403,
http://nbuv.gov.ua/j-tit/VSG,2026-10-02 06:21:34,1,429,
http://nbuv.gov.ua/j-tit/VSL,2026-10-02 06:21:34,1,429,
http://nbuv.gov.ua/j-tit/VSUNU,2026-10-02 06:21:34,1,429,
http://nbuv.gov.ua/j-tit/VSU_ekon,2026-10-02 06:21:34,1,429,
http://nbuv.gov.ua/j-tit/VSU_tekh,2026-10-02 06:21:34,1,429,
http://nbuv.gov.ua/j-tit/VUABS,2026-10-02 06:21:34,1,429,
http://nbuv.gov.ua/j-tit/VUbsNbU,2026-10-02 06:21:34,1,429,
http://nbuv.gov.ua/j-tit/VZhDU,2026-10-02 06:21:34,1,429,
http://nbuv.gov.ua/j-tit/VZhDUF,2026-10-02 06:21:34,1,429,
http://nbuv.gov.ua/j-tit/VZhDUP,2026-10-02 06:21:34,1,429,
http://nbuv.gov.ua/j-tit/Vadi,2026-10-02 06:21:34,1,429,
http://nbuv.gov.ua/j-tit/Vai,2026-10-02 06:21:34,1,429,
http://nbuv.gov.ua/j-tit/Vbzan,2026-10-02 06:21:34,1,429,
http://nbuv.gov.ua/j-tit/VchdpuFIL,2026-10-02 06:21:34,1,429,
http://nbuv.gov.ua/j-tit/VchdpuI,2026-10-02 06:21:34,1,429,
http://nbuv.gov.ua/j-tit/VchdpuP,2026-10-02 06:21:34,1,429,
http://nbuv.gov.ua/j-tit/VchdpuPH,2026-10-02 06:21:34,1,429,
http://nbuv.gov.ua/j-tit/VchdpuPN,2026-10-02 06:21:34,1,429,
http://nbuv.gov.ua/j-tit/Vchdtu,2026-10-02 06:21:34,1,429,
http://nbuv.gov.ua/j-tit/Vchiav,2026-10-02 06:21:34,1,429,
http://nbuv.gov.ua/j-tit/Vchnu_ekon,2026-10-02 06:21:34,1,429,
http://nbuv.gov.ua/j-tit/Vchnu_tekh,2026-10-02 06:21:34,1,429,
http://nbuv.gov.ua/j-tit/Vchtei,2026-10-02 06:21:34,1,429,
http://nbuv.gov.ua/j-tit/VchuB,2026-10-02 06:21:34,1,429,
http://nbuv.gov.ua/j-tit/VchuE,2026-10-02 06:21:34,1,429,
http://nbuv.gov.ua/j-tit/VchuF,2026-10-02 06:21:34,1,429,
http://nbuv.gov.ua/j-tit/VchuFM,2026-10-02 06:21:34,1,429,
http://nbuv.gov.ua/j-tit/VchuFil,2026-10-02 06:21:34,1,429,
http://nbuv.gov.ua/j-tit/VchuI,2026-10-02 06:21:34,1,429,
http://nbuv.gov.ua/j-tit/VchuM,2026-10-02 06:21:34,1,429,
http://nbuv.gov.ua/j-tit/VchuP,2026-10-02 06:21:34,1,429,
http://nbuv.gov.ua/j-tit/VchuX,2026-10-02 06:21:34,1,429,
http://nbuv.gov.ua/j-tit/Vcndtn,2026-10-02 06:21:34,1,429,
http://nbuv.gov.ua/j-tit/Vcndtu,2026-10-02 06:21:34,1,429,
http://nbuv.gov.ua/j-tit/Vcndtue,2026-10-02 06:21:34,1,429,
http://nbuv.gov.ua/j-tit/Vcnzapv,2026-10-02 06:21:34,1,429,
http://nbuv.gov.ua/j-tit/Vdgi,2026-10-02 06:21:34,1,429,
http://nbuv.gov.ua/j-tit/Vdiat,2026-10-02 06:21:34,1,429,
http://nbuv.gov.ua/j-tit/Ve,2026-10-02 06:21:34,1,429,
http://nbuv.gov.ua/j-tit/Venu,2026-10-02 06:21:34,1,429,
http://nbuv.gov.ua/j-tit/Vetp,2026-10-02 06:21:34,1,403,
http://nbuv.gov.ua/j-tit/Vftk,2026-10-02 06:21:34,1,429,
http://nbuv.gov.ua/j-tit/Vg,2026-10-02 06:21:34,1,429,
http://nbuv.gov.ua/j-tit/Via,2026-10-02 06:21:34,1,429,
http://nbuv.gov.ua/j-tit/Viau,2026-10-02 06:21:34,1,429,
http://nbuv.gov.ua/j-tit/Viepd,2026-10-02 06:21:34,1,429,
http://nbuv.gov.ua/j-tit/Vird,2026-10-02 06:21:34,1,403,
http://nbuv.gov.ua/j-tit/Visep,2026-10-02 06:21:34,1,429,
http://nbuv.gov.ua/j-tit/Vismorf,2026-10-02 06:21:34,1,429,
http://nbuv.gov.ua/j-tit/Vismormed,2026-10-02 06:21:34,1,429,
http://nbuv.gov.ua/j-tit/Vist,2026-10-02 06:21:34,1,429,
http://nbuv.gov.ua/j-tit/Visunukr,2026-10-02 06:21:34,1,429,
http://nbuv.gov.ua/j-tit/Visunukr_emm,2026-10-02 06:21:34,1,429,
http://nbuv.gov.ua/j-tit/Visunukr_inform,2026-10-02 06:21:34,1,429,
http://nbuv.gov.ua/j-tit/Viuzpr,2026-10-02 06:21:34,1,429,
http://nbuv.gov.ua/j-tit/Viz,2026-10-02 06:21:34,1,429,
http://nbuv.gov.ua/j-tit/Vkdpu,2026-10-02 06:21:34,1,403,
http://nbuv.gov.ua/j-tit/Vke,2026-10-02 06:21:34,1,403,
http://nbuv.gov.ua/j-tit/Vkei,2026-10-02 06:21:34,1,429,
http://nbuv.gov.ua/j-tit/Vkhdtu,2026-10-02 06:21:34,1,429,
http://nbuv.gov.ua/j-tit/Vkhdtusg,2026-10-02 06:21:34,1,429,
http://nbuv.gov.ua/j-tit/Vkhnau,2026-10-02 06:21:34,1,429,
http://nbuv.gov.ua/j-tit/Vkhnau_biol,2026-10-02 06:21:34,1,429,
http://nbuv.gov.ua/j-tit/Vkhnau_ekon,2026-10-02 06:21:34,1,429,
http://nbuv.gov.ua/j-tit/Vkhnau_ento,2026-10-02 06:21:34,1,429,
http://nbuv.gov.ua/j-tit/Vkhnau_grunt,2026-10-02 06:21:34,1,429,
http://nbuv.gov.ua/j-tit/Vkhnau_roslyn,2026-10-02 06:21:34,1,429,
http://nbuv.gov.ua/j-tit/Vkibt,2026-10-02 06:21:34,1,429,
http://nbuv.gov.ua/j-tit/Vknek,2026-10-02 06:21:34,1,429,
http://nbuv.gov.ua/j-tit/Vknlu_Ief,2026-10-02 06:21:34,1,429,
http://nbuv.gov.ua/j-tit/Vknlu_Ptp,2026-10-02 06:21:34,1,403,
http://nbuv.gov.ua/j-tit/Vknlu_fil,2026-10-02 06:21:34,1,429,
http://nbuv.gov.ua/j-tit/Vknlu_mtmk,2026-10-02 06:21:34,1,403,
http://nbuv.gov.ua/j-tit/Vknteu,2026-10-02 06:21:34,1,403,
http://nbuv.gov.ua/j-tit/Vknukim_myst,2026-10-02 06:21:34,1,429,
http://nbuv.gov.ua/j-tit/Vknukim_ped,2026-10-02 06:21:34,1,403,
http://nbuv.gov.ua/j-tit/Vknukim_sk,2026-10-02 06:21:34,1,403,
http://nbuv.gov.ua/j-tit/Vknutd,2026-10-02 06:21:34,1,429,
http://nbuv.gov.ua/j-tit/Vkpi_iuot,2026-10-02 06:21:34,1,429,
http://nbuv.gov.ua/j-tit/Vkpnueko,2026-10-02 06:21:34,1,429,
http://nbuv.gov.ua/j-tit/Vkpnui,2026-10-02 06:21:34,1,429,
http://nbuv.gov.ua/j-tit/Vkpnui_fv,2026-10-02 06:21:34,1,429,
http://nbuv.gov.ua/j-tit/Vksu,2026-10-02 06:21:34,1,429,
http://nbuv.gov.ua/j-tit/Vktu,2026-10-02 06:21:34,1,403,
http://nbuv.gov.ua/j-tit/Vlca,2026-10-02 06:21:34,1,403,
http://nbuv.gov.ua/j-tit/Vlca_Gum,2026-10-02 06:21:34,1,403,
http://nbuv.gov.ua/j-tit/Vlca_ekon,2026-10-02 06:21:34,1,429,
http://nbuv.gov.ua/j-tit/Vldau,2026-10-02 06:21:34,1,403,
http://nbuv.gov.ua/j-tit/Vldfa,2026-10-02 06:21:34,1,403,
http://nbuv.gov.ua/j-tit/Vldi,2026-10-02 06:21:34,1,403,
http://nbuv.gov.ua/j-tit/Vldubzh,2026-10-02 06:21:34,1,403,
http://nbuv.gov.ua/j-tit/Vlduvs,2026-10-02 06:21:34,1,403,
http://nbuv.gov.ua/j-tit/Vliet,2026-10-02 06:21:34,1,403,
http://nbuv.gov.ua/j-tit/Vlnam,2026-10-02 06:21:34,1,429,
http://nbuv.gov.ua/j-tit/Vlnau_act,2026-10-02 06:21:34,1,429,
http://nbuv.gov.ua/j-tit/Vlnau_agr,2026-10-02 06:21:34,1,429,
http://nbuv.gov.ua/j-tit/Vlnau_econ,2026-10-02 06:21:34,1,429,
http://nbuv.gov.ua/j-tit/Vlnau_zem,2026-10-02 06:21:34,1,403,
http://nbuv.gov.ua/j-tit/Vlnu_fil,2026-10-02 06:21:34,1,403,
http://nbuv.gov.ua/j-tit/Vlnu_in_mov,2026-10-02 06:21:34,1,429,
http://nbuv.gov.ua/j-tit/Vlnu_ist,2026-10-02 06:21:34,1,429,
http://nbuv.gov.ua/j-tit/Vlnu_kh,2026-10-02 06:21:34,1,429,
http://nbuv.gov.ua/j-tit/Vlnu_philos,2026-10-02 06:21:34,1,403,
http://nbuv.gov.ua/j-tit/Vlnu_prmat,2026-10-02 06:21:34,1,403,
http://nbuv.gov.ua/j-tit/Vlnu_sociology,2026-10-02 06:21:34,1,429,
http://nbuv.gov.ua/j-tit/Vlnu_yu,2026-10-02 06:21:34,1,429,
http://nbuv.gov.ua/j-tit/Vlu_fps,2026-10-02 06:21:34,1,429,
http://nbuv.gov.ua/j-tit/Vlush,2026-10-02 06:21:34,1,429,
http://nbuv.gov.ua/j-tit/Vmdu,2026-10-02 06:21:34,1,429,
http://nbuv.gov.ua/j-tit/Vmdu_ek,2026-10-02 06:21:34,1,403,
http://nbuv.gov.ua/j-tit/Vmdu_fks,2026-10-02 06:21:34,1,403,
http://nbuv.gov.ua/j-tit/Vmdu_ip,2026-10-02 06:21:34,1,403,
http://nbuv.gov.ua/j-tit/Vmdu_pr,2026-10-02 06:21:34,1,429,
http://nbuv.gov.ua/j-tit/Vmed,2026-10-02 06:21:34,1,429,
http://nbuv.gov.ua/j-tit/Vmntu,2026-10-02 06:21:34,1,403,
http://nbuv.gov.ua/j-tit/Vnadped,2026-10-02 06:21:34,1,429,
http://nbuv.gov.ua/j-tit/Vnadpn,2026-10-02 06:21:34,1,429,
http://nbuv.gov.ua/j-tit/Vnadps,2026-10-02 06:21:34,1,429,
http://nbuv.gov.ua/j-tit/Vnadpsdu,2026-10-02 06:21:34,1,429,
http://nbuv.gov.ua/j-tit/Vnadu,2026-10-02 06:21:34,1,429,
http://nbuv.gov.ua/j-tit/Vnaou,2026-10-02 06:21:34,1,429,
http://nbuv.gov.ua/j-tit/Vnapu,2026-10-02 06:21:34,1,429,
http://nbuv.gov.ua/j-tit/Vnau_f,2026-10-02 06:21:34,1,429,
http://nbuv.gov.ua/j-tit/Vnau_pp,2026-10-02 06:21:34,1,403,
http://nbuv.gov.ua/j-tit/Vnbu,2026-10-02 06:21:34,1,403,
http://nbuv.gov.ua/j-tit/Vntu,2026-10-02 06:21:34,1,429,
http://nbuv.gov.ua/j-tit/Vnuvgp_ekon,2026-10-02 06:21:34,1,429,
http://nbuv.gov.ua/j-tit/Vnuvgp_sg,2026-10-02 06:21:34,1,429,
http://nbuv.gov.ua/j-tit/Vnuvgp_tekhn,2026-10-02 06:21:34,1,429,
http://nbuv.gov.ua/j-tit/Vnvm,2026-10-02 06:21:34,1,429,
http://nbuv.gov.ua/j-tit/Vnyua,2026-10-02 06:21:34,1,429,
http://nbuv.gov.ua/j-tit/Vodaba,2026-10-02 06:21:34,1,429,
http://nbuv.gov.ua/j-tit/Vodeu,2026-10-02 06:21:34,1,429,
http://nbuv.gov.ua/j-tit/Vodgu,2026-10-02 06:21:34,1,429,
http://nbuv.gov.ua/j-tit/Vodt,2026-10-02 06:21:34,1,429,
http://nbuv.gov.ua/j-tit/Vonmu,2026-10-02 06:21:34,1,429,
http://nbuv.gov.ua/j-tit/Vonu_bbk,2026-10-02 06:21:34,1,429,
http://nbuv.gov.ua/j-tit/Vonu_biol,2026-10-02 06:21:34,1,429,
http://nbuv.gov.ua/j-tit/Vonu_chem,2026-10-02 06:21:34,1,429,
http://nbuv.gov.ua/j-tit/Vonu_econ,2026-10-02 06:21:34,1,429,
http://nbuv.gov.ua/j-tit/Vonu_geo,2026-10-02 06:21:34,1,429,
http://nbuv.gov.ua/j-tit/Vonu_math,2026-10-02 06:21:34,1,429,
http://nbuv.gov.ua/j-tit/Vonu_philos,2026-10-02 06:21:34,1,429,
http://nbuv.gov.ua/j-tit/Vonu_prav,2026-10-02 06:21:34,1,429,
http://nbuv.gov.ua/j-tit/Vonu_psi,2026-10-02 06:21:34,1,429,
http://nbuv.gov.ua/j-tit/Votip,2026-10-02 06:21:34,1,429,
http://nbuv.gov.ua/j-tit/Vpabia,2026-10-02 06:21:34,1,429,
http://nbuv.gov.ua/j-tit/Vpbm,2026-10-02 06:21:34,1,429,
http://nbuv.gov.ua/j-tit/Vpo,2026-10-02 06:21:34,1,429,
http://nbuv.gov.ua/j-tit/Vptp,2026-10-02 06:21:34,1,429,
http://nbuv.gov.ua/j-tit/Vpu_Ekon,2026-10-02 06:21:34,1,429,
http://nbuv.gov.ua/j-tit/Vpu_Fil,2026-10-02 06:21:34,1,429,
http://nbuv.gov.ua/j-tit/Vpu_Ist,2026-10-02 06:21:34,1,429,
http://nbuv.gov.ua/j-tit/Vpu_Myst,2026-10-02 06:21:34,1,429,
http://nbuv.gov.ua/j-tit/Vpu_Polit,2026-10-02 06:21:34,1,429,
http://nbuv.gov.ua/j-tit/Vpu_filos_psihol,2026-10-02 06:21:34,1,429,
http://nbuv.gov.ua/j-tit/VrPr,2026-10-02 06:21:34,1,429,
http://nbuv.gov.ua/j-tit/Vrlmns,2026-10-02 06:21:34,1,429,
http://nbuv.gov.ua/j-tit/Vsed,2026-10-02 06:21:34,1,429,
http://nbuv.gov.ua/j-tit/Vsna_agro,2026-10-02 06:21:34,1,429,
http://nbuv.gov.ua/j-tit/Vsna_bud,2026-10-02 06:21:34,1,429,
http://nbuv.gov.ua/j-tit/Vsna_ekon,2026-10-02 06:21:34,1,429,
http://nbuv.gov.ua/j-tit/Vsna_mekh,2026-10-02 06:21:34,1,429,
http://nbuv.gov.ua/j-tit/Vsna_tvar,2026-10-02 06:21:34,1,429,
http://nbuv.gov.ua/j-tit/Vsna_vet,2026-10-02 06:21:34,1,429,
http://nbuv.gov.ua/j-tit/Vsnau,2026-10-02 06:21:34,1,429,
http://nbuv.gov.ua/j-tit/Vsntu,2026-10-02 06:21:34,1,429,
http://nbuv.gov.ua/j-tit/Vsntue,2026-10-02 06:21:34,1,429,
http://nbuv.gov.ua/j-tit/Vsntuf,2026-10-02 06:21:34,1,429,
http://nbuv.gov.ua/j-tit/Vsntufil,2026-10-02 06:21:34,1,429,
http://nbuv.gov.ua/j-tit/Vsntufilo,2026-10-02 06:21:34,1,429,
http://nbuv.gov.ua/j-tit/Vsntui,2026-10-02 06:21:34,1,429,
http://nbuv.gov.ua/j-tit/Vsntum,2026-10-02 06:21:34,1,429,
http://nbuv.gov.ua/j-tit/Vsntume,2026-10-02 06:21:34,1,429,
http://nbuv.gov.ua/j-tit/Vsntup,2026-10-02 06:21:34,1,429,
http://nbuv.gov.ua/j-tit/Vsntupol,2026-10-02 06:21:34,1,429,
http://nbuv.gov.ua/j-tit/Vsp,2026-10-02 06:21:34,1,429,
http://nbuv.gov.ua/j-tit/Vsuem,2026-10-02 06:21:34,1,429,
http://nbuv.gov.ua/j-tit/Vtneu,2026-10-02 06:21:34,1,429,
http://nbuv.gov.ua/j-tit/Vumt,2026-10-02 06:21:34,1,429,
http://nbuv.gov.ua/j-tit/Vutgis,2026-10-02 06:21:34,1,429,
http://nbuv.gov.ua/j-tit/Vvkksu,2026-10-02 06:21:34,1,429,
http://nbuv.gov.ua/j-tit/Vvt,2026-10-02 06:21:34,1,429,
http://nbuv.gov.ua/j-tit/Vz,2026-10-02 06:21:34,1,429,
http://nbuv.gov.ua/j-tit/VzKhgu,2026-10-02 06:21:34,1,429,
http://nbuv.gov.ua/j-tit/Vzhdtu,2026-10-02 06:21:34,1,429,
http://nbuv.gov.ua/j-tit/Vzjui,2026-10-02 06:21:34,1,429,
http://nbuv.gov.ua/j-tit/Vznu_FViS,2026-10-02 06:21:34,1,429,
http://nbuv.gov.ua/j-tit/Vznu_Jur,2026-10-02 06:21:34,1,429,
http://nbuv.gov.ua/j-tit/Vznu_bio,2026-10-02 06:21:34,1,403,
http://nbuv.gov.ua/j-tit/Vznu_eco,2026-10-02 06:21:34,1,429,
http://nbuv.gov.ua/j-tit/Vznu_fi,2026-10-02 06:21:34,1,429,
http://nbuv.gov.ua/j-tit/Vznu_mat,2026-10-02 06:21:34,1,403,
http://nbuv.gov.ua/j-tit/Vznu_ped,2026-10-02 06:21:34,1,429,
http://nbuv.gov.ua/j-tit/Vzuk,2026-10-02 06:21:34,1,429,
http://nbuv.gov.ua/j-tit/Znprdgu,2026-10-02 06:21:34,1,403,
http://nbuv.gov.ua/j-tit/aaeks,2026-10-02 06:21:34,1,403,
http://nbuv.gov.ua/j-tit/acrfs,2026-10-02 06:21:34,1,429,
http://nbuv.gov.ua/j-tit/acsp,2026-10-02 06:21:34,1,403,
http://nbuv.gov.ua/j-tit/adidb,2026-10-02 06:21:34,1,403,
http://nbuv.gov.ua/j-tit/admthp,2026-10-02 06:21:34,1,403,
http://nbuv.gov.ua/j-tit/adupped,2026-10-02 06:21:34,1,403,
http://nbuv.gov.ua/j-tit/adv,2026-10-02 06:21:34,1,403,
http://nbuv.gov.ua/j-tit/ae,2026-10-02 06:21:34,1,429,
http://nbuv.gov.ua/j-tit/aertech,2026-10-02 06:21:34,1,403,
http://nbuv.gov.ua/j-tit/agg,2026-10-02 06:21:34,1,403,
http://nbuv.gov.ua/j-tit/agr,2026-10-02 06:21:34,1,403,
http://nbuv.gov.ua/j-tit/agrno,2026-10-02 06:21:34,1,429,
http://nbuv.gov.ua/j-tit/agrog,2026-10-02 06:21:34,1,403,
http://nbuv.gov.ua/j-tit/agrohimigrn,2026-10-02 06:21:34,1,403,
http://nbuv.gov.ua/j-tit/agroincom,2026-10-02 06:21:34,1,403,
http://nbuv.gov.ua/j-tit/agrosvit,2026-10-02 06:21:34,1,403,
http://nbuv.gov.ua/j-tit/ahp,2026-10-02 06:21:34,1,429,
http://nbuv.gov.ua/j-tit/akiem,2026-10-02 06:21:34,1,403,
http://nbuv.gov.ua/j-tit/akinf,2026-10-02 06:21:34,1,403,
http://nbuv.gov.ua/j-tit/akm,2026-10-02 06:21:34,1,429,
http://nbuv.gov.ua/j-tit/akpif,2026-10-02 06:21:34,1,403,
http://nbuv.gov.ua/j-tit/akprpzo,2026-10-02 06:21:34,1,403,
http://nbuv.gov.ua/j-tit/aktit,2026-10-02 06:21:34,1,403,
http://nbuv.gov.ua/j-tit/algol,2026-10-02 06:21:34,1,403,
http://nbuv.gov.ua/j-tit/alsu,2026-10-02 06:21:34,1,403,
http://nbuv.gov.ua/j-tit/amp,2026-10-02 06:21:34,1,429,
http://nbuv.gov.ua/j-tit/anpopr,2026-10-02 06:21:34,1,403,
http://nbuv.gov.ua/j-tit/antame,2026-10-02 06:21:34,1,403,
http://nbuv.gov.ua/j-tit/anxt,2026-10-02 06:21:34,1,403,
http://nbuv.gov.ua/j-tit/ao,2026-10-02 06:21:34,1,403,
http://nbuv.gov.ua/j-tit/ap,2026-10-02 06:21:34,1,429,
http://nbuv.gov.ua/j-tit/apcnim,2026-10-02 06:21:34,1,403,
http://nbuv.gov.ua/j-tit/apd,2026-10-02 06:21:34,1,429,
http://nbuv.gov.ua/j-tit/apdp,2026-10-02 06:21:34,1,403,
http://nbuv.gov.ua/j-tit/apdu,2026-10-02 06:21:34,1,403,
http://nbuv.gov.ua/j-tit/apdy,2026-10-02 06:21:34,1,429,
http://nbuv.gov.ua/j-tit/apdyo,2026-10-02 06:21:34,1,429,
http://nbuv.gov.ua/j-tit/apdyptp,2026-10-02 06:21:34,1,429,
http://nbuv.gov.ua/j-tit/ape,2026-10-02 06:21:34,1,403,
http://nbuv.gov.ua/j-tit/apf,2026-10-02 06:21:34,1,403,
http://nbuv.gov.ua/j-tit/apfimntp,2026-10-02 06:21:34,1,403,
http://nbuv.gov.ua/j-tit/apftp,2026-10-02 06:21:34,1,403,
http://nbuv.gov.ua/j-tit/apgnd,2026-10-02 06:21:34,1,429,
http://nbuv.gov.ua/j-tit/apie,2026-10-02 06:21:34,1,403,
http://nbuv.gov.ua/j-tit/apif,2026-10-02 06:21:34,1,403,
http://nbuv.gov.ua/j-tit/apip,2026-10-02 06:21:34,1,403,
http://nbuv.gov.ua/j-tit/apitphk,2026-10-02 06:21:34,1,403,
http://nbuv.gov.ua/j-tit/apkant,2026-10-02 06:21:34,1,403,
http://nbuv.gov.ua/j-tit/apklm,2026-10-02 06:21:34,1,403,
http://nbuv.gov.ua/j-tit/apko,2026-10-02 06:21:34,1,403,
http://nbuv.gov.ua/j-tit/apmov,2026-10-02 06:21:34,1,403,
http://nbuv.gov.ua/j-tit/apmp,2026-10-02 06:21:34,1,403,
http://nbuv.gov.ua/j-tit/apmpmn,2026-10-02 06:21:34,1,403,
http://nbuv.gov.ua/j-tit/apmv,2026-10-02 06:21:34,1,403,
http://nbuv.gov.ua/j-tit/apnvlop,2026-10-02 06:21:34,1,403,
http://nbuv.gov.ua/j-tit/app,2026-10-02 06:21:34,1,403,
http://nbuv.gov.ua/j-tit/appatg,2026-10-02 06:21:34,1,403,
http://nbuv.gov.ua/j-tit/appol,2026-10-02 06:21:34,1,403,
http://nbuv.gov.ua/j-tit/appsuh,2026-10-02 06:21:34,1,403,
http://nbuv.gov.ua/j-tit/aprer,2026-10-02 06:21:34,1,403,
http://nbuv.gov.ua/j-tit/aprfc,2026-10-02 06:21:34,1,403,
http://nbuv.gov.ua/j-tit/aprpr,2026-10-02 06:21:34,1,403,
http://nbuv.gov.ua/j-tit/apsf,2026-10-02 06:21:34,1,403,
http://nbuv.gov.ua/j-tit/apsm,2026-10-02 06:21:34,1,403,
http://nbuv.gov.ua/j-tit/apsmh,2026-10-02 06:21:34,1,403,
http://nbuv.gov.ua/j-tit/apspp,2026-10-02 06:21:34,1,403,
http://nbuv.gov.ua/j-tit/apsuh,2026-10-02 06:21:34,1,429,
http://nbuv.gov.ua/j-tit/aptm,2026-10-02 06:21:34,1,403,
http://nbuv.gov.ua/j-tit/apulf,2026-10-02 06:21:34,1,403,
http://nbuv.gov.ua/j-tit/apvtvi,2026-10-02 06:21:34,1,429,
http://nbuv.gov.ua/j-tit/apvu,2026-10-02 06:21:34,1,429,
http://nbuv.gov.ua/j-tit/apvvi,2026-10-02 06:21:34,1,429,
http://nbuv.gov.ua/j-tit/apyl,2026-10-02 06:21:34,1,403,
http://nbuv.gov.ua/j-tit/arhalm,2026-10-02 06:21:34,1,403,
http://nbuv.gov.ua/j-tit/arhdiu,2026-10-02 06:21:34,1,403,
http://nbuv.gov.ua/j-tit/arhdly,2026-10-02 06:21:34,1,403,
http://nbuv.gov.ua/j-tit/arhl,2026-10-02 06:21:34,1,403,
http://nbuv.gov.ua/j-tit/aripm,2026-10-02 06:21:34,1,403,
http://nbuv.gov.ua/j-tit/ark,2026-10-02 06:21:34,1,403,
http://nbuv.gov.ua/j-tit/aroftu,2026-10-02 06:21:34,1,429,
http://nbuv.gov.ua/j-tit/artpl,2026-10-02 06:21:34,1,403,
http://nbuv.gov.ua/j-tit/artsp,2026-10-02 06:21:34,1,403,
http://nbuv.gov.ua/j-tit/as,2026-10-02 06:21:34,1,429,
http://nbuv.gov.ua/j-tit/asau,2026-10-02 06:21:34,1,403,
http://nbuv.gov.ua/j-tit/asismy,2026-10-02 06:21:34,1,429,
http://nbuv.gov.ua/j-tit/aspulup,2026-10-02 06:21:34,1,429,
http://nbuv.gov.ua/j-tit/astm,2026-10-02 06:21:34,1,429,
http://nbuv.gov.ua/j-tit/asts,2026-10-02 06:21:34,1,403,
http://nbuv.gov.ua/j-tit/asv,2026-10-02 06:21:34,1,403,
http://nbuv.gov.ua/j-tit/asy,2026-10-02 06:21:34,1,403,
http://nbuv.gov.ua/j-tit/at,2026-10-02 06:21:34,1,403,
http://nbuv.gov.ua/j-tit/atiru,2026-10-02 06:21:34,1,403,
http://nbuv.gov.ua/j-tit/au,2026-10-02 06:21:34,1,403,
http://nbuv.gov.ua/j-tit/avk,2026-10-02 06:21:34,1,429,
http://nbuv.gov.ua/j-tit/avlad,2026-10-02 06:21:34,1,403,
http://nbuv.gov.ua/j-tit/avpb,2026-10-02 06:21:34,1,403,
http://nbuv.gov.ua/j-tit/avpcx,2026-10-02 06:21:34,1,403,
http://nbuv.gov.ua/j-tit/avpek,2026-10-02 06:21:34,1,403,
http://nbuv.gov.ua/j-tit/avpol,2026-10-02 06:21:34,1,403,
http://nbuv.gov.ua/j-tit/avpt,2026-10-02 06:21:34,1,403,
http://nbuv.gov.ua/j-tit/avpvet,2026-10-02 06:21:34,1,403,
http://nbuv.gov.ua/j-tit/avtib,2026-10-02 06:21:34,1,403,
http://nbuv.gov.ua/j-tit/ay,2026-10-02 06:21:34,1,429,
http://nbuv.gov.ua/j-tit/bdi,2026-10-02 06:21:34,1,403,
http://nbuv.gov.ua/j-tit/bdjukr,2026-10-02 06:21:34,1,429,
http://nbuv.gov.ua/j-tit/bezin,2026-10-02 06:21:34,1,429,
http://nbuv.gov.ua/j-tit/bhvs,2026-10-02 06:21:34,1,403,
http://nbuv.gov.ua/j-tit/biagbu,2026-10-02 06:21:34,1,403,
http://nbuv.gov.ua/j-tit/bicu,2026-10-02 06:21:34,1,429,
http://nbuv.gov.ua/j-tit/bifv,2026-10-02 06:21:34,1,403,
http://nbuv.gov.ua/j-tit/binf,2026-10-02 06:21:34,1,429,
http://nbuv.gov.ua/j-tit/bioi,2026-10-02 06:21:34,1,403,
http://nbuv.gov.ua/j-tit/biolecol,2026-10-02 06:21:34,1,403,
http://nbuv.gov.ua/j-tit/biolsist,2026-10-02 06:21:34,1,403,
http://nbuv.gov.ua/j-tit/biomedengelec,2026-10-02 06:21:34,1,403,
http://nbuv.gov.ua/j-tit/bisg,2026-10-02 06:21:34,1,403,
http://nbuv.gov.ua/j-tit/bist,2026-10-02 06:21:34,1,403,
http://nbuv.gov.ua/j-tit/bitv,2026-10-02 06:21:34,1,403,
http://nbuv.gov.ua/j-tit/bknucaa,2026-10-02 06:21:34,1,429,
http://nbuv.gov.ua/j-tit/bknucamms,2026-10-02 06:21:34,1,403,
http://nbuv.gov.ua/j-tit/bknucasma,2026-10-02 06:21:34,1,429,
http://nbuv.gov.ua/j-tit/bknucassa,2026-10-02 06:21:34,1,429,
http://nbuv.gov.ua/j-tit/bmj,2026-10-02 06:21:34,1,403,
http://nbuv.gov.ua/j-tit/bmju,2026-10-02 06:21:34,1,403,
http://nbuv.gov.ua/j-tit/bmvs,2026-10-02 06:21:34,1,403,
http://nbuv.gov.ua/j-tit/bnan,2026-10-02 06:21:34,1,403,
http://nbuv.gov.ua/j-tit/bnav,2026-10-02 06:21:34,1,403,
http://nbuv.gov.ua/j-tit/boaa,2026-10-02 06:21:34,1,403,
http://nbuv.gov.ua/j-tit/boau,2026-10-02 06:21:34,1,403,
http://nbuv.gov.ua/j-tit/bois,2026-10-02 06:21:34,1,403,
http://nbuv.gov.ua/j-tit/boz,2026-10-02 06:21:34,1,403,
http://nbuv.gov.ua/j-tit/bp,2026-10-02 06:21:34,1,403,
http://nbuv.gov.ua/j-tit/bpau,2026-10-02 06:21:34,1,429,
http://nbuv.gov.ua/j-tit/bpc,2026-10-02 06:21:34,1,403,
http://nbuv.gov.ua/j-tit/bran,2026-10-02 06:21:34,1,403,
http://nbuv.gov.ua/j-tit/bsh,2026-10-02 06:21:34,1,429,
http://nbuv.gov.ua/j-tit/budktp,2026-10-02 06:21:34,1,403,
http://nbuv.gov.ua/j-tit/buj,2026-10-02 06:21:34,1,403,
http://nbuv.gov.ua/j-tit/buko,2026-10-02 06:21:34,1,403,
http://nbuv.gov.ua/j-tit/bulmbr,2026-10-02 06:21:34,1,403,
http://nbuv.gov.ua/j-tit/bumv,2026-10-02 06:21:34,1,403,
http://nbuv.gov.ua/j-tit/buvu,2026-10-02 06:21:34,1,403,
http://nbuv.gov.ua/j-tit/bv,2026-10-02 06:21:34,1,403,
http://nbuv.gov.ua/j-tit/bvmd,2026-10-02 06:21:34,1,403,
http://nbuv.gov.ua/j-tit/dnbs,2026-10-02 06:21:34,1,403,
http://nbuv.gov.ua/j-tit/had,2026-10-02 06:21:34,1,429,
http://nbuv.gov.ua/j-tit/hak,2026-10-02 06:21:34,1,429,
http://nbuv.gov.ua/j-tit/haksk,2026-10-02 06:21:34,1,429,
http://nbuv.gov.ua/j-tit/infsts,2026-10-02 06:21:34,1,429,
http://nbuv.gov.ua/j-tit/libmer,2026-10-02 06:21:34,1,429,
http://nbuv.gov.ua/j-tit/metrolog,2026-10-02 06:21:34,1,429,
http://nbuv.gov.ua/j-tit/newtracaar,2026-10-02 06:21:34,1,429,
http://nbuv.gov.ua/j-tit/nvlkau,2026-10-02 06:21:34,1,429,
http://nbuv.gov.ua/j-tit/oeeemu,2026-10-02 06:21:34,1,429,
http://nbuv.gov.ua/j-tit/pzvm,2026-10-02 06:21:34,1,403,
http://nbuv.gov.ua/j-tit/smii,2026-10-02 06:21:34,1,403,
http://nbuv.gov.ua/j-tit/smmsc,2026-10-02 06:21:34,1,403,
http://nbuv.gov.ua/j-tit/sntnvusp,2026-10-02 06:21:34,1,429,
http://nbuv.gov.ua/j-tit/sntsph,2026-10-02 06:21:34,1,429,
http://nbuv.gov.ua/j-tit/sntuts,2026-10-02 06:21:34,1,429,
http://nbuv.gov.ua/j-tit/sntvupa,2026-10-02 06:21:34,1,429,
http://nbuv.gov.ua/j-tit/tstub,2026-10-02 06:21:34,1,429,
http://nbuv.gov.ua/j-tit/ucnavs,2026-10-02 06:21:34,1,429,
http://nbuv.gov.ua/j-tit/ukhj,2026-10-02 06:21:34,1,429,
http://nbuv.gov.ua/j-tit/vaan,2026-10-02 06:21:34,1,429,
http://nbuv.gov.ua/j-tit/vaau,2026-10-02 06:21:34,1,429,
http://nbuv.gov.ua/j-tit/vagpark,2026-10-02 06:21:34,1,403,
http://nbuv.gov.ua/j-tit/vakpu,2026-10-02 06:21:34,1,429,
http://nbuv.gov.ua/j-tit/vanp,2026-10-02 06:21:34,1,429,
http://nbuv.gov.ua/j-tit/vapny,2026-10-02 06:21:34,1,429,
http://nbuv.gov.ua/j-tit/vash,2026-10-02 06:21:34,1,429,
http://nbuv.gov.ua/j-tit/vbdp,2026-10-02 06:21:34,1,429,
http://nbuv.gov.ua/j-tit/vbtb,2026-10-02 06:21:34,1,403,
http://nbuv.gov.ua/j-tit/vbumb,2026-10-02 06:21:34,1,403,
http://nbuv.gov.ua/j-tit/vcemepe,2026-10-02 06:21:34,1,429,
http://nbuv.gov.ua/j-tit/vchfo,2026-10-02 06:21:34,1,429,
http://nbuv.gov.ua/j-tit/vcpia,2026-10-02 06:21:34,1,429,
http://nbuv.gov.ua/j-tit/vcpiak,2026-10-02 06:21:34,1,429,
http://nbuv.gov.ua/j-tit/vcpiakct,2026-10-02 06:21:34,1,429,
http://nbuv.gov.ua/j-tit/vcpiay,2026-10-02 06:21:34,1,429,
http://nbuv.gov.ua/j-tit/vcpidmm,2026-10-02 06:21:34,1,429,
http://nbuv.gov.ua/j-tit/vcpie,2026-10-02 06:21:34,1,429,
http://nbuv.gov.ua/j-tit/vcpien,2026-10-02 06:21:34,1,429,
http://nbuv.gov.ua/j-tit/vcpient,2026-10-02 06:21:34,1,429,
http://nbuv.gov.ua/j-tit/vcpigmg,2026-10-02 06:21:34,1,429,
http://nbuv.gov.ua/j-tit/vcpiim,2026-10-02 06:21:34,1,429,
http://nbuv.gov.ua/j-tit/vcpiind,2026-10-02 06:21:34,1,429,
http://nbuv.gov.ua/j-tit/vcpiint,2026-10-02 06:21:34,1,429,
http://nbuv.gov.ua/j-tit/vcpim,2026-10-02 06:21:34,1,429,
http://nbuv.gov.ua/j-tit/vcpimm,2026-10-02 06:21:34,1,429,
http://nbuv.gov.ua/j-tit/vcpimtck,2026-10-02 06:21:34,1,429,
http://nbuv.gov.ua/j-tit/vcpipa,2026-10-02 06:21:34,1,429,
http://nbuv.gov.ua/j-tit/vcpipmp,2026-10-02 06:21:34,1,429,
http://nbuv.gov.ua/j-tit/vcpiri,2026-10-02 06:21:34,1,429,
http://nbuv.gov.ua/j-tit/vcpisa,2026-10-02 06:21:34,1,429,
http://nbuv.gov.ua/j-tit/vcpitevn,2026-10-02 06:21:34,1,429,
http://nbuv.gov.ua/j-tit/vcpitm,2026-10-02 06:21:34,1,429,
http://nbuv.gov.ua/j-tit/vcpitma,2026-10-02 06:21:34,1,429,
http://nbuv.gov.ua/j-tit/vcpitp,2026-10-02 06:21:34,1,429,
http://nbuv.gov.ua/j-tit/vcpitte,2026-10-02 06:21:34,1,429,
http://nbuv.gov.ua/j-tit/vcpixx,2026-10-02 06:21:34,1,429,
http://nbuv.gov.ua/j-tit/vdakkkm,2026-10-02 06:21:34,1,429,
http://nbuv.gov.ua/j-tit/vddau,2026-10-02 06:21:34,1,429,
http://nbuv.gov.ua/j-tit/vddfae,2026-10-02 06:21:34,1,429,
http://nbuv.gov.ua/j-tit/vddma,2026-10-02 06:21:34,1,403,
http://nbuv.gov.ua/j-tit/vddpucf,2026-10-02 06:21:34,1,429,
http://nbuv.gov.ua/j-tit/vdiso,2026-10-02 06:21:34,1,429,
http://nbuv.gov.ua/j-tit/vdisofj,2026-10-02 06:21:34,1,429,
http://nbuv.gov.ua/j-tit/vditb,2026-10-02 06:21:34,1,429,
http://nbuv.gov.ua/j-tit/vdnaba,2026-10-02 06:21:34,1,429,
http://nbuv.gov.ua/j-tit/vdndiceen,2026-10-02 06:21:34,1,403,
http://nbuv.gov.ua/j-tit/vdnua,2026-10-02 06:21:34,1,429,
http://nbuv.gov.ua/j-tit/vdnuete,2026-10-02 06:21:34,1,429,
http://nbuv.gov.ua/j-tit/vdnuetg,2026-10-02 06:21:34,1,429,
http://nbuv.gov.ua/j-tit/vdnuett,2026-10-02 06:21:34,1,429,
http://nbuv.gov.ua/j-tit/vdnug,2026-10-02 06:21:34,1,429,
http://nbuv.gov.ua/j-tit/vdnusc,2026-10-02 06:21:34,1,429,
http://nbuv.gov.ua/j-tit/vdnuv,2026-10-02 06:21:34,1,429,
http://nbuv.gov.ua/j-tit/vdnuvch,2026-10-02 06:21:34,1,403,
http://nbuv.gov.ua/j-tit/vdonnupn,2026-10-02 06:21:34,1,429,
http://nbuv.gov.ua/j-tit/vduep,2026-10-02 06:21:34,1,429,
http://nbuv.gov.ua/j-tit/vduepf,2026-10-02 06:21:34,1,429,
http://nbuv.gov.ua/j-tit/vduetp,2026-10-02 06:21:34,1,403,
http://nbuv.gov.ua/j-tit/vdufr,2026-10-02 06:21:34,1,429,
http://nbuv.gov.ua/j-tit/vdufsp,2026-10-02 06:21:34,1,403,
http://nbuv.gov.ua/j-tit/vdugg,2026-10-02 06:21:34,1,429,
http://nbuv.gov.ua/j-tit/vduia,2026-10-02 06:21:34,1,429,
http://nbuv.gov.ua/j-tit/vduifnt,2026-10-02 06:21:34,1,429,
http://nbuv.gov.ua/j-tit/vdujn,2026-10-02 06:21:34,1,403,
http://nbuv.gov.ua/j-tit/vdumat,2026-10-02 06:21:34,1,429,
http://nbuv.gov.ua/j-tit/vdumec,2026-10-02 06:21:34,1,429,
http://nbuv.gov.ua/j-tit/vdumi,2026-10-02 06:21:34,1,429,
http://nbuv.gov.ua/j-tit/vdumod,2026-10-02 06:21:34,1,429,
http://nbuv.gov.ua/j-tit/vdumov,2026-10-02 06:21:34,1,429,
http://nbuv.gov.ua/j-tit/vdupp,2026-10-02 06:21:34,1,429,
http://nbuv.gov.ua/j-tit/vdups,2026-10-02 06:21:34,1,429,
http://nbuv.gov.ua/j-tit/vdurkt,2026-10-02 06:21:34,1,429,
http://nbuv.gov.ua/j-tit/veit,2026-10-02 06:21:34,1,403,
http://nbuv.gov.ua/j-tit/vere,2026-10-02 06:21:34,1,403,
http://nbuv.gov.ua/j-tit/vetm,2026-10-02 06:21:34,1,429,
http://nbuv.gov.ua/j-tit/vetmed,2026-10-02 06:21:34,1,403,
http://nbuv.gov.ua/j-tit/vgie,2026-10-02 06:21:34,1,403,
http://nbuv.gov.ua/j-tit/vgnpu,2026-10-02 06:21:34,1,403,
http://nbuv.gov.ua/j-tit/vgs,2026-10-02 06:21:34,1,429,
http://nbuv.gov.ua/j-tit/vgtk,2026-10-02 06:21:34,1,429,
http://nbuv.gov.ua/j-tit/vhad,2026-10-02 06:21:34,1,429,
http://nbuv.gov.ua/j-tit/viche,2026-10-02 06:21:34,1,429,
http://nbuv.gov.ua/j-tit/vidv,2026-10-02 06:21:34,1,403,
http://nbuv.gov.ua/j-tit/viec,2026-10-02 06:21:34,1,429,
http://nbuv.gov.ua/j-tit/vien,2026-10-02 06:21:34,1,429,
http://nbuv.gov.ua/j-tit/viep,2026-10-02 06:21:34,1,403,
http://nbuv.gov.ua/j-tit/vino,2026-10-02 06:21:34,1,429,
http://nbuv.gov.ua/j-tit/vinogvinor,2026-10-02 06:21:34,1,429,
http://nbuv.gov.ua/j-tit/vioi,2026-10-02 06:21:34,1,429,
http://nbuv.gov.ua/j-tit/vios,2026-10-02 06:21:34,1,429,
http://nbuv.gov.ua/j-tit/visnuk,2026-10-02 06:21:34,1,429,
http://nbuv.gov.ua/j-tit/vispdoso,2026-10-02 06:21:34,1,429,
http://nbuv.gov.ua/j-tit/viv,2026-10-02 06:21:34,1,429,
http://nbuv.gov.ua/j-tit/vivc,2026-10-02 06:21:34,1,403,
http://nbuv.gov.ua/j-tit/vivkoz,2026-10-02 06:21:34,1,429,
http://nbuv.gov.ua/j-tit/vkauk,2026-10-02 06:21:34,1,403,
http://nbuv.gov.ua/j-tit/vkc,2026-10-02 06:21:34,1,429,
http://nbuv.gov.ua/j-tit/vkhucozrob,2026-10-02 06:21:34,1,403,
http://nbuv.gov.ua/j-tit/vknud,2026-10-02 06:21:34,1,429,
http://nbuv.gov.ua/j-tit/vknup,2026-10-02 06:21:34,1,429,
http://nbuv.gov.ua/j-tit/vknuppcr,2026-10-02 06:21:34,1,429,
http://nbuv.gov.ua/j-tit/vknut,2026-10-02 06:21:34,1,429,
http://nbuv.gov.ua/j-tit/vknutden,2026-10-02 06:21:34,1,429,
http://nbuv.gov.ua/j-tit/vknutdtn,2026-10-02 06:21:34,1,403,
http://nbuv.gov.ua/j-tit/vknutshp,2026-10-02 06:21:34,1,429,
http://nbuv.gov.ua/j-tit/vknyx,2026-10-02 06:21:34,1,429,
http://nbuv.gov.ua/j-tit/vkp,2026-10-02 06:21:34,1,429,
http://nbuv.gov.ua/j-tit/vkpnuen,2026-10-02 06:21:34,1,429,
http://nbuv.gov.ua/j-tit/vlteu,2026-10-02 06:21:34,1,403,
http://nbuv.gov.ua/j-tit/vluc,2026-10-02 06:21:34,1,403,
http://nbuv.gov.ua/j-tit/vluf,2026-10-02 06:21:34,1,429,
http://nbuv.gov.ua/j-tit/vlui,2026-10-02 06:21:34,1,403,
http://nbuv.gov.ua/j-tit/vlukbit,2026-10-02 06:21:34,1,403,
http://nbuv.gov.ua/j-tit/vlum,2026-10-02 06:21:34,1,429,
http://nbuv.gov.ua/j-tit/vlumb,2026-10-02 06:21:34,1,429,
http://nbuv.gov.ua/j-tit/vlup,2026-10-02 06:21:34,1,403,
http://nbuv.gov.ua/j-tit/vlups,2026-10-02 06:21:34,1,403,
http://nbuv.gov.ua/j-tit/vmbt,2026-10-02 06:21:34,1,429,
http://nbuv.gov.ua/j-tit/vmuk,2026-10-02 06:21:34,1,429,
http://nbuv.gov.ua/j-tit/vmvn,2026-10-02 06:21:34,1,429,
http://nbuv.gov.ua/j-tit/vnaddy,2026-10-02 06:21:34,1,429,
http://nbuv.gov.ua/j-tit/vnadpcurn,2026-10-02 06:21:34,1,429,
http://nbuv.gov.ua/j-tit/vnaduph,2026-10-02 06:21:34,1,429,
http://nbuv.gov.ua/j-tit/vnaduppu,2026-10-02 06:21:34,1,429,
http://nbuv.gov.ua/j-tit/vnanu,2026-10-02 06:21:34,1,429,
http://nbuv.gov.ua/j-tit/vndt,2026-10-02 06:21:34,1,429,
http://nbuv.gov.ua/j-tit/vntufil,2026-10-02 06:21:34,1,429,
http://nbuv.gov.ua/j-tit/vntuhpi,2026-10-02 06:21:34,1,429,
http://nbuv.gov.ua/j-tit/vntux_ctr,2026-10-02 06:21:34,1,429,
http://nbuv.gov.ua/j-tit/vnuchkpn,2026-10-02 06:21:34,1,429,
http://nbuv.gov.ua/j-tit/vnulpjn,2026-10-02 06:21:34,1,403,
http://nbuv.gov.ua/j-tit/vnulpurn,2026-10-02 06:21:34,1,429,
http://nbuv.gov.ua/j-tit/vnuuaup,2026-10-02 06:21:34,1,429,
http://nbuv.gov.ua/j-tit/vnuuauph,2026-10-02 06:21:34,1,429,
http://nbuv.gov.ua/j-tit/vnv,2026-10-02 06:21:34,1,429,
http://nbuv.gov.ua/j-tit/vnyuac,2026-10-02 06:21:34,1,429,
http://nbuv.gov.ua/j-tit/voda,2026-10-02 06:21:34,1,429,
http://nbuv.gov.ua/j-tit/volblag,2026-10-02 06:21:34,1,429,
http://nbuv.gov.ua/j-tit/votp,2026-10-02 06:21:34,1,403,
http://nbuv.gov.ua/j-tit/vott,2026-10-02 06:21:34,1,429,
http://nbuv.gov.ua/j-tit/vou,2026-10-02 06:21:34,1,429,
http://nbuv.gov.ua/j-tit/vpdty,2026-10-02 06:21:34,1,429,
http://nbuv.gov.ua/j-tit/vpm,2026-10-02 06:21:34,1,429,
http://nbuv.gov.ua/j-tit/vpnu_biol,2026-10-02 06:21:34,1,429,
http://nbuv.gov.ua/j-tit/vpnu_chem,2026-10-02 06:21:34,1,429,
http://nbuv.gov.ua/j-tit/vpnu_fiz_kult,2026-10-02 06:21:34,1,429,
http://nbuv.gov.ua/j-tit/vpopn,2026-10-02 06:21:34,1,429,
http://nbuv.gov.ua/j-tit/vpoupra,2026-10-02 06:21:34,1,429,
http://nbuv.gov.ua/j-tit/vprc,2026-10-02 06:21:34,1,429,
http://nbuv.gov.ua/j-tit/vprtu,2026-10-02 06:21:34,1,429,
http://nbuv.gov.ua/j-tit/vsrudmash,2026-10-02 06:21:34,1,429,
http://nbuv.gov.ua/j-tit/vtde,2026-10-02 06:21:34,1,429,
http://nbuv.gov.ua/j-tit/vtmb,2026-10-02 06:21:34,1,429,
http://nbuv.gov.ua/j-tit/vtzb,2026-10-02 06:21:34,1,429,
http://nbuv.gov.ua/j-tit/vumnuc,2026-10-02 06:21:34,1,429,
http://nbuv.gov.ua/j-tit/vunobpr,2026-10-02 06:21:34,1,429,
http://nbuv.gov.ua/j-tit/vusk,2026-10-02 06:21:34,1,429,
http://nbuv.gov.ua/j-tit/vuvmaao,2026-10-02 06:21:34,1,429,
http://nbuv.gov.ua/j-tit/vvas,2026-10-02 06:21:34,1,429,
http://nbuv.gov.ua/j-tit/vviem,2026-10-02 06:21:34,1,429,
http://nbuv.gov.ua/j-tit/vvnmu,2026-10-02 06:21:34,1,429,
http://nbuv.gov.ua/j-tit/vvpi,2026-10-02 06:21:34,1,429,
http://nbuv.gov.ua/j-tit/vvru,2026-10-02 06:21:34,1,429,
http://nbuv.gov.ua/j-tit/vvsu,2026-10-02 06:21:34,1,429,
http://nbuv.gov.ua/j-tit/vvtt,2026-10-02 06:21:34,1,429,
http://nbuv.gov.ua/j-tit/vzduffn,2026-10-02 06:21:34,1,403,
http://nbuv.gov.ua/j-tit/vzl,2026-10-02 06:21:34,1,403,
http://nbuv.gov.ua/j-tit/znpkhnpu_bio,2026-10-02 06:21:34,1,403,
http://nbuv.gov.ua/node/1539,2026-10-02 06:21:34,1,200,
http://ndiiv.org.ua,2026-10-02 06:21:34,1,200,
http://ndippp.gov.ua,2026-10-02 06:21:34,1,200,
http://ndiu.org.ua/,2026-10-02 06:21:34,0,404,
http://nemirov-mon.church.ua/,2026-10-02 06:21:34,1,403,
http://netishyn-cbs.edukit.km.ua/,2026-10-02 06:21:34,0,,ConnectTimeout
http://new.makinfo.org.ua/,2026-10-02 06:21:34,1,200,
http://neweraorchestra.com/,2026-10-02 06:21:34,1,200,
http://newtheatre.kiev.ua/,2026-10-02 06:21:34,1,200,
http://nezhin-mon.church.ua,2026-10-02 06:21:34,1,403,
http://niazkamenec.org.ua,2026-10-02 06:21:34,1,200,
http://niez-pereyaslav.com.ua/,2026-10-02 06:21:34,1,200,
http://nigin-museum.do.am,2026-10-02 06:21:34,1,200,
http://nikizmail-mon.church.ua,2026-10-02 06:21:34,1,403,
http://nikolotihvin-mon.church.ua/,2026-10-02 06:21:34,1,403,
http://nikopol.maup.com.ua/,2026-10-02 06:21:34,1,200,
http://nizhyn-bdu.edukit.cn.ua/,2026-10-02 06:21:34,0,,ConnectTimeout
http://nizhyn-cbs.edukit.cn.ua/,2026-10-02 06:21:34,0,,ConnectTimeout
http://nkddau.dp.ua/,2026-10-02 06:21:34,1,200,
http://nkddau.org.ua,2026-10-02 06:21:34,1,200,
http://nkkep.com/,2026-10-02 06:21:34,1,200,
http://nmedcol.com.ua/,2026-10-02 06:21:34,1,200,
http://nmmu.org/,2026-10-02 06:21:34,1,200,
http://noty.kiev.ua/ua/,2026-10-02 06:21:34,0,,ConnectTimeout
http://novapraga-bdut.edukit.kr.ua,2026-10-02 06:21:34,0,,ConnectTimeout
http://novavodolaga-bdut.edu.kh.ua,2026-10-02 06:21:34,0,,ConnectTimeout
http://novgorodka-bdut.edukit.kr.ua,2026-10-02 06:21:34,0,,ConnectTimeout
http://novovorontsovka-rcdt.edukit.kherson.ua/,2026-10-02 06:21:34,0,,ConnectTimeout
http://np.nbuv.gov.ua/en,2026-10-02 06:21:34,1,200,
http://nphj.nuph.edu.ua/,2026-10-02 06:21:34,1,200,
http://nplu.org/,2026-10-02 06:21:34,1,200,
http://nppd.com.ua/,2026-10-02 06:21:34,1,200,
http://nppsvyatygory.org.ua/,2026-10-02 06:21:34,0,404,
http://nrpcult.ukma.edu.ua/issue/archive,2026-10-02 06:21:34,1,200,
http://nrph.ukma.edu.ua/issue/archive,2026-10-02 06:21:34,1,200,
http://nrps.ukma.edu.ua/,2026-10-02 06:21:34,1,200,
http://nsdg.info,2026-10-02 06:21:34,1,200,
http://nsku.ck.ua/,2026-10-02 06:21:34,1,200,
http://nsku.org.ua,2026-10-02 06:21:34,1,200,
http://nspm.kiev.ua/,2026-10-02 06:21:34,0,,ConnectTimeout
http://nstdu.com.ua/,2026-10-02 06:21:34,1,200,
http://nt-art.net/,2026-10-02 06:21:34,1,200,
http://nti.khai.edu/ojs/index.php/aktt/index,2026-10-02 06:21:34,1,200,
http://nti.khai.edu/ojs/index.php/reks/index,2026-10-02 06:21:34,1,200,
http://ntsh.org,2026-10-02 06:21:34,1,200,
"http://nuczu.edu.ua/eng/, http://nuczu.edu.ua, http://nuczu.edu.ua/eng/, http://nuczu.edu.ua",2026-10-02 06:21:34,0,404,
http://nvlvet.com.ua/,2026-10-02 06:21:34,1,403,
http://nvmcbs.ukit.me/,2026-10-02 06:21:34,1,200,
http://nvorontsovka-crb.ks.sch.in.ua/,2026-10-02 06:21:34,0,,ConnectTimeout
http://nvp.loga.gov.ua/content/arhivniy_viddil_0,2026-10-02 06:21:34,1,403,
http://nyzhnia-apsha-dshm.edukit.uz.ua,2026-10-02 06:21:34,0,,ConnectTimeout
http://nz.ethnology.lviv.ua/archiv/2014-3/14.pdf,2026-10-02 06:21:34,0,404,
http://nz.lviv.ua/,2026-10-02 06:21:34,1,200,
http://obitel-nikolskoe.ru/,2026-10-02 06:21:34,1,200,
http://obitel.kh.ua/,2026-10-02 06:21:34,1,200,
http://oblenc.edukit.lg.ua,2026-10-02 06:21:34,0,,ConnectTimeout
http://oblfilarmonia.com/,2026-10-02 06:21:34,1,200,
http://obraz-ua.com.ua/,2026-10-02 06:21:34,1,200,
http://obukhovychi-bibl1.edukit.kiev.ua,2026-10-02 06:21:34,0,,ConnectTimeout
http://ocls.kyivlibs.org.ua/pushkin/golovna_pushkin.htm,2026-10-02 06:21:34,0,404,
http://ocpo.sumy.ua/,2026-10-02 06:21:34,1,200,
http://odaba.edu.ua/,2026-10-02 06:21:34,1,200,
http://oday-mon.church.ua,2026-10-02 06:21:34,1,403,
http://odb.km.ua/index.php/ourvid/17#gsc.tab=0,2026-10-02 06:21:34,0,,ConnectTimeout
http://odesskiy.com/otdih-v-odesse/memorial-geroicheskoj-oborony-odessy-411-j-beregovoj-batarei.html,2026-10-02 06:21:34,1,200,
http://odk.net.ua/,2026-10-02 06:21:34,1,200,
http://odmu.edu.ua/,2026-10-02 06:21:34,0,,ConnectionError
http://odportal.com.ua/,2026-10-02 06:21:34,1,200,
http://ofam.od.ua/publications/,2026-10-02 06:21:34,1,200,
http://ojs.akademperiodyka.org.ua/index.php/Zoodiversity/index,2026-10-02 06:21:34,1,200,
http://ojs.kgpa.km.ua/,2026-10-02 06:21:34,0,,ConnectTimeout
http://ojs.tdmu.edu.ua/index.php/act-pit-pediatr,2026-10-02 06:21:34,1,200,
http://ojs.tdmu.edu.ua/index.php/here/oai,2026-10-02 06:21:34,1,200,
http://ojs.tdmu.edu.ua/index.php/ijmr/index,2026-10-02 06:21:34,1,200,
http://ojs.tdmu.edu.ua/index.php/pharm-chas,2026-10-02 06:21:34,1,200,
http://ojs.tdmu.edu.ua/index.php/visnyk-nauk-dos,2026-10-02 06:21:34,1,200,
http://okhtyrka-dmsh.edukit.sumy.ua/,2026-10-02 06:21:34,0,,ConnectTimeout
http://okm.km.ua/,2026-10-02 06:21:34,0,,ConnectionError
http://olbio.com.ua/,2026-10-02 06:21:34,0,,ConnectionError
http://old-korets-mon.church.ua,2026-10-02 06:21:34,1,403,
http://old.lib.npu.edu.ua/new-collections/collections,2026-10-02 06:21:34,1,200,
http://oldnewspapers.com.ua/,2026-10-02 06:21:34,1,200,
http://oleksandria-cdut.edukit.kr.ua,2026-10-02 06:21:34,0,,ConnectTimeout
http://oleshkiv-dytbibl.edukit.kherson.ua/,2026-10-02 06:21:34,0,,ConnectTimeout
http://olexa.org.ua/index.htm,2026-10-02 06:21:34,0,404,
http://olha-church.org.ua/web/,2026-10-02 06:21:34,1,200,
http://ombudsman.gov.ua,2026-10-02 06:21:34,0,406,
http://omlk.com.ua/,2026-10-02 06:21:34,0,,ConnectTimeout
http://onestreet.kiev.ua/,2026-10-02 06:21:34,1,200,
http://oneu.edu.ua/,2026-10-02 06:21:34,1,200,
http://onu.edu.ua/en/culture/museums/rarebook,2026-10-02 06:21:34,1,200,
http://onu.edu.ua/uk/culture/museums/paleontalogical,2026-10-02 06:21:34,1,200,
http://onu.edu.ua/uk/culture/museums/zoological,2026-10-02 06:21:34,1,200,
http://onufrievsky-mon.church.ua/,2026-10-02 06:21:34,1,403,
http://openarchive.nure.ua/,2026-10-02 06:21:34,1,200,
http://opennight.org.ua/,2026-10-02 06:21:34,1,200,
http://openpolicy.org.ua/en,2026-10-02 06:21:34,0,,ConnectTimeout
http://opera.lviv.ua,2026-10-02 06:21:34,1,200,
http://operetta.com.ua/,2026-10-02 06:21:34,1,403,
http://ophcj.nuph.edu.ua/,2026-10-02 06:21:34,1,200,
http://opishne-museum.gov.ua/,2026-10-02 06:21:34,1,200,
http://opishne-museum.gov.ua/uk/poterrybooks/173-main,2026-10-02 06:21:34,0,404,
http://opposition.com.ua/ru,2026-10-02 06:21:34,1,200,
http://oralhistory.org.ua/,2026-10-02 06:21:34,1,403,
http://orpheus.com.ua/,2026-10-02 06:21:34,1,200,
http://orthodox-kr.org.ua/core/upl_images/Paskha_pozdravlenie.jpg,2026-10-02 06:21:34,0,404,
http://orthodox-medical.org.ua/,2026-10-02 06:21:34,1,200,
http://osbm-buchach.org.ua/,2026-10-02 06:21:34,1,200,
http://osmerkinmuseum.kr.ua/,2026-10-02 06:21:34,0,,ConnectTimeout
http://ostrobram.prihod.ru/,2026-10-02 06:21:34,1,403,
http://ostrohcastle.com.ua/,2026-10-02 06:21:34,1,200,
http://ostrovskogo.com.ua/,2026-10-02 06:21:34,1,200,
http://ostrovskymuseum.at.ua,2026-10-02 06:21:34,1,200,
http://osvita-mariupol.wixsite.com/school-66,2026-10-02 06:21:34,1,200,
http://othk.com.ua/,2026-10-02 06:21:34,1,200,
http://otp-journal.com.ua,2026-10-02 06:21:34,1,200,
http://oub.com.ua/,2026-10-02 06:21:34,1,200,
http://ounb.lutsk.ua,2026-10-02 06:21:34,1,200,
http://p-chernivtsi-mon.church.ua,2026-10-02 06:21:34,1,403,
http://p-space.narod.ru/index.html,2026-10-02 06:21:34,1,200,
http://painmedicine.org.ua,2026-10-02 06:21:34,1,200,
http://paisiy-mon.church.ua/,2026-10-02 06:21:34,1,403,
http://palac.dp.ua/,2026-10-02 06:21:34,1,200,
http://palac.km.ua/,2026-10-02 06:21:34,0,,ConnectTimeout
http://palace-ukraine.com/,2026-10-02 06:21:34,1,200,
http://palace.kiev.ua,2026-10-02 06:21:34,1,200,
http://pamjatky.org.ua/,2026-10-02 06:21:34,0,,ConnectionError
http://pano.pl.ua/,2026-10-02 06:21:34,1,200,
http://panorama.pl.ua/,2026-10-02 06:21:34,0,,ConnectionError
http://pantanasa-od-mon.church.ua,2026-10-02 06:21:34,1,403,
http://park-podillya.com.ua/,2026-10-02 06:21:34,1,200,
http://parkmuzey.wix.com/izmail,2026-10-02 06:21:34,0,404,
http://parovozy.ucoz.ua/,2026-10-02 06:21:34,0,,ReadTimeout
http://partenit-mon.church.ua/,2026-10-02 06:21:34,1,403,
http://pat.zsmu.edu.ua,2026-10-02 06:21:34,1,200,
http://pb.univd.edu.ua/,2026-10-02 06:21:34,1,403,
http://pbo.ztu.edu.ua/,2026-10-02 06:21:34,1,200,
http://pdatu.edu.ua,2026-10-02 06:21:34,1,200,
http://pdsem.mrezha.net/,2026-10-02 06:21:34,1,200,
http://peacekeeping-centre.in.ua,2026-10-02 06:21:34,1,200,
http://pech-cdut.at.ua/,2026-10-02 06:21:34,0,,ReadTimeout
http://pechersklibss.kiev.ua/,2026-10-02 06:21:34,0,,ConnectTimeout
http://pedagogica.tnpu.edu.ua/?page_id=12&lang=uk,2026-10-02 06:21:34,1,200,
http://pedpsy.duan.edu.ua/,2026-10-02 06:21:34,1,200,
http://pelageevka-mon.church.ua/,2026-10-02 06:21:34,1,403,
http://pema.khpi.edu.ua/,2026-10-02 06:21:34,1,200,
http://perdutbibl.blogspot.com/,2026-10-02 06:21:34,1,429,
http://perechyn-bdut.edukit.uz.ua/,2026-10-02 06:21:34,0,,ConnectTimeout
http://pereyaslav-mon.church.ua/,2026-10-02 06:21:34,1,403,
http://pervomayskyi-cbs.edu.kh.ua/,2026-10-02 06:21:34,0,,ConnectTimeout
http://petr-muzej.at.ua/,2026-10-02 06:21:34,1,200,
http://petropanchlibrary.moyblog.net/,2026-10-02 06:21:34,0,,ConnectTimeout
http://petrykivka.jimdo.com,2026-10-02 06:21:34,0,,"SSLError: HTTPSConnectionPool(host='petrykivka.jimdo.com', port=443): Max retries exceeded with url: / (Caused by SSLError(SSLError(1, '[SSL: SSLV3_ALERT_HANDSHAKE_FAILURE] sslv3 alert handshake failu"
http://pfirs.org,2026-10-02 06:21:34,0,,ConnectionError
http://pgasa.dp.ua/,2026-10-02 06:21:34,1,200,
http://pgasa.dp.ua/#&panel1-1,2026-10-02 06:21:34,1,200,
http://pharmed.zsmu.edu.ua,2026-10-02 06:21:34,1,200,
http://phd.znu.edu.ua/,2026-10-02 06:21:34,1,200,
http://phil.duan.edu.ua/index.php/uk,2026-10-02 06:21:34,1,200,
http://philarmonia.com.ua/,2026-10-02 06:21:34,1,200,
http://philarmonia.uz.ua,2026-10-02 06:21:34,1,200,
http://philharmonic.lg.ua/,2026-10-02 06:21:34,1,200,
http://philharmonic.lg.ua/about,2026-10-02 06:21:34,1,200,
http://physchem.od.ua/,2026-10-02 06:21:34,1,200,
http://physics.socionic.info/,2026-10-02 06:21:34,1,200,
http://pidlypne-bibl.edukit.sumy.ua/,2026-10-02 06:21:34,0,,ConnectTimeout
http://pilgrims.in.ua/,2026-10-02 06:21:34,1,200,
http://pivdenne-cdut.edu.kh.ua/,2026-10-02 06:21:34,0,,ConnectTimeout
http://pkm.poltava.ua/ua/,2026-10-02 06:21:34,1,200,
http://planetarium-kharkov.org/,2026-10-02 06:21:34,1,200,
http://plavni-mon.church.ua/,2026-10-02 06:21:34,1,403,
http://plaw.nlu.edu.ua,2026-10-02 06:21:34,1,200,
http://pleskachevka-mon.church.ua,2026-10-02 06:21:34,1,403,
http://plugnenskasb.at.ua/,2026-10-02 06:21:34,0,,ReadTimeout
http://pm-mm.dp.ua/,2026-10-02 06:21:34,1,403,
http://pmu.in.ua/,2026-10-02 06:21:34,1,200,
http://pmu.in.ua/category/exhibitions/,2026-10-02 06:21:34,1,200,
http://pmu.in.ua/pedago_memor_mus_ukraini/makaranko_budinok_musei_kremenchyg/,2026-10-02 06:21:34,1,200,
http://pnpu.edu.ua,2026-10-02 06:21:34,1,200,
http://pochaev.org.ua,2026-10-02 06:21:34,0,,ConnectionError
http://poetry.uazone.net,2026-10-02 06:21:34,1,200,
http://poetyka.uazone.net/,2026-10-02 06:21:34,1,200,
http://pok-sun.blogspot.com/,2026-10-02 06:21:34,1,429,
http://pokrlib.at.ua/,2026-10-02 06:21:34,1,200,
http://pokrov.ks.ua,2026-10-02 06:21:34,1,200,
http://pokrov.org.ua/,2026-10-02 06:21:34,1,200,
http://pokrova.nezhin.org/,2026-10-02 06:21:34,1,200,
http://polonia.kharkov.ua/ru,2026-10-02 06:21:34,1,200,
http://polonne-crb.at.ua/,2026-10-02 06:21:34,1,200,
http://poltava.archives.gov.ua/,2026-10-02 06:21:34,1,403,
http://poltavahistory.org.ua/,2026-10-02 06:21:34,1,200,
http://polytech.cv.ua/,2026-10-02 06:21:34,1,403,
http://pomoshnica.kiev.ua/,2026-10-02 06:21:34,0,,ConnectionError
http://ponu.dp.ua,2026-10-02 06:21:34,1,200,
http://popasna-bdut.edukit.lg.ua,2026-10-02 06:21:34,0,,ConnectTimeout
http://porohy.org/,2026-10-02 06:21:34,0,,ConnectionError
http://portal-pravoslavie.sumy.ua/,2026-10-02 06:21:34,1,200,
http://poshuk-lviv.org.ua,2026-10-02 06:21:34,0,,ConnectTimeout
http://poshyvailo-potters.gov.ua,2026-10-02 06:21:34,0,404,
http://pototsky-mon.church.ua,2026-10-02 06:21:34,1,403,
http://ppdut.pl.ua/,2026-10-02 06:21:34,1,200,
http://pptma.dn.ua/index.php/uk/,2026-10-02 06:21:34,1,403,
http://pr.ua/,2026-10-02 06:21:34,1,200,
http://pratsi.opu.ua/,2026-10-02 06:21:34,1,200,
http://pravkazak.org.ua/,2026-10-02 06:21:34,0,404,
http://pravobiblio.blogspot.com/,2026-10-02 06:21:34,1,429,
http://pravocn.org.ua,2026-10-02 06:21:34,1,200,
http://pravoslav.tv/,2026-10-02 06:21:34,0,,ConnectTimeout
http://prekrasastudio.com,2026-10-02 06:21:34,1,200,
http://press.ucu.edu.ua/,2026-10-02 06:21:34,1,403,
http://priaz-biblioteka.edukit.zp.ua/,2026-10-02 06:21:34,0,,ConnectTimeout
http://pridunavie.com.ua,2026-10-02 06:21:34,1,200,
http://prihod.ru/,2026-10-02 06:21:34,1,200,
http://primetour.ua/uk/excursions/museum/Muzey-masterskaya-Ivana-Kavaleridze.html,2026-10-02 06:21:34,0,404,
http://primorskoe-mon.church.ua/,2026-10-02 06:21:34,1,403,
http://prodetstvo.dp.ua/,2026-10-02 06:21:34,0,,ConnectionError
http://project57955.tilda.ws/7chudes,2026-10-02 06:21:34,1,200,
http://prokopovich.com.ua/nacionalnij-muzej-bdzhilnictva/,2026-10-02 06:21:34,1,200,
http://prolisok.org/,2026-10-02 06:21:34,0,404,
http://pronto.kiev.ua,2026-10-02 06:21:34,1,200,
http://proskuriv.info,2026-10-02 06:21:34,0,,ConnectionError
http://proslovo.com/,2026-10-02 06:21:34,1,200,
http://prostir.museum/ua/post/28860,2026-10-02 06:21:34,0,,ConnectTimeout
http://prostir.museum/ua/post/9388,2026-10-02 06:21:34,0,,ConnectTimeout
http://prosumy.biz/,2026-10-02 06:21:34,1,200,
http://protecting-memory-ua.org/,2026-10-02 06:21:34,1,200,
http://pryingul.inf.ua,2026-10-02 06:21:34,1,200,
http://pryluky-cmb.edukit.cn.ua,2026-10-02 06:21:34,0,,ConnectTimeout
http://pryluky-dytbiblioteka.edukit.cn.ua/,2026-10-02 06:21:34,0,,ConnectTimeout
http://psu.med-expert.com.ua/,2026-10-02 06:21:34,1,200,
http://pte.diit.edu.ua/,2026-10-02 06:21:34,1,403,
http://ptngu.com/,2026-10-02 06:21:34,1,200,
http://publib.kl.com.ua/,2026-10-02 06:21:34,1,200,
http://publications.lnu.edu.ua/bulletins/index.php/sociology/oai,2026-10-02 06:21:34,1,200,
http://pustomyty-dytbibl.edukit.lviv.ua/,2026-10-02 06:21:34,0,,ConnectTimeout
http://putyvl-mon.church.ua,2026-10-02 06:21:34,1,403,
http://pyriatyn-crb.edu.poltava.ua/,2026-10-02 06:21:34,0,,ConnectTimeout
http://pyrohiv.org.ua,2026-10-02 06:21:34,1,200,
http://pytlit.chnu.edu.ua/,2026-10-02 06:21:34,1,200,
http://pytlit.chnu.edu.ua/index.php/2306-2908/oai,2026-10-02 06:21:34,1,200,
http://r2u.org.ua,2026-10-02 06:21:34,1,200,
http://radap.kpi.ua/index.php/radiotechnique/oai,2026-10-02 06:21:34,1,200,
"http://radap.kpi.ua/radiotechnique, http://radap.kpi.ua/, http://radap.kpi.ua/radiotechnique, http://radap.kpi.ua/",2026-10-02 06:21:34,0,404,
http://radhospne-mon.church.ua,2026-10-02 06:21:34,1,403,
http://radoshivskasb.at.ua/,2026-10-02 06:21:34,0,,ReadTimeout
http://railway.lviv.ua,2026-10-02 06:21:34,0,,ConnectTimeout
http://rarebook.onu.edu.ua:8081/,2026-10-02 06:21:34,1,200,
http://ras.gov.ua/,2026-10-02 06:21:34,1,200,
http://raykov-mon.church.ua/,2026-10-02 06:21:34,1,403,
http://razdolnoe-mon.church.ua/,2026-10-02 06:21:34,1,403,
http://razumkov.org.ua/eng/,2026-10-02 06:21:34,1,403,
http://rdbsinyava.ucoz.ua,2026-10-02 06:21:34,1,200,
http://rdmsh.edu.kh.ua/,2026-10-02 06:21:34,0,,ConnectTimeout
http://rdobd.com.ua,2026-10-02 06:21:34,1,200,
http://reflections.eeit-edu.info,2026-10-02 06:21:34,1,200,
http://region.in.ua/elisavet/jmuz_u.html,2026-10-02 06:21:34,0,,ConnectTimeout
http://region.in.ua/elisavetgradmuseum.kr.ua/,2026-10-02 06:21:34,0,,ConnectTimeout
http://rep.btsau.edu.ua,2026-10-02 06:21:34,1,200,
http://repinka.com/,2026-10-02 06:21:34,1,200,
http://repo.dma.dp.ua/,2026-10-02 06:21:34,1,200,
http://repo.donnu.ru:8080/jspui/community-list,2026-10-02 06:21:34,1,200,
http://repo.knmu.edu.ua/,2026-10-02 06:21:34,0,,ConnectionError
http://repo.uipa.edu.ua/jspui/,2026-10-02 06:21:34,1,200,
http://repo.uipa.edu.ua/jspui/community-list,2026-10-02 06:21:34,1,200,
http://reposit.nupp.edu.ua/browse?type=title,2026-10-02 06:21:34,0,404,
http://repository.hdzva.edu.ua/home.jsp?locale=uk,2026-10-02 06:21:34,0,404,
http://repository.kpi.kharkov.ua,2026-10-02 06:21:34,1,200,
http://repository.pdmu.edu.ua/,2026-10-02 06:21:34,1,200,
http://repository.sspu.sumy.ua/,2026-10-02 06:21:34,1,200,
http://repro-health.com.ua/index,2026-10-02 06:21:34,1,200,
http://reproduct-endo.com/,2026-10-02 06:21:34,1,200,
http://rerixlib.blogspot.com/,2026-10-02 06:21:34,1,429,
http://resource.history.org.ua/,2026-10-02 06:21:34,1,200,
http://resource.history.org.ua/cgi-bin/eiu/history.exe?C21COM=F&I21DBN=EIU&P21DBN=EIU,2026-10-02 06:21:34,1,200,
http://resource.history.org.ua/cgi-bin/eiu/history.exe?C21COM=S&I21DBN=ELIB&P21DBN=ELIB&S21FMT=brief_elib&S21ALL=(%3C.%3EIHU%3D!%3C.%3E)&S21SRW=dp&S21SRD=DOWN&S21STN=1&S21REF=15&S21CNR=10,2026-10-02 06:21:34,1,200,
http://resource.history.org.ua/cgi-bin/eiu/history.exe?I21DBN=EJRN&P21DBN=EJRN&S21SRW=name&S21SRD=UP&S21REF=10&S21CNR=50&S21STN=1&S21FMT=j_brief&C21COM=S&2_S21P03=VTYP=&2_S21STR=J,2026-10-02 06:21:34,1,200,
http://resource.history.org.ua/cgi-bin/eiu/history.exe?I21DBN=ELIB&P21DBN=ELIB&S21REF=10&S21CNR=20&S21STN=1&S21SRW=dp&S21SRD=DOWN&S21FMT=brief_elib&C21COM=S&2_S21P03=EDOC=&2_S21STR=1,2026-10-02 06:21:34,1,200,
http://resource.history.org.ua/cgi-bin/eiu/history.exe?S21CNR=20&S21STN=1&S21REF=2&C21COM=S&I21DBN=ELIB&P21DBN=ELIB&S21All=%3C.%3ECAT=16%3C.%3E&S21FMT=brief_eiu&S21SRW=dp&S21SRD=DOWN,2026-10-02 06:21:34,1,200,
http://restorer.kiev.ua,2026-10-02 06:21:34,1,200,
http://retro.zp.ua/,2026-10-02 06:21:34,1,403,
http://revutsky.at.ua/,2026-10-02 06:21:34,0,404,
http://ri-urbanhistory.org.ua/,2026-10-02 06:21:34,1,200,
http://ric.zntu.edu.ua,2026-10-02 06:21:34,1,200,
http://ripkivska-sb.at.ua/,2026-10-02 06:21:34,0,503,
http://ripky-bibl.edukit.cn.ua/,2026-10-02 06:21:34,0,,ConnectTimeout
http://rivne-mon.church.ua,2026-10-02 06:21:34,1,403,
http://rivnelibr.rv.ua/,2026-10-02 06:21:34,0,,ConnectionError
http://rj-monastur.at.ua/,2026-10-02 06:21:34,0,,ReadTimeout
http://rocnt.com.ua/,2026-10-02 06:21:34,0,500,
http://rogachiv-mon.church.ua,2026-10-02 06:21:34,1,403,
http://rogi-mon.church.ua,2026-10-02 06:21:34,1,403,
http://roklibr.at.ua/,2026-10-02 06:21:34,0,,ReadTimeout
http://rokoshino-mon.church.ua/,2026-10-02 06:21:34,1,403,
http://romagenocide.com.ua/,2026-10-02 06:21:34,1,200,
http://romanivka-mon.church.ua/,2026-10-02 06:21:34,1,403,
http://romny-dytbibl.edukit.sumy.ua/,2026-10-02 06:21:34,0,,ConnectTimeout
http://romny-dytbibl1.edukit.sumy.ua/,2026-10-02 06:21:34,0,,ConnectTimeout
http://romny-raybibl.sumy.sch.in.ua/,2026-10-02 06:21:34,0,,ConnectTimeout
http://ronmb.org.ua/,2026-10-02 06:21:34,0,,ConnectTimeout
http://ropyanyk.com/,2026-10-02 06:21:34,0,,ConnectionError
http://royaldanceteam.com.ua/,2026-10-02 06:21:34,0,,ConnectionError
http://rozdilna-biblioteka.blogspot.com/,2026-10-02 06:21:34,1,200,
http://rshu.edu.ua/,2026-10-02 06:21:34,0,,ConnectionError
http://rt.nure.ua/index.php/0485-8972/oai,2026-10-02 06:21:34,1,200,
http://russia.mfa.gov.ua/ru,2026-10-02 06:21:34,1,403,
http://rusteatr.odessa.ua/,2026-10-02 06:21:34,1,403,
http://ryhly-mon.church.ua,2026-10-02 06:21:34,1,403,
http://sakhnov-cbs.edu.kh.ua/,2026-10-02 06:21:34,0,,ConnectTimeout
http://samarsky-mon.church.ua/,2026-10-02 06:21:34,1,403,
http://samchyky.com.ua/,2026-10-02 06:21:34,0,,ConnectionError
http://sapun-gora-mon.church.ua/,2026-10-02 06:21:34,1,403,
http://sarata-cbs.edukit.od.ua/,2026-10-02 06:21:34,0,,ConnectTimeout
http://sarata-crb.od.sch.in.ua/,2026-10-02 06:21:34,0,,ConnectTimeout
http://satanov-mon.church.ua,2026-10-02 06:21:34,1,403,
http://saugustyn.narod.ru/Sacerdos/mucheniki.htm,2026-10-02 06:21:34,1,200,
http://savva.org.ua/,2026-10-02 06:21:34,1,200,
http://savvynsky-mon.church.ua/,2026-10-02 06:21:34,1,403,
http://saxalin.com.ua/,2026-10-02 06:21:34,0,,ConnectionError
http://sb-keip.kpi.ua/,2026-10-02 06:21:34,1,200,
http://sb-keip.kpi.ua/index.php/2310-5534/oai,2026-10-02 06:21:34,1,200,
http://sbk.inf.ua/,2026-10-02 06:21:34,1,200,
http://school22.com.ua/,2026-10-02 06:21:34,1,200,
http://school53mar.wixsite.com/0629,2026-10-02 06:21:34,1,200,
http://scp.univ.kiev.ua/ua/,2026-10-02 06:21:34,1,200,
http://scriptwritersua.wixsite.com/kinoscript/,2026-10-02 06:21:34,1,200,
http://sd.maup.com.ua/,2026-10-02 06:21:34,0,,ConnectionError
http://sds.sumy.ua/,2026-10-02 06:21:34,1,200,
http://sedovo.at.ua/,2026-10-02 06:21:34,1,200,
http://semenov-foundation.org/,2026-10-02 06:21:34,0,,ConnectionError
http://seminaria.rv.ua/,2026-10-02 06:21:34,1,403,
http://serafimovsky-mon.church.ua/,2026-10-02 06:21:34,1,403,
http://sergeevka-mon.church.ua/,2026-10-02 06:21:34,1,403,
http://sevmuz.lg.ua,2026-10-02 06:21:34,1,200,
http://sfa.org.ua,2026-10-02 06:21:34,1,403,
http://sgiaz.uamuseum.com,2026-10-02 06:21:34,1,403,
http://sh19kamensk.do.am,2026-10-02 06:21:34,1,200,
http://shakhtar.com/,2026-10-02 06:21:34,1,200,
http://shargorod-mon.church.ua/,2026-10-02 06:21:34,1,403,
http://shchedryk.in.ua/,2026-10-02 06:21:34,0,,ConnectionError
http://shevcbs.kiev.ua/?path=0/2/1757/9432&id=9444,2026-10-02 06:21:34,1,200,
http://shevchenko-museum.com.ua/,2026-10-02 06:21:34,1,200,
http://shpark.com.ua/,2026-10-02 06:21:34,1,200,
http://shpola-cbs.edukit.ck.ua/,2026-10-02 06:21:34,0,,ConnectTimeout
http://sila-duha.pp.ua/,2026-10-02 06:21:34,0,,ConnectionError
http://simblago.com/,2026-10-02 06:21:34,0,,ConnectionError
http://sirenfest.net.ua/,2026-10-02 06:21:34,0,,ConnectTimeout
http://sit.nuou.org.ua,2026-10-02 06:21:34,1,200,
http://sites.znu.edu.ua/liberal_edu/,2026-10-02 06:21:34,0,404,
http://sites.znu.edu.ua/rmv/,2026-10-02 06:21:34,0,404,
http://sites.znu.edu.ua/stud-sci-soc/,2026-10-02 06:21:34,0,404,
http://sites.znu.edu.ua/vchena-rada/,2026-10-02 06:21:34,0,404,
http://sites.znu.edu.ua/vdpp/,2026-10-02 06:21:34,0,404,
http://siver.org.ua/,2026-10-02 06:21:34,1,200,
"http://skhid.kubg.edu.ua, http://skhid.com.ua/",2026-10-02 06:21:34,0,,InvalidURL
http://skhid.kubg.edu.ua/,2026-10-02 06:21:34,1,200,
http://skole-bibl.edukit.lviv.ua/,2026-10-02 06:21:34,0,,ConnectTimeout
http://skupka-antikvariata.com.ua/,2026-10-02 06:21:34,1,200,
http://skvyra-artschool.edukit.kiev.ua,2026-10-02 06:21:34,0,,ConnectTimeout
http://slav-library.dn.ua/,2026-10-02 06:21:34,1,200,
http://slavsut.ucoz.org/,2026-10-02 06:21:34,0,404,
http://slavuta-mon.church.ua,2026-10-02 06:21:34,1,403,
http://slavuta-mvk.info/,2026-10-02 06:21:34,1,200,
http://slavutichlib.com.ua/,2026-10-02 06:21:34,1,200,
http://slkpi.dig-content.com.ua/documents/visu/1,2026-10-02 06:21:34,0,,ConnectTimeout
http://slkpi.dig-content.com.ua/documents/visu/2,2026-10-02 06:21:34,0,,ConnectTimeout
http://slkpi.dig-content.com.ua/uploads/objects/10/pdf/analiz-sintez_konovalov.pdf,2026-10-02 06:21:34,0,,ConnectTimeout
http://slkpi.dig-content.com.ua/uploads/objects/11/pdf/kvl_prakt-zanyatiya.pdf,2026-10-02 06:21:34,0,,ConnectTimeout
http://slkpi.dig-content.com.ua/uploads/objects/12/pdf/nafteni-konovalova.pdf,2026-10-02 06:21:34,0,,ConnectTimeout
http://slkpi.dig-content.com.ua/uploads/objects/13/pdf/nitruyuschee_kvl.pdf,2026-10-02 06:21:34,0,,ConnectTimeout
http://slkpi.dig-content.com.ua/uploads/objects/14/pdf/o_vidoizmenenii.pdf,2026-10-02 06:21:34,0,,ConnectTimeout
http://slkpi.dig-content.com.ua/uploads/objects/15/pdf/ob_ustalosti_metallov.pdf,2026-10-02 06:21:34,0,,ConnectTimeout
http://slkpi.dig-content.com.ua/uploads/objects/16/pdf/ob_izomeracii.pdf,2026-10-02 06:21:34,0,,ConnectTimeout
http://slkpi.dig-content.com.ua/uploads/objects/17/pdf/zametki_kvl.pdf,2026-10-02 06:21:34,0,,ConnectTimeout
http://slkpi.dig-content.com.ua/uploads/objects/18/pdf/deyatelnost_konkvalova.pdf,2026-10-02 06:21:34,0,,ConnectTimeout
http://slkpi.dig-content.com.ua/uploads/objects/19/pdf/prakt_upr-konovalov.pdf,2026-10-02 06:21:34,0,,ConnectTimeout
http://slkpi.dig-content.com.ua/uploads/objects/20/pdf/pamyati_kvl.pdf,2026-10-02 06:21:34,0,,ConnectTimeout
http://slkpi.dig-content.com.ua/uploads/objects/21/pdf/professor_kvl.pdf,2026-10-02 06:21:34,0,,ConnectTimeout
http://slkpi.dig-content.com.ua/uploads/objects/4/pdf/vyshnegradsky.pdf,2026-10-02 06:21:34,0,,ConnectTimeout
http://slkpi.dig-content.com.ua/uploads/objects/5/pdf/otchet_KVL.pdf,2026-10-02 06:21:34,0,,ConnectTimeout
http://slkpi.dig-content.com.ua/uploads/objects/6/pdf/besedy_mehanike_kvl.pdf,2026-10-02 06:21:34,0,,ConnectTimeout
http://slkpi.dig-content.com.ua/uploads/objects/7/pdf/lishniya%20neizvestniya%20.pdf,2026-10-02 06:21:34,0,,ConnectTimeout
http://slkpi.dig-content.com.ua/uploads/objects/8/pdf/ob_ustalosti_metallov.pdf,2026-10-02 06:21:34,0,,ConnectTimeout
http://slkpi.dig-content.com.ua/uploads/objects/9/pdf/zametka_kirpicheva.pdf,2026-10-02 06:21:34,0,,ConnectTimeout
http://sloboda-mon.church.ua/,2026-10-02 06:21:34,1,403,
http://slovoprosvity.org/,2026-10-02 06:21:34,0,,ConnectTimeout
http://sm.mari.kiev.ua/,2026-10-02 06:21:34,1,403,
http://snihurivka-cbs.edukit.mk.ua/,2026-10-02 06:21:34,0,,ConnectTimeout
http://sobor.sumy.ua/,2026-10-02 06:21:34,1,200,
http://socio-cultural.knukim.edu.ua/,2026-10-02 06:21:34,1,200,
http://sofiyivka.org.ua/,2026-10-02 06:21:34,1,200,
http://sofronieva-mon.church.ua,2026-10-02 06:21:34,1,403,
http://solzhenitsyn-exhibition.ru/exposition/index.php,2026-10-02 06:21:34,1,200,
http://sphhcj.nuph.edu.ua/,2026-10-02 06:21:34,1,200,
http://spm.org.ua/,2026-10-02 06:21:34,1,200,
http://spmm.church/,2026-10-02 06:21:34,0,,ConnectionError
http://stancia.at.ua/,2026-10-02 06:21:34,0,,ReadTimeout
http://stanislaw.in.ua/,2026-10-02 06:21:34,1,200,
http://starobelsk-mon.church.ua/,2026-10-02 06:21:34,1,403,
http://starobilsk-dytunat-bibl.edukit.lg.ua/Офіційна,2026-10-02 06:21:34,0,,ConnectTimeout
http://staroselsky-mon.church.ua/,2026-10-02 06:21:34,1,403,
http://state-gov.sumy.ua/,2026-10-02 06:21:34,1,200,
http://stb.loga.gov.ua/content/arhivniy_viddil,2026-10-02 06:21:34,1,403,
http://steblev-mon.church.ua,2026-10-02 06:21:34,1,403,
http://stepanovka-mon.church.ua/,2026-10-02 06:21:34,1,403,
http://steppe.mk.ua/,2026-10-02 06:21:34,1,200,
http://storinkamiukraini.blogspot.com/,2026-10-02 06:21:34,1,429,
http://stp.diit.edu.ua/,2026-10-02 06:21:34,1,200,
http://studyty.org.ua/,2026-10-02 06:21:34,1,200,
http://sum.in.ua/,2026-10-02 06:21:34,0,,ConnectTimeout
http://sumdu.edu.ua,2026-10-02 06:21:34,1,200,
http://sumy-sob.church.ua/,2026-10-02 06:21:34,1,403,
http://supermif.com/istoria_greki/2_istoria_greki.html,2026-10-02 06:21:34,1,200,
http://sut3.edu.kh.ua/,2026-10-02 06:21:34,0,,ConnectTimeout
http://sv-carstv-muchenikov.prihod.ru/,2026-10-02 06:21:34,1,200,
http://sv-duhovsky-mon.church.ua,2026-10-02 06:21:34,1,403,
http://sverdlovsk-mriya.edukit.lg.ua/,2026-10-02 06:21:34,0,,ConnectTimeout
http://svitlofor-kids.com.ua,2026-10-02 06:21:34,0,,ConnectionError
http://svityaz-mon.church.ua/,2026-10-02 06:21:34,1,403,
http://svlavra.dn.ua/,2026-10-02 06:21:34,1,200,
http://svlyka.cerkov.ru/,2026-10-02 06:21:34,1,200,
http://svmisto.com.ua/aboutcity/894-turistichno-privabliv-obyekti-svtlovodska-mskiy-krayeznavchiy-muzey.html,2026-10-02 06:21:34,1,403,
http://svoye.wordpress.com/,2026-10-02 06:21:34,1,200,
http://svtluka.org.ua/,2026-10-02 06:21:34,1,200,
http://svyatogirsk-mon.church.ua/,2026-10-02 06:21:34,1,403,
http://svyatonikolskiy.cerkov.ru/,2026-10-02 06:21:34,1,200,
http://swija.com.ua/,2026-10-02 06:21:34,1,200,
http://symoniv-mon.church.ua,2026-10-02 06:21:34,1,403,
http://talne-rbdu.edukit.ck.ua,2026-10-02 06:21:34,0,,ConnectTimeout
http://tarasivka-mon.church.ua/,2026-10-02 06:21:34,1,403,
http://tatarbunary-cbs.edukit.od.ua/,2026-10-02 06:21:34,0,,ConnectTimeout
http://tavrida-museum.ru,2026-10-02 06:21:34,1,200,
http://tdf.com.ua/,2026-10-02 06:21:34,1,200,
http://te.archives.gov.ua/public/uploads/putivnuk.pdf,2026-10-02 06:21:34,0,,ConnectionError
http://tea-atr.com/,2026-10-02 06:21:34,1,200,
http://teatr-aktor.kiev.ua/,2026-10-02 06:21:34,1,200,
http://teatr-khust.com.ua/,2026-10-02 06:21:34,0,,ConnectionError
http://teatr-koleso.kiev.ua/,2026-10-02 06:21:34,1,200,
http://teatr-kukol.ks.ua/,2026-10-02 06:21:34,1,403,
http://teatr-neft.com/ua,2026-10-02 06:21:34,1,403,
http://teatr-romans.com.ua,2026-10-02 06:21:34,1,200,
http://teatr.kolomyya.org/,2026-10-02 06:21:34,1,200,
http://teatralo4ka.odessa.ua/,2026-10-02 06:21:34,0,,ConnectionError
http://teatrkukol.com.ua/,2026-10-02 06:21:34,1,200,
http://teatrkukol.dp.ua/,2026-10-02 06:21:34,1,200,
http://teatrkulisha.org/,2026-10-02 06:21:34,1,200,
http://teatrlesi.lviv.ua,2026-10-02 06:21:34,1,200,
http://tec.in.ua/,2026-10-02 06:21:34,1,200,
http://tereblya-mon.church.ua/,2026-10-02 06:21:34,1,403,
http://terioshkola.org.ua/en/novitates.htm,2026-10-02 06:21:34,1,200,
http://ternivka-mon.church.ua/,2026-10-02 06:21:34,1,403,
http://ternovatoe-mon.church.ua/,2026-10-02 06:21:34,1,403,
http://ternovka-mon.church.ua/,2026-10-02 06:21:34,1,403,
http://theatreyalta.com/,2026-10-02 06:21:34,1,200,
http://thenakedroom.com,2026-10-02 06:21:34,1,200,
"http://thermopipe.com.ua/pan1/index.html , http://thermopipe.com.ua/pan2/index.html , http://thermopipe.com.ua/pan3/index.html , http://thermopipe.com.ua/pan4/index.html",2026-10-02 06:21:34,0,,ConnectionError
http://theschoolofkyiv.org/,2026-10-02 06:21:34,1,200,
http://tiachiv-enc.edukit.uz.ua/,2026-10-02 06:21:34,0,,ConnectTimeout
http://tismenitsa.if.ua/,2026-10-02 06:21:34,1,403,
http://tlaw.nlu.edu.ua/,2026-10-02 06:21:34,1,200,
http://tmc.te.ua/,2026-10-02 06:21:34,0,,ConnectionError
http://tmf-museum.kiev.ua/,2026-10-02 06:21:34,1,200,
http://tmfv.com.ua/journal/oai,2026-10-02 06:21:34,1,200,
http://tntu.edu.ua/,2026-10-02 06:21:34,1,200,
http://tnv-econom.ksauniv.ks.ua/,2026-10-02 06:21:34,1,200,
http://tomainstytut.org/,2026-10-02 06:21:34,1,200,
http://tomashivka-mon.church.ua/,2026-10-02 06:21:34,1,403,
http://toretsmus.wordpress.com,2026-10-02 06:21:34,1,200,
http://tppe.econom.univ.kiev.ua/,2026-10-02 06:21:34,1,200,
http://tr-lib.at.ua/,2026-10-02 06:21:34,0,404,
http://trakhtemyriv.org.ua/,2026-10-02 06:21:34,1,200,
http://trebovlyamuseum.at.ua/,2026-10-02 06:21:34,1,200,
http://trening-center.edukit.lviv.ua/,2026-10-02 06:21:34,0,,ConnectTimeout
http://tribune.com.ua,2026-10-02 06:21:34,1,403,
http://trifon.kiev.ua/,2026-10-02 06:21:34,1,200,
http://trigorsky-mon.church.ua/,2026-10-02 06:21:34,1,403,
http://troitsky-mon.church.ua/,2026-10-02 06:21:34,1,403,
http://tronkocentr.karazin.ua,2026-10-02 06:21:34,1,200,
http://trostianets-biblioteka.edukit.sumy.ua,2026-10-02 06:21:34,0,,ConnectTimeout
http://tsdial.archives.gov.ua/index.html,2026-10-02 06:21:34,1,403,
http://tsel-pryluky-mon.church.ua,2026-10-02 06:21:34,1,403,
http://tsepcevichi-rv.ucoz.com/,2026-10-02 06:21:34,1,200,
http://tseptsevichi-mon.church.ua,2026-10-02 06:21:34,1,403,
http://tserkovshchina.church.ua/,2026-10-02 06:21:34,1,403,
http://ttdruk.vpi.kpi.ua,2026-10-02 06:21:34,1,200,
http://ttdruk.vpi.kpi.ua/index.php/2077-7264/oai,2026-10-02 06:21:34,1,200,
http://tuk.lviv.ua/,2026-10-02 06:21:34,0,,ConnectionError
http://tulchynska.gromada.org.ua/tulchinskij-kraeznavchij-muzej-10-09-14-23-07-2019/,2026-10-02 06:21:34,1,200,
http://turiysk-crb.edukit.volyn.ua/,2026-10-02 06:21:34,0,,ConnectTimeout
http://turizm.lugasport.info/,2026-10-02 06:21:34,1,403,
http://tuskan-mon.church.ua/,2026-10-02 06:21:34,1,403,
http://tvuk.at.ua,2026-10-02 06:21:34,1,200,
http://txim.history.knu.ua,2026-10-02 06:21:34,1,200,
http://tyshivmonastyr.in.ua/,2026-10-02 06:21:34,0,,ConnectionError
http://tyz.kharkov.ua/,2026-10-02 06:21:34,1,200,
http://ua.appsyjournal.com/,2026-10-02 06:21:34,1,200,
http://ua.bykivnya.org/,2026-10-02 06:21:34,0,,ConnectionError
http://ua.judaicacenter.kiev.ua,2026-10-02 06:21:34,0,,ConnectionError
http://uad.lviv.ua/,2026-10-02 06:21:34,0,,ConnectionError
http://uainworld.com,2026-10-02 06:21:34,1,200,
http://uajcea.pgasa.dp.ua/,2026-10-02 06:21:34,1,200,
http://uajs.org.ua/en,2026-10-02 06:21:34,1,403,
http://uamedia.visti.net,2026-10-02 06:21:34,1,403,
http://uamuseum.com/v58-Muzey-istorii-doneckoy-milicii.html,2026-10-02 06:21:34,1,200,
http://uanime.org.ua/manga/,2026-10-02 06:21:34,0,404,
http://uapatents.com/,2026-10-02 06:21:34,1,200,
http://uapostalmuseum.org,2026-10-02 06:21:34,1,200,
http://uartlib.org/,2026-10-02 06:21:34,1,200,
http://ubphj.nuph.edu.ua/,2026-10-02 06:21:34,1,200,
http://ubphj.nuph.edu.ua/article/view/ubphj.17.141,2026-10-02 06:21:34,1,200,
http://udpu.org.ua/,2026-10-02 06:21:34,1,200,
http://ufj.ho.ua/,2026-10-02 06:21:34,0,,ConnectionError
http://ugcc.ua/,2026-10-02 06:21:34,1,200,
http://uht.org.ua/ua/,2026-10-02 06:21:34,0,,ConnectionError
http://uipa.edu.ua/,2026-10-02 06:21:34,1,200,
http://ujpp.med-expert.com.ua/index,2026-10-02 06:21:34,1,200,
http://ukmuseum.com.ua/,2026-10-02 06:21:34,0,,ConnectionError
http://ukr-vo.org/,2026-10-02 06:21:34,1,200,
http://ukraine-today.com/education/universities/universities.shtml,2026-10-02 06:21:34,1,200,
http://ukrainecalling.eu/uk,2026-10-02 06:21:34,0,,ConnectTimeout
http://ukraineunderattack.org/en,2026-10-02 06:21:34,1,200,
http://ukrainianweek.com,2026-10-02 06:21:34,1,200,
http://ukrainianworldcongress.org,2026-10-02 06:21:34,1,200,
"http://ukrbiochemjournal.org/, http://ua.ukrbiochemjournal.org/",2026-10-02 06:21:34,0,404,
http://ukrcei.org,2026-10-02 06:21:34,1,200,
http://ukrdim.com.ua/,2026-10-02 06:21:34,0,,ConnectTimeout
http://ukrkniga.org.ua/,2026-10-02 06:21:34,1,200,
http://ukrknyga.at.ua/load/sas_p_m_zaporozhci_u_polsko_moskovskij_vijni_naprikinci_smuti_1617_1618_rr_bila_cerkva_vid_o_v_pshonkivskij_2010_512_s/12-1-0-2224,2026-10-02 06:21:34,0,,ConnectionError
http://ukrlc.org/,2026-10-02 06:21:34,0,,ConnectTimeout
http://ukrlife.org/,2026-10-02 06:21:34,1,200,
http://ukrlugteatr.com/,2026-10-02 06:21:34,1,200,
http://ukrmus.files.wordpress.com/,2026-10-02 06:21:34,0,404,
http://ukrpolnauka.wordpress.com/,2026-10-02 06:21:34,1,200,
http://ukrssr.com.ua/,2026-10-02 06:21:34,1,403,
http://umsf.dp.ua/,2026-10-02 06:21:34,1,200,
http://undiasd.archives.gov.ua/doc/metric-books/mbv1.pdf,2026-10-02 06:21:34,1,403,
http://undiasd.archives.gov.ua/doc/metric-books/mbv2.pdf,2026-10-02 06:21:34,1,403,
http://undiasd.archives.gov.ua/doc/metric-books/mbv3.pdf,2026-10-02 06:21:34,1,403,
http://undiasd.archives.gov.ua/doc/metric-books/mbv4.pdf,2026-10-02 06:21:34,1,403,
http://undiasd.archives.gov.ua/doc/metric-books/mbv6.pdf,2026-10-02 06:21:34,1,403,
http://undiasd.archives.gov.ua/doc/metric-books/mbv7.pdf,2026-10-02 06:21:34,1,403,
http://ungvar.vox.com.ua/,2026-10-02 06:21:34,0,502,
http://unilibnsd.diit.edu.ua/index,2026-10-02 06:21:34,1,200,
http://urdisc.com.ua/,2026-10-02 06:21:34,1,200,
http://ush.com.ua/lvnuif,2026-10-02 06:21:34,1,200,
http://usim.org.ua/,2026-10-02 06:21:34,1,200,
http://uspen-odessa-mon.church.ua,2026-10-02 06:21:34,1,403,
http://utek.uz.ua/,2026-10-02 06:21:34,1,200,
http://uu.edu.ua/,2026-10-02 06:21:34,1,200,
http://uvan.org,2026-10-02 06:21:34,1,403,
http://uventa.ks.ua/,2026-10-02 06:21:34,0,,ConnectionError
http://uzhgorod-mon.church.ua/,2026-10-02 06:21:34,1,403,
http://v-khsac.in.ua/,2026-10-02 06:21:34,1,200,
http://v-perspektyvy.com.ua/,2026-10-02 06:21:34,0,,ConnectionError
http://valky-artschool.edu.kh.ua,2026-10-02 06:21:34,0,,ConnectTimeout
http://valky-museum.at.ua/,2026-10-02 06:21:34,0,,ReadTimeout
http://varvarovka-mon.church.ua/,2026-10-02 06:21:34,1,403,
http://vas-cdt.do.am/,2026-10-02 06:21:34,1,200,
http://vashkovtsy-mon.church.ua,2026-10-02 06:21:34,1,403,
http://vasiliyryabchenko.com/,2026-10-02 06:21:34,0,,ConnectionError
http://vasilkov.info/index.php?go=Files&in=cat&id=12,2026-10-02 06:21:34,1,200,
http://vb.vpba.edu.ua/,2026-10-02 06:21:34,1,200,
http://vbiblioteke.at.ua/,2026-10-02 06:21:34,0,,ReadTimeout
http://vburluk-cdut.edu.kh.ua,2026-10-02 06:21:34,0,,ConnectTimeout
http://vcrc.org.ua/,2026-10-02 06:21:34,1,200,
http://velikobud-mon.church.ua,2026-10-02 06:21:34,1,403,
http://ven.chdtu.edu.ua/index.php/2306-4420/oai,2026-10-02 06:21:34,1,200,
http://verbka-mon.church.ua/,2026-10-02 06:21:34,1,403,
http://verchovynastr.at.ua,2026-10-02 06:21:34,1,200,
http://veres.yolasite.com/,2026-10-02 06:21:34,1,403,
http://vereschagin.com.ua,2026-10-02 06:21:34,1,403,
http://veresoch-mon.church.ua,2026-10-02 06:21:34,1,403,
http://verim.dp.ua/,2026-10-02 06:21:34,1,200,
http://verkhovyna.life/dovbush,2026-10-02 06:21:34,1,200,
http://vernisaz.blogspot.com/,2026-10-02 06:21:34,1,429,
http://veselynivka.church.ua/,2026-10-02 06:21:34,1,403,
http://vestnikzgia.com.ua/,2026-10-02 06:21:34,1,200,
http://vgosau.kiev.ua/,2026-10-02 06:21:34,1,200,
http://vgpk.com.ua/,2026-10-02 06:21:34,1,200,
http://via.dp.ua/,2026-10-02 06:21:34,1,403,
http://vidrodzhennya.org.ua,2026-10-02 06:21:34,0,,ConnectTimeout
http://vifbs.in.ua/,2026-10-02 06:21:34,1,200,
http://viktorkravtsov.com,2026-10-02 06:21:34,1,200,
http://villancicosucranianos.wordpress.com/,2026-10-02 06:21:34,1,200,
http://vin-rbk.at.ua/,2026-10-02 06:21:34,1,200,
http://vin-rdb.blogspot.com/,2026-10-02 06:21:34,1,429,
http://vinkivci-crb.at.ua/,2026-10-02 06:21:34,0,,ReadTimeout
http://vinnytsia-museum.in.ua/branches/memorial-compex,2026-10-02 06:21:34,1,403,
http://virtmuseum.uccs.org.ua/,2026-10-02 06:21:34,0,404,
http://vislib.onu.edu.ua/,2026-10-02 06:21:34,1,200,
http://visnyk-geo.univ.kiev.ua/,2026-10-02 06:21:34,1,200,
http://visnyk-math.uzhnu.edu.ua/article/view/144047/141961,2026-10-02 06:21:34,1,200,
"http://visnyk-mmi.kpi.ua, http://journal.mmi.kpi.ua/old, http://visnyk-mmi.kpi.ua, http://journal.mmi.kpi.ua/old",2026-10-02 06:21:34,0,,InvalidURL
http://visnyk.nuwm.edu.ua/,2026-10-02 06:21:34,1,200,
http://visnyk.nuwm.edu.ua/index.php/tehn/oai,2026-10-02 06:21:34,1,200,
http://visnyk.zu.edu.ua,2026-10-02 06:21:34,1,200,
http://vivatbiblio.blogspot.com/,2026-10-02 06:21:34,1,429,
http://vlch.org,2026-10-02 06:21:34,1,200,
http://vmbiblioteka.blogspot.com/,2026-10-02 06:21:34,1,429,
"http://vmihailivka-cbs.ucoz.net/, http://vmbiblioteka.blogspot.com/, http://bibliochild.blogspot.com/",2026-10-02 06:21:34,0,404,
http://vmurol.zt.ua/,2026-10-02 06:21:34,1,200,
http://vnnie.tneu.edu.ua/,2026-10-02 06:21:34,1,200,
http://vntu.edu.ua/,2026-10-02 06:21:34,1,200,
http://vollibr.org.ua/,2026-10-02 06:21:34,1,200,
http://volod-library.at.ua/,2026-10-02 06:21:34,0,,ReadTimeout
http://volod.com.ua/folk/mutyn.php,2026-10-02 06:21:34,1,200,
http://volodarka-rctdu.edukit.kiev.ua,2026-10-02 06:21:34,0,,ConnectTimeout
http://volodymirec.libr.rv.ua/,2026-10-02 06:21:34,0,,ConnectionError
http://volodymyrmuseum.com/,2026-10-02 06:21:34,0,,ConnectTimeout
http://volyn-kray-mus.at.ua/,2026-10-02 06:21:34,1,200,
http://volyn-museum.com.ua/index/gorokhivski_narodnij_istorichnij_muzej/0-56,2026-10-02 06:21:34,1,200,
http://volyn-museum.com.ua/index/ivanichivskij_narodnij_istorichnij_muzej/0-15,2026-10-02 06:21:34,1,200,
http://volyn-museum.com.ua/index/kamin_kashirskij_narodnij_kraeznavchij_muzej/0-16,2026-10-02 06:21:34,1,200,
http://volyn-museum.com.ua/index/korteliskij_istorichnij_muzej/0-33,2026-10-02 06:21:34,1,200,
http://volyn-museum.com.ua/index/lobnenskij_muzej_partizansko_slavi/0-18,2026-10-02 06:21:34,1,200,
http://volyn-museum.com.ua/index/rokinivskij_muzej_istoriji_silskogo_gospodarstva_volini_skansen/0-23,2026-10-02 06:21:34,1,200,
http://volyn-museum.com.ua/index/rozhishhenskij_narodnij_kraeznavchij_muzej/0-22,2026-10-02 06:21:34,1,200,
http://volyn-museum.com.ua/index/starovizhivskij_narodnij_kraeznavchij_muzej/0-24,2026-10-02 06:21:34,1,200,
http://volyn-museum.com.ua/index/torchinskij_narodnij_kraeznavchij_muzej/0-25,2026-10-02 06:21:34,1,200,
http://volyn-museum.com.ua/index/ustiluzkij_narodnij_muzej_igorja_stravinskogo/0-35,2026-10-02 06:21:34,1,200,
http://volyn-museum.com.ua/index/zaturcivskij_memorialnij_muzej_v_lipinskogo/0-6,2026-10-02 06:21:34,1,200,
http://volyn-museum.com.ua/news/kovelskij_istorichnij_muzej/1-0-9,2026-10-02 06:21:34,1,200,
http://volyn-museum.com.ua/news/ljubomlskij_kraeznavchij_muzej/1-0-11,2026-10-02 06:21:34,1,200,
http://volyn-museum.com.ua/news/lopatenskij_muzej_partizanskoji_slavi/1-0-20,2026-10-02 06:21:34,1,200,
http://volynchoir.com.ua/,2026-10-02 06:21:34,0,,ConnectionError
http://volynicon-mon.church.ua,2026-10-02 06:21:34,1,403,
http://voskresinnia.eu/,2026-10-02 06:21:34,1,200,
http://vovchansk-bdut.kh.sch.in.ua/,2026-10-02 06:21:34,0,,ConnectTimeout
http://voznesen-mon.church.ua/,2026-10-02 06:21:34,1,403,
http://voznesensk-cdut.edukit.mk.ua,2026-10-02 06:21:34,0,,ConnectTimeout
http://voznesenskiy-mon.church.ua,2026-10-02 06:21:34,1,403,
http://vpba.edu.ua/,2026-10-02 06:21:34,1,200,
http://vpbiblioteka.blogspot.com/,2026-10-02 06:21:34,1,429,
http://vpbm.com.ua/,2026-10-02 06:21:34,1,403,
http://vsehskorbradoste.church.ua,2026-10-02 06:21:34,1,403,
http://vsfp.ddpu.edu.ua/user/setLocale/ru_RU?source=%2Findex.php%2F2410-3381%2F,2026-10-02 06:21:34,1,200,
http://vsfp.ddpu.edu.ua/user/setLocale/uk_UA?source=%2Findex.php%2F2410-3381%2F,2026-10-02 06:21:34,1,200,
http://vsk.kiev.ua/index.php?lang=ua,2026-10-02 06:21:34,0,,ConnectionError
http://vskrynia.com.ua,2026-10-02 06:21:34,1,200,
http://vsobetskyy.wixsite.com/wetheater,2026-10-02 06:21:34,1,200,
http://vtn.chdtu.edu.ua/index.php/2306-4412/oai,2026-10-02 06:21:34,1,200,
http://vtn.ztu.edu.ua/,2026-10-02 06:21:34,1,200,
http://vuam.org.ua/uk/704:%D0%9C%D1%83%D0%B7%D0%B5%D0%B9_%D0%BA%D0%BD%D0%B8%D0%B3%D0%B8_%D1%96_%D0%B4%D1%80%D1%83%D0%BA%D0%B0%D1%80%D1%81%D1%82%D0%B2%D0%B0_%D0%A3%D0%BA%D1%80%D0%B0%D1%97%D0%BD%D0%B8,2026-10-02 06:21:34,1,200,
http://vuan.nibu.kyiv.ua/,2026-10-02 06:21:34,1,200,
http://vuan.nibu.kyiv.ua/?newspaper=1928-%d0%92%d0%b8%d0%bf-2-3,2026-10-02 06:21:34,1,200,
http://vyshneve-sch2-bibl.edukit.kiev.ua,2026-10-02 06:21:34,0,,ConnectTimeout
http://vysotsky-gallery.org,2026-10-02 06:21:34,1,200,
http://vystavki-samara.rgantd.ru/,2026-10-02 06:21:34,1,200,
http://vyvodove-bibl.edukit.dp.ua/,2026-10-02 06:21:34,0,,ConnectTimeout
http://ways.knuba.edu.ua/,2026-10-02 06:21:34,1,200,
http://ways.knuba.edu.ua/index.php/2707-501X/oai,2026-10-02 06:21:34,1,200,
http://web.kpi.kharkov.ua/museum/,2026-10-02 06:21:34,1,200,
http://wiz-art.ua/festival/,2026-10-02 06:21:34,1,200,
http://www-library.univer.kharkov.ua/ukr/,2026-10-02 06:21:34,0,,ConnectTimeout
http://www-museum.univer.kharkov.ua/,2026-10-02 06:21:34,0,,ConnectTimeout
http://www.4uth.gov.ua/,2026-10-02 06:21:34,1,200,
http://www.abalakovets.sumy.ua,2026-10-02 06:21:34,1,200,
http://www.abalakovets.sumy.ua/node/2,2026-10-02 06:21:34,1,200,
http://www.adidonntu.ru/,2026-10-02 06:21:34,0,,ConnectTimeout
http://www.afj.org.ua/en/,2026-10-02 06:21:34,1,200,
http://www.antiaids.org,2026-10-02 06:21:34,1,200,
http://www.anvou.org.ua,2026-10-02 06:21:34,0,,ConnectionError
http://www.aprnu.kharkiv.org/,2026-10-02 06:21:34,1,200,
http://www.apsu.org.ua,2026-10-02 06:21:34,1,200,
http://www.aqua-kiev.info,2026-10-02 06:21:34,1,200,
http://www.archaeology.odessa.ua/,2026-10-02 06:21:34,1,200,
http://www.archaeology.univ.kiev.ua/home/index.php?option=com_content&view=article&id=42&Itemid=112,2026-10-02 06:21:34,0,404,
http://www.archangel.kiev.ua/,2026-10-02 06:21:34,1,200,
http://www.archiveoun.info/,2026-10-02 06:21:34,1,200,
http://www.archives.gov.ua/Archives/index.php?ca04,2026-10-02 06:21:34,1,403,
http://www.archives.gov.ua/Archives/index.php?ra13,2026-10-02 06:21:34,1,403,
http://www.archives.gov.ua/Publicat/Golodomor_Mykolaiv.pdf,2026-10-02 06:21:34,1,403,
http://www.archmap.ru/,2026-10-02 06:21:34,0,,ConnectionError
http://www.arhive.ceramology.gov.ua/,2026-10-02 06:21:34,0,,ConnectionError
http://www.arsani.ua,2026-10-02 06:21:34,0,,ConnectionError
http://www.artcollege.lviv.ua/,2026-10-02 06:21:34,1,200,
http://www.artgallery.zp.ua,2026-10-02 06:21:34,1,200,
http://www.arthousetraffic.com,2026-10-02 06:21:34,1,200,
http://www.artmuseum.ks.ua/,2026-10-02 06:21:34,1,403,
http://www.artmuseum.zp.ua/,2026-10-02 06:21:34,1,200,
http://www.artmuseum.zp.ua/nash-muzej/arxiv-materialiv-sajtu.html,2026-10-02 06:21:34,1,200,
http://www.artmuzeum.kr.ua/,2026-10-02 06:21:34,0,,ConnectionError
http://www.atngu.dp.ua/,2026-10-02 06:21:34,1,200,
http://www.auc.org.ua,2026-10-02 06:21:34,1,200,
http://www.audio.ipri.kiev.ua/index.html,2026-10-02 06:21:34,1,200,
http://www.avia-museum.lg.ua/,2026-10-02 06:21:34,0,,ConnectionError
http://www.balletkiev.com/,2026-10-02 06:21:34,1,200,SSLError (responded without certificate verification)
http://www.bank.gov.ua,2026-10-02 06:21:34,1,200,
http://www.bar-library.com/,2026-10-02 06:21:34,1,200,
http://www.batjkivshhyna-tarasa.com.ua/index.html,2026-10-02 06:21:34,1,200,
http://www.bcmc.kiev.ua/,2026-10-02 06:21:34,1,200,
http://www.bd-bibl-kataeva.edukit.od.ua/,2026-10-02 06:21:34,0,,ConnectTimeout
http://www.beitdan.org.ua/,2026-10-02 06:21:34,1,200,
http://www.belinskogo.kh.ua/,2026-10-02 06:21:34,1,200,
http://www.beregszasziszinhaz.com.ua,2026-10-02 06:21:34,0,,ConnectionError
http://www.bibl.kharkiv.ua/,2026-10-02 06:21:34,1,200,
http://www.bkm.zp.ua/,2026-10-02 06:21:34,1,200,
http://www.bkm.zp.ua/mp-index.html,2026-10-02 06:21:34,1,200,
http://www.bkm.zp.ua/msh-index.html,2026-10-02 06:21:34,1,200,
http://www.blagoslovi.kiev.ua/,2026-10-02 06:21:34,0,,ConnectionError
http://www.boryspil-eparchy.org/,2026-10-02 06:21:34,1,200,
http://www.boryspilmuseum.info/,2026-10-02 06:21:34,1,200,
http://www.bosporuscrypt.ru/,2026-10-02 06:21:34,0,410,
http://www.botany-center.kiev.ua/,2026-10-02 06:21:34,0,,ConnectionError
http://www.brodu.narod.ru/,2026-10-02 06:21:34,1,200,SSLError (responded without certificate verification)
http://www.bs.tze.org.ua/,2026-10-02 06:21:34,1,403,
http://www.bsfa.at.ua/,2026-10-02 06:21:34,1,200,SSLError (responded without certificate verification)
http://www.bsmu.edu.ua/,2026-10-02 06:21:34,1,200,
http://www.buchachlibrary.te.ua/,2026-10-02 06:21:34,1,200,SSLError (responded without certificate verification)
http://www.buchmuzey.ucoz.ua,2026-10-02 06:21:34,1,200,SSLError (responded without certificate verification)
http://www.bukuniver.edu.ua/,2026-10-02 06:21:34,1,200,
http://www.buzkiy-gard.org/,2026-10-02 06:21:34,1,403,
http://www.case-ukraine.com.ua,2026-10-02 06:21:34,1,200,
http://www.castle-museum.info/,2026-10-02 06:21:34,1,200,
http://www.cbs.ho.ua/,2026-10-02 06:21:34,0,,ConnectionError
http://www.ccu.gov.ua/ru,2026-10-02 06:21:34,0,404,
http://www.cdu.edu.ua/,2026-10-02 06:21:34,1,200,
http://www.chekhov.sumy.ua/,2026-10-02 06:21:34,1,200,
http://www.chernigivstat.gov.ua,2026-10-02 06:21:34,1,200,
http://www.chl.kiev.ua/,2026-10-02 06:21:34,1,200,
http://www.chmnu.edu.ua/,2026-10-02 06:21:34,1,200,SSLError (responded without certificate verification)
http://www.choim.org/,2026-10-02 06:21:34,1,200,
http://www.chornobyl.net/,2026-10-02 06:21:34,0,502,
http://www.chornobylmuseum.kiev.ua/index.php?lang=en,2026-10-02 06:21:34,1,200,
http://www.chtei-knteu.cv.ua,2026-10-02 06:21:34,0,,ConnectionError
http://www.chtyvo.org.ua,2026-10-02 06:21:34,0,404,
http://www.cidct.org.ua/en/,2026-10-02 06:21:34,0,404,
http://www.circus.zp.ua/,2026-10-02 06:21:34,1,200,
http://www.ck.ukrstat.gov.ua,2026-10-02 06:21:34,1,200,
http://www.cls.ks.ua/,2026-10-02 06:21:34,0,,ConnectTimeout
http://www.college-business.dp.ua/,2026-10-02 06:21:34,1,200,
http://www.collegium.kharkov.ua/,2026-10-02 06:21:34,1,403,
http://www.cossackdom.com/,2026-10-02 06:21:34,1,200,
http://www.cpe.org.ua,2026-10-02 06:21:34,1,200,
http://www.culture.lutsk.ua/,2026-10-02 06:21:34,1,200,
http://www.cvu.org.ua,2026-10-02 06:21:34,1,200,
http://www.dance-academy.com.ua,2026-10-02 06:21:34,1,200,
http://www.davniyhalych.com.ua/,2026-10-02 06:21:34,1,403,
http://www.db.geroika.org.ua/,2026-10-02 06:21:34,1,200,
http://www.db.geroika.org.ua/ua/home.html,2026-10-02 06:21:34,1,200,
http://www.dbs.com.ru/,2026-10-02 06:21:34,1,200,
http://www.dcu.org.ua/,2026-10-02 06:21:34,1,200,
http://www.dek-ddtu.dp.ua/,2026-10-02 06:21:34,1,200,
http://www.delcc.donetsk.ua/,2026-10-02 06:21:34,0,,ConnectionError
http://www.derev.org.ua/,2026-10-02 06:21:34,0,,ConnectionError
http://www.desnabib.kiev.ua/,2026-10-02 06:21:34,1,200,
http://www.dgma.donetsk.ua/,2026-10-02 06:21:34,1,200,
http://www.diaz.org.ua/,2026-10-02 06:21:34,1,200,
http://www.dktd.dp.ua/,2026-10-02 06:21:34,1,200,
http://www.dmkd.dp.ua/node/493,2026-10-02 06:21:34,0,404,
http://www.dnabb.org/,2026-10-02 06:21:34,1,200,
http://www.dneprstat.gov.ua,2026-10-02 06:21:34,1,200,
http://www.dnsgb.com.ua/,2026-10-02 06:21:34,1,200,
http://www.dnu.dp.ua,2026-10-02 06:21:34,1,200,
http://www.dobrabiblioteka.cv.ua/,2026-10-02 06:21:34,1,200,
http://www.dodj.com.ua/,2026-10-02 06:21:34,1,200,
http://www.dom-prirody.com.ua/,2026-10-02 06:21:34,0,,ConnectionError
http://www.domorgan.dp.ua/,2026-10-02 06:21:34,1,200,
http://www.donetsk-region-theater.in.ua/,2026-10-02 06:21:34,1,200,
http://www.donnaba.edu.ua/,2026-10-02 06:21:34,1,200,
http://www.donnu.edu.ua/en/,2026-10-02 06:21:34,1,200,
http://www.dovzhenkocentre.org/,2026-10-02 06:21:34,1,200,
http://www.dramteatr.uz.ua,2026-10-02 06:21:34,1,200,
http://www.dridu.dp.ua/,2026-10-02 06:21:34,0,522,
http://www.dsau.dp.ua/,2026-10-02 06:21:34,1,200,
http://www.dsfa.dp.ua,2026-10-02 06:21:34,1,200,
http://www.dsmu.edu.ua,2026-10-02 06:21:34,1,200,
http://www.dstu.dp.ua/,2026-10-02 06:21:34,1,200,
http://www.dsum.edu.ua,2026-10-02 06:21:34,0,,ConnectionError
http://www.dua.com.ua/,2026-10-02 06:21:34,0,,ConnectionError
http://www.dubno-lib.rv.ua/,2026-10-02 06:21:34,1,200,
http://www.dudaryk.ua,2026-10-02 06:21:34,0,,ConnectTimeout
http://www.dumkacapella.com.ua/,2026-10-02 06:21:34,1,200,
http://www.dytbiblioteka-dovzhenka.edukit.cn.ua/,2026-10-02 06:21:34,0,,ConnectTimeout
http://www.dzvinochok.kiev.ua/,2026-10-02 06:21:34,1,200,
http://www.elibukr.org/index.php/en/consortium/resources-and-services,2026-10-02 06:21:34,1,200,
http://www.encyclopediaofukraine.com/display.asp?linkpath=pages%5CU%5CK%5CUkrainians.htm,2026-10-02 06:21:34,1,200,
http://www.eparhia.com.ua/,2026-10-02 06:21:34,0,522,
http://www.eparhia.mk.ua/,2026-10-02 06:21:34,1,200,
http://www.etno-galushkivka.com.ua/,2026-10-02 06:21:34,0,,ConnectionError
http://www.etnolog.org.ua/,2026-10-02 06:21:34,1,200,
http://www.evangelts.org/,2026-10-02 06:21:34,1,200,
http://www.expres.ua,2026-10-02 06:21:34,1,200,
http://www.fes.kiev.ua/new/wb/pages/ukrajinska/golovna.php,2026-10-02 06:21:34,1,200,
http://www.fhijournal.org/,2026-10-02 06:21:34,1,200,
http://www.filosof.com.ua/,2026-10-02 06:21:34,1,200,
http://www.forumn.kiev.ua/2008-03-70/70-10.htm,2026-10-02 06:21:34,1,200,
http://www.franko.crimea.ua/,2026-10-02 06:21:34,1,200,
http://www.franko.lviv.ua/faculty/webhistory/index.html,2026-10-02 06:21:34,0,,ReadTimeout
http://www.fulbright.org.ua,2026-10-02 06:21:34,1,200,
http://www.gak.com.ua/about/,2026-10-02 06:21:34,0,404,
http://www.galytsky-orkestr.te.ua/,2026-10-02 06:21:34,1,200,
http://www.geol.univ.kiev.ua/ua/museum/,2026-10-02 06:21:34,1,200,
http://www.geolgt.com.ua/,2026-10-02 06:21:34,1,200,
http://www.getman-museum.kiev.ua/,2026-10-02 06:21:34,0,,ConnectionError
http://www.girnyk.com.ua/,2026-10-02 06:21:34,1,200,
http://www.glau.kr.ua/index.php/ua/,2026-10-02 06:21:34,0,404,
http://www.golos.com.ua,2026-10-02 06:21:34,1,200,
http://www.grani.in.ua,2026-10-02 06:21:34,1,200,
http://www.greentheat.re/,2026-10-02 06:21:34,0,525,
http://www.hai-nyzhnyk.in.ua/,2026-10-02 06:21:34,1,200,
http://www.halychyna.org.ua/index.php?lang=ua,2026-10-02 06:21:34,1,200,
http://www.hansaray.crimea.com/,2026-10-02 06:21:34,1,200,
http://www.hcdut.ks.ua/,2026-10-02 06:21:34,1,200,
http://www.helsinki.org.ua,2026-10-02 06:21:34,1,200,
http://www.hepu.edu.ua/,2026-10-02 06:21:34,1,200,
http://www.heraldry.com.ua/,2026-10-02 06:21:34,0,,ConnectTimeout
http://www.heritage.com.ua,2026-10-02 06:21:34,1,200,
http://www.hi-phi.org.ua,2026-10-02 06:21:34,1,200,
http://www.hibm.com.ua/,2026-10-02 06:21:34,0,,ConnectionError
http://www.hipt.com.ua/,2026-10-02 06:21:34,0,,ConnectionError
http://www.historians.in.ua/index.php/en/ukrajina-moderna-2007-2010/,2026-10-02 06:21:34,1,200,
http://www.history.odessa.ua/,2026-10-02 06:21:34,1,200,
http://www.history.univ.kiev.ua,2026-10-02 06:21:34,1,200,
http://www.hneu.edu.ua/,2026-10-02 06:21:34,1,200,
http://www.hokm.ks.ua,2026-10-02 06:21:34,0,500,
http://www.holocaust.kiev.ua,2026-10-02 06:21:34,1,200,
http://www.hotinbiblio.cv.ua/,2026-10-02 06:21:34,1,200,
http://www.hriver.com.ua/,2026-10-02 06:21:34,0,404,
http://www.hst-journal.com,2026-10-02 06:21:34,1,200,
http://www.htek.km.ua/,2026-10-02 06:21:34,1,200,
http://www.iananu.kiev.ua,2026-10-02 06:21:34,1,200,
http://www.icc-kiev.gov.ua/,2026-10-02 06:21:34,1,403,
http://www.icmp.lviv.ua/journal/,2026-10-02 06:21:34,1,200,
http://www.icom.in.ua,2026-10-02 06:21:34,1,200,
http://www.icps.com.ua/en,2026-10-02 06:21:34,1,200,
http://www.icyb.kiev.ua/?lang=en,2026-10-02 06:21:34,1,200,
http://www.ieenas.org/,2026-10-02 06:21:34,1,200,
http://www.ifaiz.edu.ua/,2026-10-02 06:21:34,1,200,
http://www.ifkm.if.ua/index.html,2026-10-02 06:21:34,1,200,
http://www.ihrpex.org/uk,2026-10-02 06:21:34,1,403,
http://www.iir.edu.ua,2026-10-02 06:21:34,1,200,
http://www.ilnan.gov.ua,2026-10-02 06:21:34,1,200,
"http://www.imath.kiev.ua/~sigma/, http://www.emis.de/journals/sigma/",2026-10-02 06:21:34,0,404,
http://www.info-library.com.ua/,2026-10-02 06:21:34,1,200,
http://www.inmo.org.ua,2026-10-02 06:21:34,1,200,
http://www.institutfrancais-ukraine.com/,2026-10-02 06:21:34,1,200,
http://www.ipiend.gov.ua/?language=en&language=ru,2026-10-02 06:21:34,1,200,
http://www.ipn.cdu.edu.ua/,2026-10-02 06:21:34,1,200,
http://www.ipn.cdu.edu.ua/index.php?option=com_content&view=article&id=9&Itemid=6,2026-10-02 06:21:34,1,200,
http://www.irbis-nbuv.gov.ua,2026-10-02 06:21:34,1,403,
http://www.irbis-nbuv.gov.ua/cgi-bin/irbis_nbuv/cgiirbis_64.exe?I21DBN=LINK&P21DBN=UJRN&Z21ID=&S21REF=10&S21CNR=20&S21STN=1&S21FMT=ASP_meta&C21COM=S&2_S21P03=FILA=&2_S21STR=StudM_2011_3_9,2026-10-02 06:21:34,1,403,
http://www.irbis-nbuv.gov.ua/cgi-bin/irbis_nbuv/cgiirbis_64.exe?I21DBN=LINK&P21DBN=UJRN&Z21ID=&S21REF=10&S21CNR=20&S21STN=1&S21FMT=ASP_meta&C21COM=S&2_S21P03=FILA=&2_S21STR=Ukrmyst_2011_11_50,2026-10-02 06:21:34,1,403,
http://www.irbis-nbuv.gov.ua/cgi-bin/irbis_nbuv/cgiirbis_64.exe?I21DBN=LINK&P21DBN=UJRN&Z21ID=&S21REF=10&S21CNR=20&S21STN=1&S21FMT=ASP_meta&C21COM=S&2_S21P03=FILA=&2_S21STR=npnbuimviv_2013_37_46,2026-10-02 06:21:34,1,403,
http://www.irbis-nbuv.gov.ua/cgi-bin/irbis_nbuv/cgiirbis_64.exe?I21DBN=LINK&P21DBN=UJRN&Z21ID=&S21REF=10&S21CNR=20&S21STN=1&S21FMT=ASP_meta&C21COM=S&2_S21P03=FILA=&2_S21STR=npnbuimviv_2014_40_25,2026-10-02 06:21:34,1,403,
http://www.irbis-nbuv.gov.ua/cgi-bin/irbis_nbuv/cgiirbis_64.exe?Z21ID=&I21DBN=UJRN&P21DBN=UJRN&S21STN=1&S21REF=10&S21FMT=juu_all&C21COM=S&S21CNR=20&S21P01=0&S21P02=0&S21P03=PREF=&S21COLORTERMS=0&S21STR=apvchzu,2026-10-02 06:21:34,1,403,
http://www.irce.onaft.edu.ua/,2026-10-02 06:21:34,0,,ConnectionError
http://www.irf.kiev.ua,2026-10-02 06:21:34,1,403,
http://www.irpin-bibl.kiev.sch.in.ua/,2026-10-02 06:21:34,0,,ConnectTimeout
http://www.ispp.org.ua/,2026-10-02 06:21:34,1,200,
http://www.ittf.kiev.ua,2026-10-02 06:21:34,1,200,
http://www.ivasyuk.org.ua/books.php?lang=uk&id=putivnyk_po_muzeyu-2004,2026-10-02 06:21:34,1,200,
http://www.ive.org.ua,2026-10-02 06:21:34,1,200,
http://www.iz.com.ua/,2026-10-02 06:21:34,1,200,
http://www.jewish-museum-marmer.dp.ua,2026-10-02 06:21:34,1,200,
http://www.jewishheritage.org.ua/,2026-10-02 06:21:34,1,200,
http://www.jewishheritage.org.ua/en,2026-10-02 06:21:34,1,200,
http://www.jewishmariupol.com.ua/,2026-10-02 06:21:34,0,,ConnectionError
http://www.jewishmuseum.lviv.ua,2026-10-02 06:21:34,1,200,
http://www.ji.lviv.ua/index.htm,2026-10-02 06:21:34,1,200,
http://www.journal-discourse.com/uk/,2026-10-02 06:21:34,1,200,
http://www.kadety.org.ua/,2026-10-02 06:21:34,1,200,
http://www.kamkash-dytbibl.edukit.volyn.ua/,2026-10-02 06:21:34,0,,ConnectTimeout
http://www.karpatok.uzhgorod.ua,2026-10-02 06:21:34,1,200,
http://www.karpenkokarymuseum.kr.ua/,2026-10-02 06:21:34,0,,ConnectTimeout
http://www.katedral.org.ua/,2026-10-02 06:21:34,1,200,
http://www.kaydakskiy.dp.ua/,2026-10-02 06:21:34,1,200,
http://www.kb.nuos.edu.ua,2026-10-02 06:21:34,1,200,
http://www.kby.kiev.ua,2026-10-02 06:21:34,1,200,
http://www.kcu.org.ua/,2026-10-02 06:21:34,0,,ConnectionError
http://www.kdu.edu.ua/,2026-10-02 06:21:34,1,403,
http://www.kgpa.km.ua/,2026-10-02 06:21:34,0,,ConnectTimeout
http://www.kharkov.ua/culture/architec.htm,2026-10-02 06:21:34,1,200,
http://www.khnu.km.ua/,2026-10-02 06:21:34,1,200,
http://www.kiev-orthodox.org/site/byauthor/4326,2026-10-02 06:21:34,1,200,
http://www.kinokiev.com/cinemas/leningrad/,2026-10-02 06:21:34,1,200,
http://www.kinokolo.ua,2026-10-02 06:21:34,1,403,
http://www.kipt.kharkov.ua,2026-10-02 06:21:34,1,200,
http://www.kisff.org,2026-10-02 06:21:34,1,200,
http://www.kispp.com/,2026-10-02 06:21:34,1,200,
http://www.kkkim.com.ua/,2026-10-02 06:21:34,1,200,
http://www.kkray.org.ua,2026-10-02 06:21:34,0,,ConnectionError
http://www.km.ukrstat.gov.ua,2026-10-02 06:21:34,1,200,
http://www.kmk-kovel.in.ua/,2026-10-02 06:21:34,1,200,
http://www.kmk.lutsk.ua/,2026-10-02 06:21:34,1,200,
http://www.kmrm.com.ua,2026-10-02 06:21:34,1,403,
http://www.kmy.org.ua,2026-10-02 06:21:34,0,500,
http://www.kname.edu.ua,2026-10-02 06:21:34,1,200,
http://www.knlu.kiev.ua/,2026-10-02 06:21:34,1,200,
http://www.kntu.kr.ua,2026-10-02 06:21:34,1,200,
http://www.knu.edu.ua,2026-10-02 06:21:34,1,200,
http://www.knuba.edu.ua/eng/,2026-10-02 06:21:34,0,404,
http://www.knukim.edu.ua,2026-10-02 06:21:34,1,200,
http://www.kobu.kiev.ua,2026-10-02 06:21:34,1,200,
http://www.kogpi.edu.te.ua,2026-10-02 06:21:34,0,,ConnectTimeout
http://www.kokm.kr.ua/,2026-10-02 06:21:34,1,200,
http://www.kolochava.com/Museum/Stare-Selo,2026-10-02 06:21:34,0,404,
http://www.komanda.com.ua,2026-10-02 06:21:34,1,200,
http://www.korsun.ic.ck.ua/index.php/pages/15,2026-10-02 06:21:34,0,,ConnectionError
http://www.korydor.in.ua/ua/,2026-10-02 06:21:34,1,200,SSLError (responded without certificate verification)
http://www.kozatstvo.net.ua/ua/publications/uk_r.php,2026-10-02 06:21:34,1,200,
http://www.kp.ua/,2026-10-02 06:21:34,1,200,
http://www.kpi.kharkov.ua/,2026-10-02 06:21:34,1,200,
http://www.kplavra.kyiv.ua/,2026-10-02 06:21:34,1,200,
http://www.kpnu.edu.ua,2026-10-02 06:21:34,1,200,
http://www.krasnoarmiysk-sut.dn.sch.in.ua/,2026-10-02 06:21:34,0,,ConnectTimeout
http://www.krasnoblago.dn.ua/,2026-10-02 06:21:34,1,200,
http://www.kray.org.ua/,2026-10-02 06:21:34,1,403,
http://www.kremenchug.su/,2026-10-02 06:21:34,0,,ConnectionError
http://www.krliman-cvr.dn.sch.in.ua/,2026-10-02 06:21:34,0,,ConnectTimeout
http://www.krok.edu.ua/ua/,2026-10-02 06:21:34,1,200,
http://www.ksada.org,2026-10-02 06:21:34,1,200,
http://www.ksau.kherson.ua,2026-10-02 06:21:34,1,200,
http://www.kstuca.kharkov.ua/,2026-10-02 06:21:34,1,200,
http://www.ksu.ks.ua/Default.aspx,2026-10-02 06:21:34,0,,ConnectTimeout
http://www.kul.kiev.ua/,2026-10-02 06:21:34,1,200,
http://www.kulichki.com/tolkien/arhiv/ukr/,2026-10-02 06:21:34,1,200,
http://www.kuzneclib.in.ua,2026-10-02 06:21:34,0,,ConnectionError
http://www.kvpubd.com,2026-10-02 06:21:34,1,200,
http://www.kyiv-fortress.org.ua/,2026-10-02 06:21:34,0,,ConnectTimeout
http://www.kyivclassic.com/,2026-10-02 06:21:34,1,200,
http://www.kyivhistorymuseum.org/uk/kolektsiya-muzeyu,2026-10-02 06:21:34,0,,ConnectionError
http://www.kymu.edu.ua,2026-10-02 06:21:34,1,200,
http://www.laginlib.org.ua/,2026-10-02 06:21:34,0,,ConnectionError
http://www.langs.com.ua/,2026-10-02 06:21:34,1,403,
http://www.ldpu.org.ua,2026-10-02 06:21:34,1,200,
http://www.lepkiy.te.ua,2026-10-02 06:21:34,1,200,
http://www.lhm.lviv.ua/,2026-10-02 06:21:34,1,200,
http://www.lhm.lviv.ua/ekspozyciyi/muzey_shuhevycha.html,2026-10-02 06:21:34,0,404,
http://www.lhm.lviv.ua/ekspozyciyi/muzeyarsenal.html,2026-10-02 06:21:34,0,404,
http://www.lib.kherson.ua/,2026-10-02 06:21:34,1,200,
http://www.lib.nau.edu.ua,2026-10-02 06:21:34,1,200,
http://www.lib.nau.edu.ua/oldbooksn/,2026-10-02 06:21:34,0,404,
http://www.lib.onu.edu.ua/,2026-10-02 06:21:34,1,200,
http://www.lib.uzhnu.edu.ua/,2026-10-02 06:21:34,1,200,
http://www.lib.zt.ua/ua/tablealllibrary,2026-10-02 06:21:34,1,200,
http://www.libr.dp.ua/,2026-10-02 06:21:34,1,200,
http://www.libr.dp.ua/DBA.html,2026-10-02 06:21:34,1,200,
http://www.library.chnu.edu.ua,2026-10-02 06:21:34,1,200,
http://www.library.ck.ua/,2026-10-02 06:21:34,1,200,
http://www.library.edu-ua.net,2026-10-02 06:21:34,1,200,
http://www.library.kharkov.ua/,2026-10-02 06:21:34,1,200,
http://www.library.kpi.ua/system/files/illjustrirovannyj%20sbornik.pdf,2026-10-02 06:21:34,1,200,
http://www.library.kpi.ua/system/files/kpi%20juvilejnyj%20zbirnyk.pdf,2026-10-02 06:21:34,1,200,
http://www.library.kpi.ua/system/files/kpi%20kratkij%20ocherk.pdf,2026-10-02 06:21:34,1,200,
http://www.library.kpi.ua/system/files/o%20dejatelnocti%20kollektiva%20kiev%20industrial%20in%20v%20tashkente.pdf,2026-10-02 06:21:34,1,200,
http://www.library.kpi.ua/system/files/ocherk.pdf,2026-10-02 06:21:34,1,200,
http://www.library.lg.ua,2026-10-02 06:21:34,1,200,
http://www.library.lviv.ua/,2026-10-02 06:21:34,0,,ConnectionError
http://www.library.mk.ua,2026-10-02 06:21:34,1,200,
http://www.library.onua.edu.ua/,2026-10-02 06:21:34,1,200,SSLError (responded without certificate verification)
http://www.library.pl.ua,2026-10-02 06:21:34,1,200,
http://www.library.te.ua/,2026-10-02 06:21:34,1,200,
http://www.library.ukma.kiev.ua/,2026-10-02 06:21:34,0,,ConnectionError
http://www.library.univ.kiev.ua/eng/title4.php3,2026-10-02 06:21:34,1,200,
http://www.library.univ.kiev.ua/ukr/title4.php3,2026-10-02 06:21:34,1,200,
http://www.library.vn.ua/,2026-10-02 06:21:34,1,200,
http://www.lisugol.com/Musei.aspx,2026-10-02 06:21:34,0,,ConnectTimeout
http://www.litopys.volyn.ua/index.php/litopys/issue/archive,2026-10-02 06:21:34,1,200,
http://www.lnam.edu.ua/,2026-10-02 06:21:34,1,429,
http://www.lnau.in.ua,2026-10-02 06:21:34,1,200,
http://www.lnau.lviv.ua,2026-10-02 06:21:34,1,200,
http://www.lonckoho.lviv.ua,2026-10-02 06:21:34,1,200,
http://www.lonpb.com.ua,2026-10-02 06:21:34,0,522,
http://www.lp.edu.ua,2026-10-02 06:21:34,0,,ConnectTimeout
http://www.luboml.org/,2026-10-02 06:21:34,1,200,
http://www.luguniv.edu.ua,2026-10-02 06:21:34,0,404,
http://www.lukomor.mosk.mksat.net,2026-10-02 06:21:34,1,200,
http://www.lunacharskiy.com/,2026-10-02 06:21:34,1,200,
http://www.lutsk-nvk22-biblioteka.edukit.volyn.ua,2026-10-02 06:21:34,0,,ConnectTimeout
http://www.lv.ukrstat.gov.ua,2026-10-02 06:21:34,1,200,
http://www.lvivcenter.org,2026-10-02 06:21:34,1,200,
http://www.lvivcirk.com/,2026-10-02 06:21:34,1,200,
http://www.lyl.lg.ua,2026-10-02 06:21:34,0,,ConnectionError
http://www.madrigal.org.ua/,2026-10-02 06:21:34,1,200,
http://www.magister.msk.ru/,2026-10-02 06:21:34,1,403,
http://www.maidanmuseum.org/,2026-10-02 06:21:34,1,200,
http://www.mari.kiev.ua/,2026-10-02 06:21:34,1,200,
http://www.marlibrary.com.ua/,2026-10-02 06:21:34,1,200,
http://www.marlicey.com.ua,2026-10-02 06:21:34,1,200,
http://www.mashke.org/kievtram/museum/index.html,2026-10-02 06:21:34,0,,ConnectTimeout
http://www.maut.com.ua/,2026-10-02 06:21:34,1,200,
http://www.mazepa.name/,2026-10-02 06:21:34,1,200,
http://www.mdt.org.ua/,2026-10-02 06:21:34,1,200,
http://www.me.gov.ua,2026-10-02 06:21:34,1,403,
http://www.medcollege.te.ua/,2026-10-02 06:21:34,0,522,
http://www.medlib.zp.ua,2026-10-02 06:21:34,0,,ConnectionError
http://www.medobory-reserve.te.ua/,2026-10-02 06:21:34,1,200,
http://www.meduniv.lviv.ua,2026-10-02 06:21:34,0,,ConnectTimeout
http://www.memorial.omi.org.ua,2026-10-02 06:21:34,1,200,
http://www.mena-museum.cn.sch.in.ua,2026-10-02 06:21:34,0,,ConnectTimeout
http://www.metro.kyiv.ua/,2026-10-02 06:21:34,0,,ConnectTimeout
http://www.mfa.gov.ua,2026-10-02 06:21:34,1,403,
http://www.mgarsky-monastery.org.ua,2026-10-02 06:21:34,1,200,
http://www.mif-ua.com/,2026-10-02 06:21:34,1,200,
http://www.molodist.com/,2026-10-02 06:21:34,1,200,
http://www.monada-khust.com.ua/,2026-10-02 06:21:34,1,200,
http://www.morskojmuzej.kh.ua,2026-10-02 06:21:34,1,403,
http://www.mp-biblioteka.edukit.vn.ua/,2026-10-02 06:21:34,0,,ConnectTimeout
http://www.mpk.cn.ua/,2026-10-02 06:21:34,1,200,
http://www.mrvo.od.ua/school/zakl_dominanta/,2026-10-02 06:21:34,0,404,
http://www.msmb.org.ua,2026-10-02 06:21:34,1,200,
http://www.mtlib.org.ua,2026-10-02 06:21:34,1,200,
http://www.mubip.org.ua,2026-10-02 06:21:34,1,200,
http://www.munkacs-diocese.org/,2026-10-02 06:21:34,1,200,
http://www.museum.ck.ua/,2026-10-02 06:21:34,0,,ConnectTimeout
http://www.museum.dp.ua/,2026-10-02 06:21:34,1,200,
http://www.museum.if.ua/museums/r10/32.html,2026-10-02 06:21:34,1,200,
http://www.museum.if.ua/museums/r2/20.html,2026-10-02 06:21:34,1,200,
http://www.museum.if.ua/museums/r5/90.html,2026-10-02 06:21:34,1,200,
http://www.museumkiev.org/,2026-10-02 06:21:34,1,200,
http://www.museumkiev.org/paleontology.html,2026-10-02 06:21:34,1,200,
http://www.muz.rv.ua/,2026-10-02 06:21:34,1,200,
http://www.muzdepartament.uz.ua/,2026-10-02 06:21:34,0,,ConnectionError
http://www.muzejkarmalyka.com.ua/,2026-10-02 06:21:34,0,,ConnectionError
http://www.mvk.kharkov.ua/page-index.html,2026-10-02 06:21:34,1,200,
http://www.myvin.com.ua/ua/news/useful/53572.html; https://sites.google.com/view/babyni-yary-vinnychchyny/%D0%B2%D1%96%D0%BD%D0%BD%D0%B8%D1%86%D1%8C%D0%BA%D0%B5-%D0%BE%D0%B1%D0%BB%D0%B0%D1%81%D0%BD%D0%B5-%D1%82%D0%BE%D0%B2%D0%B0%D1%80%D0%B8%D1%81%D1%82%D0%B2%D0%BE-%D1%94%D0%B2%D1%80%D0%B5%D0%B9%D1%81%D1%8C%D0%BA%D0%BE%D1%97-%D0%BC%D0%BE%D0%B2%D0%B8-%D1%82%D0%B0-%D0%BA%D1%83%D0%BB%D1%8C%D1%82%D1%83%D1%80%D0%B8,2026-10-02 06:21:34,1,403,
http://www.nashagazeta.com.ua,2026-10-02 06:21:34,1,200,
http://www.nashekolo.org.ua/nk/kolo_i_navko/navkolo_podi/,2026-10-02 06:21:34,1,200,
http://www.nbg.kiev.ua/en/,2026-10-02 06:21:34,1,200,
http://www.nbuv.gov.ua,2026-10-02 06:21:34,1,200,
http://www.nbuv.gov.ua/exhibitions?field_depart_tid=33,2026-10-02 06:21:34,1,200,
http://www.nbuv.gov.ua/node/545,2026-10-02 06:21:34,1,200,
http://www.nbuv.gov.ua/node/546,2026-10-02 06:21:34,1,200,
http://www.neu.edu.ua/,2026-10-02 06:21:34,1,200,
http://www.neuhausmuseum.region.in.ua/,2026-10-02 06:21:34,0,,ConnectTimeout
http://www.neuro.kiev.ua,2026-10-02 06:21:34,1,200,
http://www.nibu.kiev.ua/,2026-10-02 06:21:34,0,,ConnectTimeout
http://www.nick-philharmonic.com.ua,2026-10-02 06:21:34,0,,ConnectionError
http://www.niez-pereyaslav.com.ua/m-11,2026-10-02 06:21:34,1,200,
http://www.niez.com.ua/,2026-10-02 06:21:34,1,200,
http://www.niklib.com,2026-10-02 06:21:34,1,200,
http://www.niss.gov.ua,2026-10-02 06:21:34,1,403,
http://www.nlrt.tj/,2026-10-02 06:21:34,0,,ConnectionError
http://www.nltu.edu.ua/,2026-10-02 06:21:34,1,200,
http://www.nmt.org.ua,2026-10-02 06:21:34,1,200,
http://www.nmu.org.ua/,2026-10-02 06:21:34,1,200,
http://www.nota.net.ua/,2026-10-02 06:21:34,1,200,
http://www.nplu.org/resourses/nashi_vydannya/b-kozyub.pdf,2026-10-02 06:21:34,1,200,
http://www.npp-p.org.ua/,2026-10-02 06:21:34,1,200,
http://www.nppds.inf.ua/index.html,2026-10-02 06:21:34,1,200,
http://www.nrcu.gov.ua/en/symphony_orchestra,2026-10-02 06:21:34,1,200,
http://www.nsiverskyi-cbs.edukit.cn.ua/pro_biblioteku/istorichna_dovidka/,2026-10-02 06:21:34,0,,ConnectTimeout
http://www.nsou.com.ua/,2026-10-02 06:21:34,1,200,
http://www.nua.kharkov.ua/,2026-10-02 06:21:34,1,200,
http://www.nvimu.com.ua/,2026-10-02 06:21:34,1,200,
http://www.obnova-fest.cv.ua/,2026-10-02 06:21:34,1,200,
http://www.observ.univ.kiev.ua/museum/,2026-10-02 06:21:34,1,200,
http://www.obucn.org.ua/,2026-10-02 06:21:34,1,200,
http://www.ocntt.dp.ua/,2026-10-02 06:21:34,0,,ConnectTimeout
http://www.oda.te.gov.ua/main/ua/publication/content/6647.htm,2026-10-02 06:21:34,0,,"SSLError: HTTPSConnectionPool(host='www.oda.te.gov.ua', port=443): Max retries exceeded with url: /main/ua/publication/content/6647.htm (Caused by SSLError(SSLError(1, '[SSL: TLSV1_ALERT_INTERNAL_ERRO"
http://www.odb.km.ua/,2026-10-02 06:21:34,0,,ConnectTimeout
http://www.odeku.edu.ua,2026-10-02 06:21:34,0,,ConnectionError
http://www.odessa-roerich-house.od.ua/,2026-10-02 06:21:34,1,200,
http://www.odessaphilharmonic.org,2026-10-02 06:21:34,1,200,SSLError (responded without certificate verification)
http://www.odessatourism.org/en/do/museums/muzej_partizanskoj_slavy_katakomby,2026-10-02 06:21:34,1,200,
http://www.odnb.odessa.ua/,2026-10-02 06:21:34,1,200,
http://www.ofam.org.ua,2026-10-02 06:21:34,0,522,
http://www.ognb.odessa.ua,2026-10-02 06:21:34,1,200,
http://www.oiff.com.ua,2026-10-02 06:21:34,1,200,
http://www.old.teatr-kukol.org.ua/index.htm,2026-10-02 06:21:34,0,,ConnectionError
http://www.ombudsman.kiev.ua,2026-10-02 06:21:34,1,200,
http://www.omniglot.com/index.htm,2026-10-02 06:21:34,1,200,
http://www.onaft.edu.ua,2026-10-02 06:21:34,0,,ConnectionError
http://www.onma.edu.ua,2026-10-02 06:21:34,0,,TooManyRedirects
http://www.onmb.pl.ua/,2026-10-02 06:21:34,1,403,
http://www.onu.edu.ua,2026-10-02 06:21:34,1,200,
http://www.operetta.kharkiv.ua/,2026-10-02 06:21:34,1,200,
http://www.opu.ua/ua,2026-10-02 06:21:34,0,404,
http://www.oreya.org/,2026-10-02 06:21:34,0,,ConnectionError
http://www.organhall.kiev.ua/,2026-10-02 06:21:34,1,200,
http://www.oridu.odessa.ua,2026-10-02 06:21:34,1,200,
http://www.orthodox-lviv.narod.ru,2026-10-02 06:21:34,1,200,SSLError (responded without certificate verification)
http://www.orthodox.vinnica.ua,2026-10-02 06:21:34,1,200,
http://www.oseu.edu.ua,2026-10-02 06:21:34,1,200,
http://www.ostlibrery.com.ua/,2026-10-02 06:21:34,1,200,
http://www.othu.com.ua/,2026-10-02 06:21:34,0,,ConnectionError
http://www.ounb.km.ua/,2026-10-02 06:21:34,0,,ConnectionError
http://www.ounb.sumy.ua,2026-10-02 06:21:34,0,,ConnectionError
http://www.oweamuseum.odessa.ua/,2026-10-02 06:21:34,1,200,
http://www.paustovskiy.od.ua/,2026-10-02 06:21:34,0,,ConnectionError
http://www.pdaa.edu.ua,2026-10-02 06:21:34,1,200,
http://www.pdpu.edu.ua,2026-10-02 06:21:34,1,403,
http://www.perejaslav.org.ua/index.php?go=museum,2026-10-02 06:21:34,1,200,
http://www.philharmonia.lviv.ua/,2026-10-02 06:21:34,1,403,
http://www.photosed.net/,2026-10-02 06:21:34,1,200,
http://www.pidvol-library.org.ua/,2026-10-02 06:21:34,1,200,
http://www.pirogov.com.ua/,2026-10-02 06:21:34,1,200,
http://www.pkm.poltava.ua/eng/,2026-10-02 06:21:34,1,200,
http://www.plantintroduction.org/ejit.200700145,2026-10-02 06:21:34,0,404,
http://www.pmu.pl.ua/,2026-10-02 06:21:34,1,200,
http://www.pntu.edu.ua/,2026-10-02 06:21:34,1,200,
http://www.poetryclub.com.ua/,2026-10-02 06:21:34,1,200,
http://www.poeziya-ukrainy.com.ua,2026-10-02 06:21:34,1,200,
http://www.poippo.pl.ua,2026-10-02 06:21:34,1,403,
http://www.poradnica.com.ua,2026-10-02 06:21:34,1,200,
http://www.pravda.com.ua,2026-10-02 06:21:34,1,200,
http://www.pravoslavya.sumy.ua,2026-10-02 06:21:34,1,200,
http://www.prcb.org.ua/,2026-10-02 06:21:34,1,403,
http://www.president.gov.ua,2026-10-02 06:21:34,1,403,
http://www.prilukiart.al.ru,2026-10-02 06:21:34,0,,ConnectionError
http://www.problecon.com,2026-10-02 06:21:34,1,200,
http://www.prvo.od.ua/school/lic_samocvit/,2026-10-02 06:21:34,0,404,
http://www.prvo.od.ua/school/lic_unak/,2026-10-02 06:21:34,0,404,
http://www.pu.if.ua,2026-10-02 06:21:34,1,200,
http://www.puppet.kharkov.ua,2026-10-02 06:21:34,0,,ConnectionError
http://www.puppet.lviv.ua/,2026-10-02 06:21:34,1,200,
http://www.pushkinmuseum.ru/,2026-10-02 06:21:34,1,200,
http://www.pyrohiv.com/,2026-10-02 06:21:34,1,200,
http://www.pyrohiv.com/activities/,2026-10-02 06:21:34,1,200,
http://www.pysar.net/,2026-10-02 06:21:34,1,200,
http://www.rada.gov.ua/en,2026-10-02 06:21:34,1,200,
http://www.rare.univ.kiev.ua/eng/index.php3,2026-10-02 06:21:34,1,200,
http://www.rare.univ.kiev.ua/ukr/,2026-10-02 06:21:34,1,200,
http://www.reabit.org.ua/nbr/,2026-10-02 06:21:34,1,200,
http://www.reglibrary.mk.ua,2026-10-02 06:21:34,1,200,
http://www.repin.in.ua,2026-10-02 06:21:34,1,200,
http://www.ript.com.ua/index.php,2026-10-02 06:21:34,1,200,
http://www.risu.org.ua,2026-10-02 06:21:34,1,200,
http://www.rkc.lviv.ua/,2026-10-02 06:21:34,1,403,
http://www.rukh.team,2026-10-02 06:21:34,1,200,
http://www.rusdram.com.ua/ > https://lesyatheatre.com.ua/,2026-10-02 06:21:34,0,,ConnectionError
http://www.rusdrama.kh.ua,2026-10-02 06:21:34,0,526,
http://www.rv.gov.ua/sitenew/kostopilsk/ua/publication/print/3001.htm,2026-10-02 06:21:34,0,404,
http://www.sahajayoga.kharkov.ua,2026-10-02 06:21:34,1,200,
http://www.sbu.gov.ua/sbu/control/uk/publish/article?art_id=39296&cat_id=53043,2026-10-02 06:21:34,0,,ConnectTimeout
http://www.sde.org.ua/muzei.html,2026-10-02 06:21:34,1,200,
http://www.sevtolib.org.ua/,2026-10-02 06:21:34,1,200,
http://www.shatsk-bdut.edukit.volyn.ua,2026-10-02 06:21:34,0,,ConnectTimeout
http://www.shevchcycl.kiev.ua,2026-10-02 06:21:34,1,200,
http://www.shevkyivlib.org.ua/,2026-10-02 06:21:34,1,200,
http://www.sholomaleichemmuseum.com,2026-10-02 06:21:34,1,200,
http://www.shukach.com/,2026-10-02 06:21:34,1,200,
http://www.shymanovskymuseum.region.in.ua/,2026-10-02 06:21:34,0,,ConnectTimeout
http://www.sii.org.ua/en/main-page,2026-10-02 06:21:34,0,404,
http://www.skansen.cv.ua/,2026-10-02 06:21:34,1,200,
http://www.skovoroda.in.ua/index.php?option=com_content&view=article&id=4&Itemid=6,2026-10-02 06:21:34,1,200,
http://www.smila-mcb.edukit.ck.ua/,2026-10-02 06:21:34,0,,ConnectTimeout
http://www.smnh.org/ua/,2026-10-02 06:21:34,1,200,
http://www.smoloskyp.org.ua/,2026-10-02 06:21:34,1,200,
http://www.sobor.in.ua/,2026-10-02 06:21:34,1,429,
http://www.sokal.lviv.ua/halereia-galery.html,2026-10-02 06:21:34,1,200,
http://www.sokal.lviv.ua/muzej-pro_muzej.html,2026-10-02 06:21:34,1,200,
http://www.sokolov.odessa.ua/,2026-10-02 06:21:34,1,200,
http://www.soviart.com.ua,2026-10-02 06:21:34,1,200,
http://www.starlibrari.at.ua/,2026-10-02 06:21:34,0,503,SSLError (responded without certificate verification)
http://www.stgeorge-kharkov.org/,2026-10-02 06:21:34,1,200,
http://www.stknuft.com.ua/,2026-10-02 06:21:34,1,200,
http://www.stonegrave.org/,2026-10-02 06:21:34,1,200,
http://www.sttc.rv.ua/,2026-10-02 06:21:34,1,200,
http://www.stu.cn.ua/,2026-10-02 06:21:34,0,,ConnectionError
http://www.sumy.ukrstat.gov.ua,2026-10-02 06:21:34,1,200,
http://www.surgery.org.ua,2026-10-02 06:21:34,1,200,
http://www.svichado.com.ua,2026-10-02 06:21:34,1,403,
http://www.symonenkolib.ck.ua/,2026-10-02 06:21:34,1,200,
http://www.szymanowskimuseum.region.in.ua/,2026-10-02 06:21:34,0,,ConnectTimeout
http://www.tavrida.museum.crimea.ua,2026-10-02 06:21:34,0,,ConnectionError
http://www.teatr-kukol.od.ua/,2026-10-02 06:21:34,1,200,
http://www.teatr.pl.ua/,2026-10-02 06:21:34,1,200,
http://www.teatr.rv.ua/,2026-10-02 06:21:34,1,200,
http://www.teatr.te.ua/,2026-10-02 06:21:34,0,,ConnectionError
http://www.teatr71.com/,2026-10-02 06:21:34,0,,ConnectionError
http://www.teatrmolodi.zp.ua/,2026-10-02 06:21:34,1,200,
http://www.terebovlia-biblioteka.edukit.te.ua/,2026-10-02 06:21:34,0,,ConnectTimeout
"http://www.terioshkola.org.ua/ua/journal.htm, http://terioshkola.org.ua/ua/pts.htm",2026-10-02 06:21:34,0,404,
http://www.theatre.org.ua/,2026-10-02 06:21:34,1,200,
http://www.theatre19.com.ua/,2026-10-02 06:21:34,1,200,
http://www.theatreonpodol.com/,2026-10-02 06:21:34,1,200,
http://www.tikva.odessa.ua,2026-10-02 06:21:34,1,200,
http://www.tisit.edu.ua/,2026-10-02 06:21:34,0,,ConnectionError
http://www.tk.te.ua/,2026-10-02 06:21:34,1,200,
http://www.tkea.com.ua/english/tkea/magazin.html,2026-10-02 06:21:34,0,404,
"http://www.tkea.com.ua/tkea/new.html, http://www.tkea.com.ua/english/tkea/new.html, http://www.tkea.com.ua/tkea/new.html, http://www.tkea.com.ua/english/tkea/new.html",2026-10-02 06:21:34,0,404,
http://www.tmfv.org/,2026-10-02 06:21:34,1,200,
http://www.tnu.edu.ua/,2026-10-02 06:21:34,0,500,SSLError (responded without certificate verification)
http://www.tokm.com.ua,2026-10-02 06:21:34,0,,ConnectionError
http://www.tokmak-cbs.edukit.zp.ua/,2026-10-02 06:21:34,0,,ConnectTimeout
http://www.tovtry.com/,2026-10-02 06:21:34,1,200,
http://www.treasury.gov.ua/main/uk/index,2026-10-02 06:21:34,1,403,
http://www.tsatu.edu.ua/,2026-10-02 06:21:34,0,,ConnectTimeout
http://www.tureizahav.lviv.ua/,2026-10-02 06:21:34,0,503,
http://www.turiysk-bdt.edukit.volyn.ua,2026-10-02 06:21:34,0,,ConnectTimeout
http://www.turka-crb.edukit.lviv.ua/,2026-10-02 06:21:34,0,,ConnectTimeout
http://www.tustan.com.ua/,2026-10-02 06:21:34,0,500,
http://www.tychynamuseum.com.ua,2026-10-02 06:21:34,1,200,
http://www.tyz.dn.ua/,2026-10-02 06:21:34,1,200,
http://www.uabs.org.ua/,2026-10-02 06:21:34,0,,ConnectionError
http://www.uaestrada.org/,2026-10-02 06:21:34,1,403,
http://www.uahistory.kiev.ua,2026-10-02 06:21:34,0,,ConnectionError
http://www.uames.org.ua,2026-10-02 06:21:34,1,200,
http://www.uat.ro,2026-10-02 06:21:34,1,200,
http://www.ucs-univ.kiev.ua,2026-10-02 06:21:34,0,,ConnectionError
http://www.udau.edu.ua/,2026-10-02 06:21:34,1,200,
http://www.ufd.ua,2026-10-02 06:21:34,0,,ConnectTimeout
http://www.ugcc.od.ua/,2026-10-02 06:21:34,1,200,
http://www.ugi.edu.ua/,2026-10-02 06:21:34,1,200,
http://www.uhl-edu.kiev.ua,2026-10-02 06:21:34,1,200,
http://www.ukma.edu.ua,2026-10-02 06:21:34,1,200,
http://www.ukma.kiev.ua,2026-10-02 06:21:34,0,,ConnectionError
http://www.ukraine3000.org.ua/rus.html,2026-10-02 06:21:34,0,,TooManyRedirects
http://www.ukrainian-philately.info/menu.htm,2026-10-02 06:21:34,1,200,
http://www.ukrainianmuseum.org/perm.html,2026-10-02 06:21:34,1,200,
http://www.ukrbook.net,2026-10-02 06:21:34,1,200,
http://www.ukrfantclub.com.ua/,2026-10-02 06:21:34,1,200,
http://www.ukrterra.com.ua,2026-10-02 06:21:34,1,200,
http://www.ulif.org.ua,2026-10-02 06:21:34,1,200,
http://www.uman-csb.edukit.ck.ua/,2026-10-02 06:21:34,0,,ConnectTimeout
http://www.umuz.16mb.com/,2026-10-02 06:21:34,1,200,
http://www.uniep.km.ua/,2026-10-02 06:21:34,1,429,
http://www.univer.km.ua/,2026-10-02 06:21:34,1,200,
http://www.university.kherson.ua/Default.aspx,2026-10-02 06:21:34,1,200,
http://www.uoae.ee/uk,2026-10-02 06:21:34,0,522,
http://www.uspenie.kiev.ua/,2026-10-02 06:21:34,0,,ConnectionError
http://www.usva.org.ua/,2026-10-02 06:21:34,1,200,
http://www.utei-knteu.org.ua/,2026-10-02 06:21:34,0,,ConnectTimeout
http://www.varosh.com.ua,2026-10-02 06:21:34,1,200,
http://www.vdu.edu.ua,2026-10-02 06:21:34,0,,ConnectionError
http://www.vereschagin.com.ua/ru/ochakov/kollekcziya.html,2026-10-02 06:21:34,1,403,
http://www.vidrodzhenia.org.ua/,2026-10-02 06:21:34,1,403,
http://www.vinbiblio.com.ua/,2026-10-02 06:21:34,1,200,
http://www.vinspilka.vn.ua/,2026-10-02 06:21:34,0,404,
http://www.visnyk-unaus.udau.edu.ua/en/index.html,2026-10-02 06:21:34,1,200,
http://www.visnyk.soc.univ.kiev.ua/,2026-10-02 06:21:34,0,500,
http://www.vkkm.lutsk.ua/,2026-10-02 06:21:34,0,,ConnectionError
"http://www.vmurol.com.ua/
https://uu.edu.ua",2026-10-02 06:21:34,1,200,
http://www.vnmu.edu.ua/,2026-10-02 06:21:34,1,200,
http://www.voronizh-rada.gov.ua/culture/cbs.html,2026-10-02 06:21:34,0,,ConnectTimeout
http://www.voronizh-rada.gov.ua/culture/dms.html,2026-10-02 06:21:34,0,,ConnectTimeout
http://www.vpu3.cv.ua/,2026-10-02 06:21:34,1,200,
http://www.vsesvit-journal.com/,2026-10-02 06:21:34,1,200,
http://www.vspu.edu.ua/,2026-10-02 06:21:34,1,200,
http://www.vstu.edu.ua/ua/,2026-10-02 06:21:34,0,404,
http://www.vtei.com.ua/,2026-10-02 06:21:34,1,200,
http://www.vv-dytbibl.edukit.volyn.ua/,2026-10-02 06:21:34,0,,ConnectTimeout
http://www.vynnyky.com.ua/,2026-10-02 06:21:34,0,,ConnectionError
http://www.wax.com.ua/,2026-10-02 06:21:34,0,,ConnectionError
http://www.xtt.kharkov.ua/,2026-10-02 06:21:34,1,200,SSLError (responded without certificate verification)
http://www.yakubovski.kiev.ua/,2026-10-02 06:21:34,0,,ConnectionError
http://www.yermilovcentre.org/,2026-10-02 06:21:34,1,200,
http://www.yug.odessa.ua/,2026-10-02 06:21:34,1,403,
http://www.yunilibr.rv.ua/,2026-10-02 06:21:34,1,403,
http://www.zakliceypvfp.com.ua/,2026-10-02 06:21:34,1,200,
http://www.zamnap.org.ua/,2026-10-02 06:21:34,1,200,
http://www.zankovetska.com.ua/,2026-10-02 06:21:34,0,,ConnectionError
http://www.zapereval.ru/,2026-10-02 06:21:34,0,,ConnectionError
"http://www.zgia.zp.ua/index.php?page=478&lang=ru, http://vestnikzgia.com.ua/, http://www.zgia.zp.ua/index.php?page=478&lang=ru, http://vestnikzgia.com.ua/",2026-10-02 06:21:34,0,,TooManyRedirects
http://www.zhim.org.ua/,2026-10-02 06:21:34,1,200,
http://www.zhovkva-tour.info/,2026-10-02 06:21:34,1,200,
http://www.zhu.edu.ua/journal_cpu,2026-10-02 06:21:34,1,200,
http://www.zkmuseum.com/,2026-10-02 06:21:34,1,429,
http://www.zmapo.edu.ua,2026-10-02 06:21:34,0,,ConnectionError
http://www.zmt.com.ua/,2026-10-02 06:21:34,1,200,
http://www.znamenka.org.ua/sport.html,2026-10-02 06:21:34,0,,ConnectionError
http://www.zolochiv-rda.gov.ua/zamok.htm,2026-10-02 06:21:34,0,404,
http://www.zoloti-vorota.cc.ua/,2026-10-02 06:21:34,0,,ConnectionError
http://www.zoomena.com.ua/,2026-10-02 06:21:34,1,200,
http://xemt.kharkov.ua,2026-10-02 06:21:34,1,200,
http://xktek.edu.ua/,2026-10-02 06:21:34,1,200,
http://xutir-savky.com.ua/,2026-10-02 06:21:34,1,403,
http://xvc-cn.net.ua/,2026-10-02 06:21:34,1,200,
http://yakubovski.kiev.ua/index.html,2026-10-02 06:21:34,0,,ConnectionError
http://yalta-museum.ru/,2026-10-02 06:21:34,1,200,
http://yavoriv-crb.edukit.lviv.ua/,2026-10-02 06:21:34,0,,ConnectTimeout
http://ylibrary.zt.ua/,2026-10-02 06:21:34,0,521,
http://younglibzp.com.ua/,2026-10-02 06:21:34,1,200,
http://yu.mk.ua/show/kultura,2026-10-02 06:21:34,0,,ConnectionError
http://zabolotnoe-mon.church.ua/,2026-10-02 06:21:34,1,403,
http://zachepylivka-bibl.edu.kh.ua/,2026-10-02 06:21:34,0,,ConnectTimeout
http://zal.te.ua/index.php/onlajn-arhiv-gazety-qkolosq,2026-10-02 06:21:34,1,200,
http://zamki-kreposti.com.ua/,2026-10-02 06:21:34,0,,ReadTimeout
http://zapovidnyk.org.ua/,2026-10-02 06:21:34,1,200,
http://zarichne.libr.rv.ua,2026-10-02 06:21:34,0,,ConnectionError
http://zavaliyki-mon.church.ua,2026-10-02 06:21:34,1,403,
http://zavalniuk.in.ua/,2026-10-02 06:21:34,0,,ConnectionError
http://zazimye.info/index.php/pro-parafiiu/pro-khram.html,2026-10-02 06:21:34,1,200,
http://zbmk.zp.ua/,2026-10-02 06:21:34,1,200,
http://zbroeznav.com/,2026-10-02 06:21:34,1,403,
http://zbs.com.ua/,2026-10-02 06:21:34,1,200,
http://zdolbuniv-rctdu.rv.sch.in.ua/,2026-10-02 06:21:34,0,,ConnectTimeout
http://zelyonka.space/,2026-10-02 06:21:34,0,525,
http://zernyatko.com,2026-10-02 06:21:34,1,200,
http://zfs-journal.uzhnu.uz.ua,2026-10-02 06:21:34,1,200,
http://zgfk.zp.ua/,2026-10-02 06:21:34,1,200,
http://zhashkiv-museum.at.ua/,2026-10-02 06:21:34,0,,ReadTimeout
http://zhashkiv.info/history/muzei/,2026-10-02 06:21:34,0,500,
http://zhdanivka-mon.church.ua/,2026-10-02 06:21:34,1,403,
http://zhmerynka-crb.edukit.vn.ua/,2026-10-02 06:21:34,0,,ConnectTimeout
http://zhnyborody.te.ua/,2026-10-02 06:21:34,1,200,
http://zhovkva-zamok.do.am/,2026-10-02 06:21:34,1,200,
http://zht.igns.gov.ua/index.php/en/,2026-10-02 06:21:34,1,200,
http://zhytomyr-eparchy.org.ua/,2026-10-02 06:21:34,1,200,
http://zif.onu.edu.ua/issue/archive,2026-10-02 06:21:34,1,200,
http://zmiiv-cdut.kh.sch.in.ua/,2026-10-02 06:21:34,0,,ConnectTimeout
http://zmj.zsmu.edu.ua,2026-10-02 06:21:34,1,200,
http://zn-rada.gov.ua/index/kraeznavchij_muzej/0-139,2026-10-02 06:21:34,0,,ConnectionError
http://znamensky-mon.church.ua/,2026-10-02 06:21:34,1,403,
http://znp.pntu.edu.ua/,2026-10-02 06:21:34,1,200,
http://zoctkum.ucoz.ua/,2026-10-02 06:21:34,0,,ReadTimeout
http://zolo.gov.ua/istory-chni-pam-yatky-zolotonoshi/,2026-10-02 06:21:34,1,200,
http://zolochiv-crb.edukit.lviv.ua/,2026-10-02 06:21:34,0,,ConnectTimeout
http://zolochiv.osbm.info/,2026-10-02 06:21:34,0,500,
http://zolotapektoral.te.ua/,2026-10-02 06:21:34,1,200,
http://zolotonosha-mon.church.ua,2026-10-02 06:21:34,1,403,
http://zoo.nikolaev.ua/,2026-10-02 06:21:34,1,200,
http://zoomus.lviv.ua/,2026-10-02 06:21:34,1,200,
http://zoomuseum.net/,2026-10-02 06:21:34,1,200,
http://zoopark.rv.ua/,2026-10-02 06:21:34,1,200,
http://zorilebucovinei.com,2026-10-02 06:21:34,1,200,
http://zosh24mariupol.wix.com/school,2026-10-02 06:21:34,0,404,
http://zotic.zp.ua/,2026-10-02 06:21:34,0,,ConnectionError
http://zppl.org.ua/,2026-10-02 06:21:34,1,200,
http://zsmu.edu.ua/,2026-10-02 06:21:34,1,200,
http://zum.onu.edu.ua/,2026-10-02 06:21:34,1,200,
http://zvcaves.kiev.ua/,2026-10-02 06:21:34,1,200,
http://zymne.org/,2026-10-02 06:21:34,1,200,
https://19111988.jimdofree.com,2026-10-02 06:21:34,1,200,
https://1majsk-bibl.ucoz.ru/,2026-10-02 06:21:34,1,200,
https://2017ckd.wixsite.com/centr,2026-10-02 06:21:34,1,200,
https://2021man.wixsite.com/man-ks,2026-10-02 06:21:34,1,200,
https://770.com.ua/,2026-10-02 06:21:34,1,200,
https://academia.gov.ua,2026-10-02 06:21:34,1,200,
https://academy.ssu.gov.ua/,2026-10-02 06:21:34,1,403,
https://adiu.com.ua/index.php/journal,2026-10-02 06:21:34,1,200,
https://adventist.in.ua/,2026-10-02 06:21:34,1,200,
https://afdnipro.com.ua/,2026-10-02 06:21:34,1,200,
https://agapit-dol.church.ua,2026-10-02 06:21:34,1,403,
https://agapit.church.ua/,2026-10-02 06:21:34,1,403,
https://aidar-mon.church.ua,2026-10-02 06:21:34,1,403,
https://aiffua.com/,2026-10-02 06:21:34,1,200,
https://aikaterina.church.ua/,2026-10-02 06:21:34,1,403,
https://akademteatr.com.ua/,2026-10-02 06:21:34,1,200,
https://alexandr-nevskiy.church.ua/,2026-10-02 06:21:34,1,403,
https://alexandria-eparhia.org.ua/,2026-10-02 06:21:34,0,503,
https://alushta-mon.church.ua,2026-10-02 06:21:34,1,403,
https://amljournal.com/index.php/journal,2026-10-02 06:21:34,1,403,
https://amu-biblioteka.wixsite.com/amu-biblioteka,2026-10-02 06:21:34,0,404,
https://amuzatua.wixsite.com/amuz,2026-10-02 06:21:34,1,200,
https://anastasievsky-mon.church.ua,2026-10-02 06:21:34,1,403,
https://ancientkharkiv.wordpress.com/,2026-10-02 06:21:34,1,200,
https://andreevsky-mon.church.ua,2026-10-02 06:21:34,1,403,
https://apostol-andrey.church.ua/,2026-10-02 06:21:34,1,403,
https://aptekanarodmed.com.ua/,2026-10-02 06:21:34,1,200,
https://archdep.zht.gov.ua/,2026-10-02 06:21:34,1,200,
https://architecture.church.ua/,2026-10-02 06:21:34,1,403,
https://archive.kyivcity.gov.ua/,2026-10-02 06:21:34,1,403,
https://archive.kyivcity.gov.ua/index.php/dovidkovyi-aparat/opysy/495,2026-10-02 06:21:34,0,404,
https://archive.lviv.ua/,2026-10-02 06:21:34,1,200,
https://archive.od.gov.ua/,2026-10-02 06:21:34,1,200,
https://archives.gov.ua/en/,2026-10-02 06:21:34,1,403,
https://archives.gov.ua/ua/%D0%B4%D0%B5%D1%80%D0%B6%D0%B0%D0%B2%D0%BD%D0%B8%D0%B9-%D0%B0%D1%80%D1%85%D1%96%D0%B2-%D1%85%D0%B0%D1%80%D0%BA%D1%96%D0%B2%D1%81%D1%8C%D0%BA%D0%BE%D1%97-%D0%BE%D0%B1%D0%BB%D0%B0%D1%81%D1%82%D1%96/,2026-10-02 06:21:34,1,403,
https://arh-mihail.church.ua/,2026-10-02 06:21:34,1,403,
https://arhangel.church.ua/,2026-10-02 06:21:34,1,403,
https://arheologia.com.ua/index.php/arheologia,2026-10-02 06:21:34,1,200,
https://arhistratig.church.ua/,2026-10-02 06:21:34,1,403,
https://artarsenal.in.ua/en/exhibitions/,2026-10-02 06:21:34,1,200,
https://artkvadrat.com/,2026-10-02 06:21:34,1,200,
https://artmuseum.kh.ua/,2026-10-02 06:21:34,1,200,
https://artmuseum.org.ua/,2026-10-02 06:21:34,0,,ConnectionError
https://artmuseum.te.ua/,2026-10-02 06:21:34,0,,ConnectTimeout
https://artshostka.blogspot.com/,2026-10-02 06:21:34,1,429,
https://artsvit.dp.ua/,2026-10-02 06:21:34,1,200,
https://artukraine.com.ua/eng/n/,2026-10-02 06:21:34,1,200,
https://audio.ipri.kiev.ua/,2026-10-02 06:21:34,1,200,
https://authenticukraine.com.ua/,2026-10-02 06:21:34,1,200,
https://avdeevka.church.ua/,2026-10-02 06:21:34,1,403,
https://avdvca.gov.ua/index.php?option=com_content&view=category&layout=blog&id=86&Itemid=219,2026-10-02 06:21:34,1,200,
https://aviamuseum.com.ua/3d.html,2026-10-02 06:21:34,1,200,
https://aviamuseum.com.ua/en/exposition,2026-10-02 06:21:34,1,200,
https://avr.org.ua/,2026-10-02 06:21:34,1,200,
https://babayelka.kr.ua/,2026-10-02 06:21:34,1,200,
https://babynlibr.at.ua/,2026-10-02 06:21:34,1,200,
https://babynyar.org/en/library/collection/30,2026-10-02 06:21:34,1,403,
https://babynyar.org/en/library/collection/31,2026-10-02 06:21:34,1,403,
https://babynyar.org/ua,2026-10-02 06:21:34,1,403,
https://bahchisaray-mon.church.ua,2026-10-02 06:21:34,1,403,
https://balta-sob.church.ua/,2026-10-02 06:21:34,1,403,
https://balta.church.ua/,2026-10-02 06:21:34,1,403,
https://balzac-museum.com/,2026-10-02 06:21:34,1,200,
https://bar-city.gov.ua/article/etnohrafichnyy-muzey-u-barskomu-koledzhi-transportu-ta-budivnyctva/,2026-10-02 06:21:34,0,404,
https://bar.church.ua/,2026-10-02 06:21:34,1,403,
https://bardakfest.com/,2026-10-02 06:21:34,1,200,
https://basht-cbs.mk.ua/,2026-10-02 06:21:34,0,404,
https://bashtanka.church.ua/,2026-10-02 06:21:34,1,403,
https://bashtanskaotg.gov.ua/enterprises-registry/komunalna-ustanova-bashtanski-kraznavchi-muze,2026-10-02 06:21:34,1,200,
https://baturin-capital.gov.ua/,2026-10-02 06:21:34,1,200,
https://bcb.org.ua/,2026-10-02 06:21:34,0,,ConnectionError
https://bcdutosvitazp.wixsite.com/cdut,2026-10-02 06:21:34,1,200,
https://bdepk.od.ua/,2026-10-02 06:21:34,1,200,
https://bdkm.com.ua/,2026-10-02 06:21:34,0,,ConnectionError
https://bdum.at.ua/,2026-10-02 06:21:34,1,200,
https://bdut-pology.blogspot.com/,2026-10-02 06:21:34,1,429,
https://bdut-ua.jimdofree.com/,2026-10-02 06:21:34,1,200,
https://bdut.teplodar.od.ua/,2026-10-02 06:21:34,1,200,
https://bdutbvo.wixsite.com/bdut-berd,2026-10-02 06:21:34,1,200,
https://bedevlya-mon.church.ua/,2026-10-02 06:21:34,1,403,
https://berdyansk.church.ua/,2026-10-02 06:21:34,1,403,
https://berezan-blag.church.ua,2026-10-02 06:21:34,1,403,
https://berezan-mihail.church.ua,2026-10-02 06:21:34,1,403,
https://berezan-pechersk.church.ua,2026-10-02 06:21:34,1,403,
https://berezan-sofron.church.ua/,2026-10-02 06:21:34,1,403,
https://berezan-uspenie.church.ua,2026-10-02 06:21:34,1,403,
https://berezan.church.ua/,2026-10-02 06:21:34,1,403,
https://berezniy.blogspot.com/,2026-10-02 06:21:34,1,429,
https://bibavoska.blogspot.com/,2026-10-02 06:21:34,1,200,
https://bibl10.wixsite.com/kuprina,2026-10-02 06:21:34,1,200,
https://biblchem.jimdofree.com/,2026-10-02 06:21:34,1,200,
https://biblio-pravo.wixsite.com/biblio-pravo,2026-10-02 06:21:34,1,200,
https://biblio2filia.blogspot.com/,2026-10-02 06:21:34,1,429,
https://bibliogrod.blogspot.com/,2026-10-02 06:21:34,1,429,
https://biblioigroteka.jimdofree.com/,2026-10-02 06:21:34,1,200,
https://bibliokids-mrpl.com.ua/uk/,2026-10-02 06:21:34,1,403,
https://bibliokruiz.nethouse.ua/,2026-10-02 06:21:34,0,,ConnectionError
https://bibliolis.wordpress.com/,2026-10-02 06:21:34,1,200,
https://bibliomiste4ko.kharkiv.ua/,2026-10-02 06:21:34,1,200,
https://biblionovoron.blogspot.com/,2026-10-02 06:21:34,1,429,
https://biblioteka-franko.od.ua/,2026-10-02 06:21:34,1,200,
https://biblioteka-nserogozy.blogspot.com/,2026-10-02 06:21:34,1,429,
https://biblioteka-sl-dorosla.jimdofree.com,2026-10-02 06:21:34,1,200,
https://biblioteka-zolota2015.jimdofree.com/,2026-10-02 06:21:34,1,200,
https://biblioteka.cdu.edu.ua/,2026-10-02 06:21:34,1,200,
https://biblioteka.od.ua/,2026-10-02 06:21:34,1,403,
https://biblioteka.volyn.ua/,2026-10-02 06:21:34,1,200,
https://biblioteka23biogspot.blogspot.com/,2026-10-02 06:21:34,1,429,
https://bibliotekaliman.blogspot.com/,2026-10-02 06:21:34,1,429,
https://bibliotekamariupol.wixsite.com/library,2026-10-02 06:21:34,1,200,
https://bibliotekanu.jimdofree.com/,2026-10-02 06:21:34,0,404,
https://bibliotekaostrovsk.wordpress.com/,2026-10-02 06:21:34,1,200,
https://bibliotekarozdilna.blogspot.com/,2026-10-02 06:21:34,1,429,
https://bibliotekasv.blogspot.com/,2026-10-02 06:21:34,1,429,
https://bibliotekavln.wordpress.com/,2026-10-02 06:21:34,1,200,
https://biblnekrasov.wixsite.com/mysite,2026-10-02 06:21:34,1,200,
https://biem.sumdu.edu.ua/en/the-museum-of-banking,2026-10-02 06:21:34,1,200,
https://bilka-selo.wixsite.com/bilka,2026-10-02 06:21:34,1,200,
https://bilozerkacbs.blogspot.com/,2026-10-02 06:21:34,1,429,
https://bilsk.com.ua/,2026-10-02 06:21:34,1,200,
https://biomed.knu.ua/fotohalereia/shkoliaram.html,2026-10-02 06:21:34,0,404,
https://bizukov-mon.church.ua,2026-10-02 06:21:34,1,403,
https://bkm.zp.ua/mi-index.html,2026-10-02 06:21:34,1,200,
https://bkmuseum.at.ua/,2026-10-02 06:21:34,1,200,
https://bl.crm.muzkult.ru/,2026-10-02 06:21:34,1,403,
https://blago.church.ua/,2026-10-02 06:21:34,1,403,
https://blagoveschenskiy.church.ua/,2026-10-02 06:21:34,1,403,
https://blagovest.church.ua/,2026-10-02 06:21:34,1,403,
https://blk.edu.ua/,2026-10-02 06:21:34,1,200,
https://blk.edu.ua/Dendropark/,2026-10-02 06:21:34,1,200,
https://bmv.church.ua/,2026-10-02 06:21:34,1,403,
https://bobrikhramjerelo.church.ua/,2026-10-02 06:21:34,1,403,
https://bogdanovka.church.ua,2026-10-02 06:21:34,1,403,
https://bogorodiza.church.ua/,2026-10-02 06:21:34,1,403,
https://bogoslovie.church.ua/,2026-10-02 06:21:34,1,403,
https://bogoslovkanon.church.ua/,2026-10-02 06:21:34,1,403,
https://bokshaymuseum.com.ua/app.js,2026-10-02 06:21:34,1,200,
https://bokshaymuseum.com.ua/collection/?c=DPM&m=ABCD,2026-10-02 06:21:34,1,200,
https://bokshaymuseum.com.ua/collection/?c=G&m=ABCD,2026-10-02 06:21:34,1,200,
https://bokshaymuseum.com.ua/collection/?c=S&m=ABCD,2026-10-02 06:21:34,1,200,
https://bokshaymuseum.com.ua/collection/?c=ZH&m=ABCD,2026-10-02 06:21:34,1,200,
https://book.church.ua/,2026-10-02 06:21:34,1,403,
https://bookcase.church.ua/,2026-10-02 06:21:34,1,403,
https://boromlja.church.ua/,2026-10-02 06:21:34,1,403,
https://boryspil-illia.church.ua/,2026-10-02 06:21:34,1,403,
https://boryspil-serdets.church.ua/,2026-10-02 06:21:34,1,403,
https://boryspil-spas.church.ua/,2026-10-02 06:21:34,1,403,
https://boyarka.church.ua/,2026-10-02 06:21:34,1,403,
https://bphm.knu.ua/,2026-10-02 06:21:34,1,200,
https://brd.church.ua/,2026-10-02 06:21:34,1,403,
https://brovari-georg.church.ua,2026-10-02 06:21:34,1,403,
https://brovary-troitsia.church.ua,2026-10-02 06:21:34,1,403,
https://btdu.at.ua/,2026-10-02 06:21:34,1,200,
https://bts-preobrazhen.church.ua/,2026-10-02 06:21:34,1,403,
https://buchachmiskrada.gov.ua,2026-10-02 06:21:34,1,200,
https://buchmuzey.ucoz.ua/news,2026-10-02 06:21:34,1,200,
https://bugrinbibl.do.am/,2026-10-02 06:21:34,1,200,
https://bulgakovmuseum.com/,2026-10-02 06:21:34,0,,ConnectTimeout
https://bykivnia.org.ua/,2026-10-02 06:21:34,1,200,
https://byshiv-rada.gov.ua/zakladi-kulturi-11-22-25-04-06-2021/,2026-10-02 06:21:34,1,200,
https://bziv.church.ua,2026-10-02 06:21:34,1,403,
https://calendar.church.ua/,2026-10-02 06:21:34,1,403,
https://canonization.church.ua/,2026-10-02 06:21:34,1,403,
https://castles.com.ua/,2026-10-02 06:21:34,1,200,
https://catacombs.od.ua/,2026-10-02 06:21:34,1,200,
https://catalog.gallery.pl.ua/,2026-10-02 06:21:34,1,200,
https://cbs.rv.ua/,2026-10-02 06:21:34,0,,ConnectionError
https://cbsbibl.wixsite.com/cbsbibl,2026-10-02 06:21:34,1,200,
https://cbsdarniza.kiev.ua/,2026-10-02 06:21:34,1,200,
https://cbslibrary5.blogspot.com/,2026-10-02 06:21:34,1,429,
https://cct.dp.ua/,2026-10-02 06:21:34,1,403,
https://cdago.gov.ua,2026-10-02 06:21:34,0,,ConnectionError
https://cdiak.archives.gov.ua/daparat.php,2026-10-02 06:21:34,1,403,
https://cdiak.archives.gov.ua/full_files/,2026-10-02 06:21:34,1,403,
https://cdiak.archives.gov.ua/spysok_fondiv/1164/0001/,2026-10-02 06:21:34,1,403,
https://cdnta.archives.gov.ua,2026-10-02 06:21:34,1,403,
https://cdut-energodar.wixsite.com/cdut-energodar,2026-10-02 06:21:34,1,200,
https://cdutmetal.wixsite.com/cdut,2026-10-02 06:21:34,1,200,
https://cdutslavyansk.wixsite.com/cdutslavyansk,2026-10-02 06:21:34,1,200,
https://center-blind.church.ua/,2026-10-02 06:21:34,1,403,
https://center.ucu.edu.ua/biblioteka/,2026-10-02 06:21:34,1,403,
https://centerorfey.wixsite.com//mysite,2026-10-02 06:21:34,1,200,
https://centr-polet.jimdofree.com/,2026-10-02 06:21:34,1,200,
https://centralvicariate.church.ua/,2026-10-02 06:21:34,1,403,
https://ceremonial.church.ua/,2026-10-02 06:21:34,1,403,
https://cherevky.church.ua,2026-10-02 06:21:34,1,403,
https://cherkassy.islam.ua/,2026-10-02 06:21:34,1,200,
https://cherkasy-music-art.org.ua/mus/news/index.html,2026-10-02 06:21:34,0,,ConnectTimeout
https://chernihiv-sob.church.ua/,2026-10-02 06:21:34,1,403,
https://chernihiv.church.ua/,2026-10-02 06:21:34,1,403,
https://chernihivregion.travel/,2026-10-02 06:21:34,1,200,
https://chernivtsi-sob.church.ua/,2026-10-02 06:21:34,1,403,
https://chernivtsi.church.ua/,2026-10-02 06:21:34,1,403,
https://chernobylpeople.ucoz.ua/,2026-10-02 06:21:34,0,,ReadTimeout
https://chersonesos-sev.ru/,2026-10-02 06:21:34,0,,ConnectTimeout
https://chetum.dp.ua/,2026-10-02 06:21:34,0,,ConnectionError
https://chichagov.church.ua/,2026-10-02 06:21:34,1,403,
https://child-library.kiev.ua/,2026-10-02 06:21:34,1,200,
https://childlibrary.ucoz.ua/,2026-10-02 06:21:34,1,200,
https://children-railway.kharkov.ua/,2026-10-02 06:21:34,1,200,
https://chinadievo.church.ua/,2026-10-02 06:21:34,1,403,
https://chinese-studies.com.ua/,2026-10-02 06:21:34,1,200,
https://chmelnitskogo.blogspot.com/,2026-10-02 06:21:34,1,429,
https://chmnu.edu.ua/biblioteka/,2026-10-02 06:21:34,1,200,
https://chnpp.gov.ua/,2026-10-02 06:21:34,1,200,
https://chocentum.com.ua/,2026-10-02 06:21:34,1,200,
https://choircommunity.com.ua/,2026-10-02 06:21:34,1,200,
https://chopovichi-mon.church.ua/,2026-10-02 06:21:34,1,403,
https://choreakozacky.com/,2026-10-02 06:21:34,1,200,
https://chram-nik.church.ua/,2026-10-02 06:21:34,1,403,
https://chug.church.ua/,2026-10-02 06:21:34,1,403,
https://chuginka-mon.church.ua,2026-10-02 06:21:34,1,403,
https://chumalevo-mon.church.ua/,2026-10-02 06:21:34,1,403,
https://chytomo.com/,2026-10-02 06:21:34,1,200,
https://chytu-sercem.church.ua/,2026-10-02 06:21:34,1,403,
https://cineast.com.ua/,2026-10-02 06:21:34,1,200,
https://circus-lviv.virtual.ua/ua/3d-tour/,2026-10-02 06:21:34,1,200,
https://city-izyum.gov.ua/,2026-10-02 06:21:34,1,403,
https://city-library.uz.ua/,2026-10-02 06:21:34,1,200,
https://cityface.karazin.ua/,2026-10-02 06:21:34,0,,ConnectionError
https://ckm.kpi.ua/,2026-10-02 06:21:34,1,200,
https://class.od.ua/,2026-10-02 06:21:34,1,403,
https://clevelandhistorical.org/items/show/313,2026-10-02 06:21:34,1,200,
https://cmbcbschernivci.wordpress.com/,2026-10-02 06:21:34,1,200,
https://cmitotem.wixsite.com/cmitotem,2026-10-02 06:21:34,1,200,
https://cn.archives.gov.ua/,2026-10-02 06:21:34,1,403,
https://cnttum.in.ua,2026-10-02 06:21:34,0,,ConnectionError
https://coffeemall.in.ua/,2026-10-02 06:21:34,0,,ConnectionError
https://collection-lvivgallery.org.ua/en,2026-10-02 06:21:34,1,200,
https://collections.warmuseum.kiev.ua/index_eng.php,2026-10-02 06:21:34,0,,ConnectionError
https://college.tim.ua/,2026-10-02 06:21:34,1,200,
https://comcendutuntvor.odessaedu.net/,2026-10-02 06:21:34,1,403,
https://composersukraine.org/,2026-10-02 06:21:34,1,200,
https://constructivism-kharkiv.com/,2026-10-02 06:21:34,1,200,
https://cosmosmuseum.info/,2026-10-02 06:21:34,0,,ConnectTimeout
https://cossacksmuseu.jimdofree.com/,2026-10-02 06:21:34,1,200,
https://cotcendutuntvor.odessaedu.net/,2026-10-02 06:21:34,1,403,
https://cpostart.wixsite.com/kharkiv,2026-10-02 06:21:34,1,200,
https://crashmuseum.in.ua/,2026-10-02 06:21:34,1,200,
https://crimea-eparhia.ru/,2026-10-02 06:21:34,1,200,
https://crimea-is-ukraine.org,2026-10-02 06:21:34,1,200,
https://crimea.church.ua/,2026-10-02 06:21:34,1,403,
https://crimeahrg.org,2026-10-02 06:21:34,1,403,
https://csamm.archives.gov.ua/tsyfrovyi-fond-korystuvannia/,2026-10-02 06:21:34,1,403,
https://csecurity.kubg.edu.ua/index.php/journal/issue/archive,2026-10-02 06:21:34,1,200,
https://ctdu-kiev.com.ua/,2026-10-02 06:21:34,1,200,
https://cultua.org/,2026-10-02 06:21:34,1,200,
https://cultura.mkrada.gov.ua/,2026-10-02 06:21:34,1,200,
https://culture.church.ua/,2026-10-02 06:21:34,1,403,
https://culture.te.gov.ua/,2026-10-02 06:21:34,1,200,
https://cv.archives.gov.ua/,2026-10-02 06:21:34,1,403,
https://cv.archives.gov.ua/index.html,2026-10-02 06:21:34,1,403,
https://cvrhm1978.wixsite.com/lisichanskcvrhm,2026-10-02 06:21:34,0,404,
https://cwf.com.ua/,2026-10-02 06:21:34,1,200,
https://cyt.cv.ua/,2026-10-02 06:21:34,1,200,
https://cyt.cv.ua/%d0%bc%d1%83%d0%b7%d0%b5%d0%b9-%d0%b0%d0%b2%d1%96%d0%b0%d1%86%d1%96%d1%97-%d1%82%d0%b0-%d0%ba%d0%be%d1%81%d0%bc%d0%be%d0%bd%d0%b0%d0%b2%d1%82%d0%b8%d0%ba%d0%b8/,2026-10-02 06:21:34,0,404,
https://dal.lg.ua/,2026-10-02 06:21:34,1,200,
https://dance-academy.kiev.ua/,2026-10-02 06:21:34,1,200,
https://daso.archives.gov.ua/,2026-10-02 06:21:34,1,403,
https://daso.archives.gov.ua/%d0%b3%d0%be%d0%bb%d0%be%d0%b2%d0%bd%d0%b0/informatsiyna-diyalnist/vystavky-online/,2026-10-02 06:21:34,1,403,
https://daso.archives.gov.ua/wp-content/earchives/,2026-10-02 06:21:34,1,403,
https://davio.gov.ua/page/elektronniy_arhiv,2026-10-02 06:21:34,1,200,
https://dayting.com.ua/uk/,2026-10-02 06:21:34,1,200,
https://dazo.gov.ua/,2026-10-02 06:21:34,1,200,
https://dazo.gov.ua/elektronni-dovidkovi-informatsijni-vydannya,2026-10-02 06:21:34,1,200,
https://dbgaydar.blogspot.com/,2026-10-02 06:21:34,1,429,
https://dcvisu.pokutia.com/,2026-10-02 06:21:34,0,,ConnectionError
https://ddtilicha.wixsite.com/ddtilicha,2026-10-02 06:21:34,1,200,
https://delibfive.wordpress.com/,2026-10-02 06:21:34,1,200,
https://demer.cn.ua,2026-10-02 06:21:34,1,200,
https://demiantsi.church.ua,2026-10-02 06:21:34,1,403,
https://demidov.church.ua/,2026-10-02 06:21:34,1,403,
https://demo.dcvisu.com/collections,2026-10-02 06:21:34,0,,ConnectTimeout
https://demydiv.church.ua,2026-10-02 06:21:34,1,403,
https://denc.e-schools.info/,2026-10-02 06:21:34,1,200,
https://dendropark.com.ua/,2026-10-02 06:21:34,1,403,
https://dental-almanac.org/index.php/journal/user/setLocale/uk_UA?source=/index.php/journal,2026-10-02 06:21:34,1,403,
https://dergachi.church.ua/,2026-10-02 06:21:34,1,403,
https://derkul-mon.church.ua,2026-10-02 06:21:34,1,403,
https://dernivka.church.ua,2026-10-02 06:21:34,1,403,
https://derzhavnayatorez.church.ua/,2026-10-02 06:21:34,1,403,
https://desnabib.kiev.ua/index.php?option=com_content&view=article&id=1172&Itemid=332,2026-10-02 06:21:34,1,200,
https://desnabib.kiev.ua/index.php?option=com_content&view=article&id=1175&Itemid=73,2026-10-02 06:21:34,1,200,
https://desnabib.kiev.ua/index.php?option=com_content&view=category&layout=blog&id=44&Itemid=96&limitstart=60,2026-10-02 06:21:34,1,200,
https://dess.gov.ua/,2026-10-02 06:21:34,1,403,
https://desyatynniy-mon.church.ua,2026-10-02 06:21:34,1,403,
https://detkamda.church.ua/,2026-10-02 06:21:34,1,403,
https://detskayadoroga-zp.jimdofree.com/,2026-10-02 06:21:34,1,200,
https://diasporiana.org.ua/,2026-10-02 06:21:34,1,200,
https://diasporiana.org.ua/?s=%D0%BC%D1%83%D0%B7%D0%B8%D0%BA%D0%B0,2026-10-02 06:21:34,1,200,
https://diasporiana.org.ua/?s=music,2026-10-02 06:21:34,1,200,
https://diasporiana.org.ua/category/folklor/,2026-10-02 06:21:34,1,200,
https://diasporiana.org.ua/category/mistetstvo/,2026-10-02 06:21:34,1,200,
https://diasporiana.org.ua/wp-content/uploads/books/19853/file.pdf,2026-10-02 06:21:34,1,200,
https://digital.warmuseum.kiev.ua/,2026-10-02 06:21:34,0,,ConnectionError
https://dik-library.wixsite.com/dik-library,2026-10-02 06:21:34,1,200,
https://dikanka-turism.wixsite.com/turism,2026-10-02 06:21:34,1,200,
https://diklib.blogspot.com/,2026-10-02 06:21:34,1,429,
https://dim-tvorchosti.ucoz.ua/,2026-10-02 06:21:34,0,,ReadTimeout
https://dimitrsolun.church.ua/,2026-10-02 06:21:34,1,403,
https://discover.sm.ua/,2026-10-02 06:21:34,0,,ConnectionError
https://discover.ua/en/en/trips/podoroz-1536,2026-10-02 06:21:34,1,200,
https://discover.vn.ua/locations/mogilev-podolskiy-kraevedcheskiy-muzey,2026-10-02 06:21:34,0,,ConnectionError
https://divychky.church.ua,2026-10-02 06:21:34,1,403,
https://divychky1.church.ua,2026-10-02 06:21:34,1,403,
https://dk-darnica.kiev.ua/,2026-10-02 06:21:34,1,200,
https://dk.kyivcity.gov.ua/,2026-10-02 06:21:34,1,403,
https://dkleninalg.su/,2026-10-02 06:21:34,1,200,
https://dkvmayak.wixsite.com/palaceofculture,2026-10-02 06:21:34,1,200,
https://dlib.ukma.edu.ua/,2026-10-02 06:21:34,1,403,
https://dn.archives.gov.ua/spysok-metrychnyh-knyg/,2026-10-02 06:21:34,1,403,
https://dnab.archives.gov.ua/,2026-10-02 06:21:34,1,403,
https://dndzmusic.in.ua/,2026-10-02 06:21:34,1,200,
https://dneprorudnoe.church.ua/,2026-10-02 06:21:34,1,403,
https://dnipro.islam.ua/,2026-10-02 06:21:34,1,200,
https://dniprodzerzhinsk-sob.church.ua/,2026-10-02 06:21:34,1,403,
https://dnipropetrovsk-sob.church.ua/,2026-10-02 06:21:34,1,403,
https://dnipropetrovsk.church.ua/,2026-10-02 06:21:34,1,403,
https://dntb.gov.ua/,2026-10-02 06:21:34,1,403,
https://dobrabiblioteka.cv.ua/ua,2026-10-02 06:21:34,1,200,SSLError (responded without certificate verification)
https://dobro.church.ua/,2026-10-02 06:21:34,1,403,
https://docs.google.com/spreadsheets/d/11SHsi3P27m5vEnXaqNbusUlbrxMLHGqrjsY2vLIyAVk/edit#gid=461564414,2026-10-02 06:21:34,1,200,
https://dof.myart.org.ua/,2026-10-02 06:21:34,1,200,
https://dolynska-gromada.gov.ua/kz-centr-kulturi-ta-dozvillya-09-43-23-04-04-2017/,2026-10-02 06:21:34,1,200,
https://domanevka-mon.church.ua,2026-10-02 06:21:34,1,403,
https://domboki-mon.church.ua/,2026-10-02 06:21:34,1,403,
https://domnitsa-mon.church.ua/,2026-10-02 06:21:34,1,403,
https://domostroy.church.ua/,2026-10-02 06:21:34,1,403,
https://domtvorchestva6.wixsite.com/lddut/golovna,2026-10-02 06:21:34,1,200,
https://domuch.kharkov.ua/,2026-10-02 06:21:34,0,,ConnectionError
https://donbass-info.com/content/view/2633/2640/,2026-10-02 06:21:34,1,200,
https://donbassopera.ru/,2026-10-02 06:21:34,1,200,
https://donetsk-sob.church.ua/,2026-10-02 06:21:34,1,403,
https://donetsk.wiki/,2026-10-02 06:21:34,0,,ConnectionError
https://donetskartmuseum.ru/,2026-10-02 06:21:34,1,403,
https://donntu.edu.ua/library,2026-10-02 06:21:34,1,403,
https://donoblkraymuseum.wordpress.com,2026-10-02 06:21:34,1,200,
https://donoenc.e-schools.info/,2026-10-02 06:21:34,1,200,
https://donopdut.org.ua/,2026-10-02 06:21:34,1,200,
https://donpt.ru/,2026-10-02 06:21:34,0,,ConnectionError
https://donyns.e-schools.info/,2026-10-02 06:21:34,1,200,
https://dopovidi-nanu.org.ua/,2026-10-02 06:21:34,1,200,
https://dormition.church.ua/,2026-10-02 06:21:34,1,403,
https://dorogbibl.ucoz.ua/,2026-10-02 06:21:34,1,200,
https://doumck.wordpress.com/,2026-10-02 06:21:34,1,200,
https://dp.archives.gov.ua/,2026-10-02 06:21:34,1,403,
https://dpsu.gov.ua/ua/structure/chastini-centralnogo-pidporyadkuvannya/centralniy-muzey/,2026-10-02 06:21:34,1,403,
https://dragovo-mon.church.ua/,2026-10-02 06:21:34,1,403,
https://drama-comedy.kiev.ua/,2026-10-02 06:21:34,1,200,
https://dramicom.dp.ua/,2026-10-02 06:21:34,1,200,
https://dramtheater.cv.ua/,2026-10-02 06:21:34,1,200,
https://drevo.co.ua/,2026-10-02 06:21:34,1,200,
https://drohobych-museum.com,2026-10-02 06:21:34,1,200,
https://drohobych-museum.com/biblioteka/,2026-10-02 06:21:34,1,200,
https://drohobych-museum.com/photogallery/,2026-10-02 06:21:34,1,200,
https://drohobych-museum.com/pro-nas/,2026-10-02 06:21:34,1,200,
https://drumspace.com.ua/,2026-10-02 06:21:34,1,200,
https://drymba.com/uk/1058336-havaretska-chornodymlena-keramika-havarechchyna,2026-10-02 06:21:34,1,200,
https://ds.cdu.edu.ua/,2026-10-02 06:21:34,1,200,
https://dspace.nlu.edu.ua/,2026-10-02 06:21:34,1,200,
https://dtrek.dp.ua/,2026-10-02 06:21:34,1,200,
https://duan.edu.ua/,2026-10-02 06:21:34,1,200,
https://dubno-adm.gov.ua/dubenchaninu/kultura.html,2026-10-02 06:21:34,0,,ConnectionError
https://dubno-adm.gov.ua/pro-misto/arkhitekturna-spadshchina.html,2026-10-02 06:21:34,0,,ConnectionError
https://dubno.church.ua/,2026-10-02 06:21:34,1,403,
https://dubno.uu.edu.ua/,2026-10-02 06:21:34,1,200,
https://dudarkiv.church.ua,2026-10-02 06:21:34,1,403,
https://duit.edu.ua/,2026-10-02 06:21:34,1,403,
https://dukmir.jimdofree.com/,2026-10-02 06:21:34,1,200,
https://dumka.philosophy.ua,2026-10-02 06:21:34,1,200,
https://dun-mihaila.church.ua,2026-10-02 06:21:34,1,403,
https://dut5biblioteka.blogspot.com/,2026-10-02 06:21:34,1,429,
https://dymer.church.ua,2026-10-02 06:21:34,1,403,
https://dyven.org/,2026-10-02 06:21:34,1,200,
https://dzhankoy-sob.church.ua/,2026-10-02 06:21:34,1,403,
https://dzhankoy.church.ua/,2026-10-02 06:21:34,1,403,
https://dzhereltse-mudrosti.webnode.com.ua/,2026-10-02 06:21:34,1,200,
https://e-medjournal.com,2026-10-02 06:21:34,1,200,
https://e-medjournal.com/index.php/psp/about,2026-10-02 06:21:34,1,200,
https://e-u.edu.ua/ua/,2026-10-02 06:21:34,1,200,
https://eccyb.org/,2026-10-02 06:21:34,1,200,
https://econom.church.ua/,2026-10-02 06:21:34,1,403,
https://econommeneg.btsau.edu.ua/en,2026-10-02 06:21:34,1,200,
https://edinoverhram.church.ua/,2026-10-02 06:21:34,1,403,
https://eejpl.vnu.edu.ua/,2026-10-02 06:21:34,1,200,
https://ees-journal.com/,2026-10-02 06:21:34,1,200,
https://ekaterina.org.ua/,2026-10-02 06:21:34,1,200,
https://eleckymon.church.ua,2026-10-02 06:21:34,1,403,
https://elfa.archives.gov.ua/,2026-10-02 06:21:34,1,403,
https://elfa.archives.gov.ua/uk/poshuk/fund-by-types#,2026-10-02 06:21:34,1,403,
https://elib.nlu.org.ua/collection.html?id=39,2026-10-02 06:21:34,1,200,
https://elib.nlu.org.ua/index.html,2026-10-02 06:21:34,1,200,
https://elib.nlu.org.ua/object.html?id=993,2026-10-02 06:21:34,1,200,
https://elib.umsa.edu.ua/,2026-10-02 06:21:34,1,200,SSLError (responded without certificate verification)
https://elisavet-dol.church.ua/,2026-10-02 06:21:34,1,403,
https://elisavet.church.ua/,2026-10-02 06:21:34,1,403,
https://elispalomnik.church.ua/,2026-10-02 06:21:34,1,403,
https://en.hromadske.ua/posts/long-live-folk-how-folk-music-is-preserved-in-ukraine,2026-10-02 06:21:34,1,200,
https://en.hromadske.ua/posts/not-by-go_a-alone-why-ethno-is-in-vogue-and-other-ethnic-music-to-listen-to,2026-10-02 06:21:34,1,200,
https://en.hromadske.ua/posts/rave-season-inside-kyivs-underground-club-scene,2026-10-02 06:21:34,1,200,
https://en.hromadske.ua/posts/veteran-turned-singer-shares-unique-outlook-on-post-war-life,2026-10-02 06:21:34,1,200,
https://ena.lpnu.ua/,2026-10-02 06:21:34,0,500,
https://english.migdal.org.ua/,2026-10-02 06:21:34,1,200,
https://english.migdal.org.ua/museum/,2026-10-02 06:21:34,1,200,
https://eparhia.lg.ua/,2026-10-02 06:21:34,1,200,
https://eparhiya.od.ua/,2026-10-02 06:21:34,1,200,
https://epiriney.church.ua/,2026-10-02 06:21:34,1,403,
https://episkop-nestor.church.ua/,2026-10-02 06:21:34,1,403,
https://epkliment.church.ua/,2026-10-02 06:21:34,1,403,
https://eprints.oa.edu.ua/,2026-10-02 06:21:34,1,200,
https://er.nau.edu.ua/community-list,2026-10-02 06:21:34,1,200,
https://essuir.sumdu.edu.ua,2026-10-02 06:21:34,1,200,
https://esu.com.ua/search_articles.php?id=8665,2026-10-02 06:21:34,1,200,
https://eti.edu.ua/,2026-10-02 06:21:34,1,200,
https://etno-selo.com.ua/,2026-10-02 06:21:34,1,200,
https://etnosvit.com/perevernutyj-dom/,2026-10-02 06:21:34,1,200,
https://faeton.zp.ua/,2026-10-02 06:21:34,1,200,
https://family.church.ua/,2026-10-02 06:21:34,1,403,
https://fanchikovolibrary.blogspot.com/,2026-10-02 06:21:34,1,429,
https://farbovane.church.ua,2026-10-02 06:21:34,1,403,
https://fclnup.if.ua/,2026-10-02 06:21:34,1,200,
https://feldman-ecopark.com/,2026-10-02 06:21:34,1,429,
https://feodosiy-hram.church.ua/,2026-10-02 06:21:34,1,403,
https://feofania.church.ua/,2026-10-02 06:21:34,1,403,
https://feogallery.org/,2026-10-02 06:21:34,1,200,
https://fil8-cbs-lg.at.ua/,2026-10-02 06:21:34,1,200,
https://filarmonia-poltava.org.ua/,2026-10-02 06:21:34,1,200,
https://filarmonia.zt.ua/,2026-10-02 06:21:34,1,200,
https://files.nas.gov.ua/PublicMessages/,2026-10-02 06:21:34,0,503,
https://filial40.od.ua/,2026-10-02 06:21:34,1,200,
https://find-way.com.ua/en/regions/kherson-region/mounds-of-ancient-people,2026-10-02 06:21:34,1,200,
https://fip.dp.ua/index.php/FIP,2026-10-02 06:21:34,1,403,
https://firstpalace.kh.ua/,2026-10-02 06:21:34,1,200,
https://fizmat.sspu.edu.ua/,2026-10-02 06:21:34,1,403,
https://florovsky-mon.church.ua/,2026-10-02 06:21:34,1,403,
https://folklore-archive.org.ua/,2026-10-02 06:21:34,1,200,
https://forum.zamki-kreposti.com.ua/,2026-10-02 06:21:34,0,,ReadTimeout
https://frankolibrary.org/,2026-10-02 06:21:34,0,,ConnectionError
https://fst.onaft.edu.ua/,2026-10-02 06:21:34,0,,ConnectionError
https://gaishin.church.ua/,2026-10-02 06:21:34,1,403,
https://gallery-dolls.com.ua/en/,2026-10-02 06:21:34,1,200,
https://gamma-gallery.com/,2026-10-02 06:21:34,1,200,
https://garden-karazin.blogspot.com/,2026-10-02 06:21:34,1,429,
https://garden.kharkov.ua/,2026-10-02 06:21:34,0,,ConnectionError
https://gayvoron-rvk.ucoz.ua/,2026-10-02 06:21:34,1,200,
https://gdkkamensk.wixsite.com/website,2026-10-02 06:21:34,1,200,
https://genderindetail.org.ua/,2026-10-02 06:21:34,1,200,
https://gendermuseum.com/,2026-10-02 06:21:34,1,200,
https://georgievski-hram.church.ua/,2026-10-02 06:21:34,1,403,
https://georgios.church.ua/,2026-10-02 06:21:34,1,403,
https://georgiskelki.church.ua/,2026-10-02 06:21:34,1,403,
https://geovisnsnu.wordpress.com/,2026-10-02 06:21:34,1,200,
https://german.la.psu.edu/slavic/ukrainian-studies/,2026-10-02 06:21:34,1,200,
https://gimnazium2mar.wixsite.com/site,2026-10-02 06:21:34,1,200,
https://gkraviets6.wixsite.com/mysite-2,2026-10-02 06:21:34,1,200,
https://glassmuseuminlviv.org/,2026-10-02 06:21:34,1,200,
https://gliadyn.church.ua/,2026-10-02 06:21:34,1,403,
https://glibivca.church.ua/,2026-10-02 06:21:34,1,403,
https://gliboke.church.ua/,2026-10-02 06:21:34,1,403,
https://glieracademy.org/,2026-10-02 06:21:34,1,200,
https://gmuseum.org.ua/,2026-10-02 06:21:34,1,403,
https://gnidyn.church.ua/,2026-10-02 06:21:34,1,403,
https://gnilitsa.church.ua/main-page/,2026-10-02 06:21:34,1,403,
https://gogoliv.church.ua/,2026-10-02 06:21:34,1,403,
https://goldenukr.com.ua/,2026-10-02 06:21:34,1,200,
https://golodomor.kharkov.ua/,2026-10-02 06:21:34,1,403,
https://goloszmin.org,2026-10-02 06:21:34,1,200,
https://golovanivsk.church.ua/main-page/,2026-10-02 06:21:34,1,403,
https://golovuriv.church.ua/,2026-10-02 06:21:34,1,403,
https://gopricdyt.edu.ks.ua/,2026-10-02 06:21:34,0,410,SSLError (responded without certificate verification)
https://gora.church.ua/,2026-10-02 06:21:34,1,403,
https://gorbakiv-bibl.ucoz.ua/,2026-10-02 06:21:34,0,,ReadTimeout
https://gorlivka-sob.church.ua/,2026-10-02 06:21:34,1,403,
https://gorodnitsa-mon.church.ua/,2026-10-02 06:21:34,1,403,
https://gorodok-mon.church.ua/,2026-10-02 06:21:34,1,403,
https://gorodylovo-mon.church.ua/,2026-10-02 06:21:34,1,403,
https://goroh.pp.ua/,2026-10-02 06:21:34,1,403,
https://goscha-bibl.at.ua/,2026-10-02 06:21:34,0,,ReadTimeout
https://gostomel.church.ua/,2026-10-02 06:21:34,1,403,
https://gostroluchchia.church.ua/,2026-10-02 06:21:34,1,403,
https://gp.org.ua,2026-10-02 06:21:34,1,403,
https://grdt63.wixsite.com/grdt,2026-10-02 06:21:34,1,200,
https://greencubator.info,2026-10-02 06:21:34,1,429,
https://grygorivska-gromada.gov.ua/,2026-10-02 06:21:34,1,200,
https://guides.library.harvard.edu/soviethistoryarchives/ukrainian,2026-10-02 06:21:34,1,200,
https://gulyaypolemuseu.at.ua/,2026-10-02 06:21:34,0,,ReadTimeout
https://gzvon.church.ua/,2026-10-02 06:21:34,1,403,
https://gzvr62.wixsite.com/margzvr,2026-10-02 06:21:34,1,200,
https://hanicki-school.at.ua/,2026-10-02 06:21:34,1,200,
https://hdzva.edu.ua,2026-10-02 06:21:34,1,200,SSLError (responded without certificate verification)
https://heritageua.dcvisu.com/,2026-10-02 06:21:34,0,,ConnectTimeout
https://history.korolenko.kharkov.com/budivlja-biblioteki/,2026-10-02 06:21:34,1,200,
https://history.korolenko.kharkov.com/budivlja-biblioteki/; https://korolenko.kharkov.com/,2026-10-02 06:21:34,1,200,
https://history.korolenko.kharkov.com/hronika-osnovnyh-podij/,2026-10-02 06:21:34,1,200,
https://history.korolenko.kharkov.com/istoriografija/,2026-10-02 06:21:34,1,200,
https://history.korolenko.kharkov.com/nagorody-biblioteky/,2026-10-02 06:21:34,1,200,
https://history.korolenko.kharkov.com/personality/pershi-bibliotekari/,2026-10-02 06:21:34,1,200,
https://history.korolenko.kharkov.com/video/,2026-10-02 06:21:34,1,200,
https://history.korolenko.kharkov.com/virtualni-vystavky/,2026-10-02 06:21:34,1,200,
https://hmeliv.church.ua/,2026-10-02 06:21:34,1,403,
https://hmilnyk.in.ua/ru/pages/dozvillya,2026-10-02 06:21:34,1,200,
https://hoctm.km.ua/,2026-10-02 06:21:34,1,200,
https://homin.etnoua.info/,2026-10-02 06:21:34,1,200,
https://honchar.org.ua/,2026-10-02 06:21:34,1,200,
https://horbanevka-mon.church.ua/,2026-10-02 06:21:34,1,403,
https://horoshe-mon.church.ua/,2026-10-02 06:21:34,1,403,
https://hortica.zp.ua/ua/,2026-10-02 06:21:34,1,200,
https://hospital.church.ua/,2026-10-02 06:21:34,1,403,
https://hotianivka.church.ua/,2026-10-02 06:21:34,1,403,
https://hotsky.church.ua/,2026-10-02 06:21:34,1,403,
https://hr-mihail.church.ua/,2026-10-02 06:21:34,1,403,
https://hram-adrian.church.ua/,2026-10-02 06:21:34,1,403,
https://hram-arh-mihail.church.ua/,2026-10-02 06:21:34,1,403,
https://hram-crimea.ru/,2026-10-02 06:21:34,0,,ConnectionError
https://hram-fastov.church.ua/,2026-10-02 06:21:34,1,403,
https://hram-gorod.church.ua/,2026-10-02 06:21:34,1,403,
https://hram-hotyanovka.church.ua/,2026-10-02 06:21:34,1,403,
https://hram-kamenka.church.ua/,2026-10-02 06:21:34,1,403,
https://hram-karlovka.church.ua/,2026-10-02 06:21:34,1,403,
https://hram-keramik.church.ua/,2026-10-02 06:21:34,1,403,
https://hram-korsun.church.ua/,2026-10-02 06:21:34,1,403,
https://hram-kovputa.church.ua/,2026-10-02 06:21:34,1,403,
https://hram-krasn.church.ua/,2026-10-02 06:21:34,1,403,
https://hram-kupina.church.ua/o-pravoslavii/,2026-10-02 06:21:34,1,403,
https://hram-lastochkino.church.ua/,2026-10-02 06:21:34,1,403,
https://hram-luka.church.ua/,2026-10-02 06:21:34,1,403,
https://hram-nestor.church.ua/,2026-10-02 06:21:34,1,403,
https://hram-nikola-nn.church.ua/,2026-10-02 06:21:34,1,403,
https://hram-nikola.kiev.ua/,2026-10-02 06:21:34,1,200,
https://hram-nikolaia.church.ua/,2026-10-02 06:21:34,1,403,
https://hram-novokrasnoe.church.ua/,2026-10-02 06:21:34,1,403,
https://hram-novoselovka.church.ua/,2026-10-02 06:21:34,1,403,
https://hram-novyi-bug.church.ua/,2026-10-02 06:21:34,1,403,
https://hram-ocheretino.church.ua/,2026-10-02 06:21:34,1,403,
https://hram-orlovka.church.ua/,2026-10-02 06:21:34,1,403,
https://hram-pervomaysk.church.ua/,2026-10-02 06:21:34,1,403,
https://hram-peski.church.ua/,2026-10-02 06:21:34,1,403,
https://hram-peskovka.church.ua/,2026-10-02 06:21:34,1,403,
https://hram-piryatin.church.ua/,2026-10-02 06:21:34,1,403,
https://hram-poznyaki.church.ua/,2026-10-02 06:21:34,1,403,
https://hram-radonezh.church.ua/,2026-10-02 06:21:34,1,403,
https://hram-rativci.church.ua/,2026-10-02 06:21:34,1,403,
https://hram-rozhdestva.church.ua/,2026-10-02 06:21:34,1,403,
https://hram-spartak.church.ua/,2026-10-02 06:21:34,1,403,
https://hram-stsmsktorez.church.ua/,2026-10-02 06:21:34,1,403,
https://hram-sv-nevskogo.church.ua/,2026-10-02 06:21:34,1,403,
https://hram-svolga.church.ua/,2026-10-02 06:21:34,1,403,
https://hram-varvary.church.ua/,2026-10-02 06:21:34,1,403,
https://hram-viktorovka.church.ua/,2026-10-02 06:21:34,1,403,
https://hram-voskresenie.church.ua/,2026-10-02 06:21:34,1,403,
https://hram-yaroslava.church.ua/,2026-10-02 06:21:34,1,403,
https://hram-yasinov.church.ua/,2026-10-02 06:21:34,1,403,
https://hram-zhelannoe.church.ua/,2026-10-02 06:21:34,1,403,
https://hram.church.ua/,2026-10-02 06:21:34,1,403,
https://hramazp.church.ua/,2026-10-02 06:21:34,1,403,
https://hramlavd.church.ua/,2026-10-02 06:21:34,1,403,
https://hramloboykovka.church.ua/,2026-10-02 06:21:34,1,403,
https://hramluki.church.ua/,2026-10-02 06:21:34,1,403,
https://hramolgi.church.ua/,2026-10-02 06:21:34,1,403,
https://hramprepodobnih.church.ua/,2026-10-02 06:21:34,1,403,
https://hrch.church.ua/,2026-10-02 06:21:34,1,403,
https://huri.harvard.edu/,2026-10-02 06:21:34,1,403,
https://hutsul.museum/,2026-10-02 06:21:34,1,429,
https://hutsul.museum/360/,2026-10-02 06:21:34,1,429,
https://iananu.org.ua/,2026-10-02 06:21:34,1,200,
https://ibs.org.ua/,2026-10-02 06:21:34,1,200,
https://ic-chernobyl.kiev.ua/,2026-10-02 06:21:34,1,200,
https://icca.kiev.ua/,2026-10-02 06:21:34,1,429,
https://iea.gov.ua/en/,2026-10-02 06:21:34,1,200,
https://ierusalim.church.ua/,2026-10-02 06:21:34,1,403,
https://ifds.org.ua/,2026-10-02 06:21:34,0,,ConnectionError
https://ifnmujournal.com/,2026-10-02 06:21:34,1,403,
https://ifnmujournal.com/gmj/,2026-10-02 06:21:34,1,403,
https://ifnnim.wunu.edu.ua/,2026-10-02 06:21:34,1,200,
https://ifteatr.org.ua/,2026-10-02 06:21:34,1,200,
https://igor.church.ua/category/photo/,2026-10-02 06:21:34,1,403,
https://igu.org.ua/books,2026-10-02 06:21:34,1,200,
https://ilyinsky-torez.church.ua/,2026-10-02 06:21:34,1,403,
https://imuseum.ucoz.ua/,2026-10-02 06:21:34,1,200,
https://inc.dp.ua/,2026-10-02 06:21:34,0,,ConnectTimeout
https://incognita.day.kyiv.ua/exposition,2026-10-02 06:21:34,0,,ConnectionError
https://incognita.day.kyiv.ua/museums/bandery,2026-10-02 06:21:34,0,,ConnectionError
https://incognita.day.kyiv.ua/museums/baturyn/,2026-10-02 06:21:34,0,,ConnectionError
https://incognita.day.kyiv.ua/museums/dnipro-1/,2026-10-02 06:21:34,0,,ConnectionError
https://incognita.day.kyiv.ua/museums/dnipro-2/,2026-10-02 06:21:34,0,,ConnectionError
https://incognita.day.kyiv.ua/museums/dnipro-3,2026-10-02 06:21:34,0,,ConnectionError
https://incognita.day.kyiv.ua/museums/dnipro-4/,2026-10-02 06:21:34,0,,ConnectionError
https://incognita.day.kyiv.ua/museums/dubno/,2026-10-02 06:21:34,0,,ConnectionError
https://incognita.day.kyiv.ua/museums/ikona/,2026-10-02 06:21:34,0,,ConnectionError
https://incognita.day.kyiv.ua/museums/kochubeyiv/,2026-10-02 06:21:34,0,,ConnectionError
https://incognita.day.kyiv.ua/museums/kotliarevskyi/,2026-10-02 06:21:34,0,,ConnectionError
https://incognita.day.kyiv.ua/museums/lypynskoho/,2026-10-02 06:21:34,0,,ConnectionError
https://incognita.day.kyiv.ua/museums/military/,2026-10-02 06:21:34,0,,ConnectionError
https://incognita.day.kyiv.ua/museums/ostroh/,2026-10-02 06:21:34,0,,ConnectionError
https://incognita.day.kyiv.ua/museums/poltbattle/,2026-10-02 06:21:34,0,,ConnectionError
https://incognita.day.kyiv.ua/museums/rohatyn/,2026-10-02 06:21:34,0,,ConnectionError
https://incognita.day.kyiv.ua/museums/rozum/,2026-10-02 06:21:34,0,,ConnectionError
https://incognita.day.kyiv.ua/museums/samchuk/,2026-10-02 06:21:34,0,,ConnectionError
https://incognita.day.kyiv.ua/museums/skovorodynivka/,2026-10-02 06:21:34,0,,ConnectionError
https://incognita.day.kyiv.ua/museums/stravinskoho/,2026-10-02 06:21:34,0,,ConnectionError
https://incognita.day.kyiv.ua/museums/tiurma/,2026-10-02 06:21:34,0,,ConnectionError
https://incognita.day.kyiv.ua/museums/trypillia/,2026-10-02 06:21:34,0,,ConnectionError
https://incognita.day.kyiv.ua/museums/tsytadel/,2026-10-02 06:21:34,0,,ConnectionError
https://incognita.day.kyiv.ua/museums/yevreyiv/,2026-10-02 06:21:34,0,,ConnectionError
https://informnapalm.org/ua,2026-10-02 06:21:34,1,403,
https://invisiblebattalion.org/en/home-2/,2026-10-02 06:21:34,1,200,
https://ioann.church.ua/,2026-10-02 06:21:34,1,403,
https://ioannbogoslov.church.ua/,2026-10-02 06:21:34,1,403,
https://ioannbogoslov25a.church.ua/,2026-10-02 06:21:34,1,403,
https://ioannkrestitel.church.ua/,2026-10-02 06:21:34,1,403,
https://ioasaf.church.ua/,2026-10-02 06:21:34,1,403,
https://ioninsky.church.ua/,2026-10-02 06:21:34,1,403,
https://ipiend.gov.ua/script/,2026-10-02 06:21:34,0,404,
https://ir.vtei.edu.ua/,2026-10-02 06:21:34,1,200,
https://irp.te.ua,2026-10-02 06:21:34,1,200,
https://irp.te.ua/2010-05-21-07-32-31/,2026-10-02 06:21:34,1,200,
https://irpen.net.ua/,2026-10-02 06:21:34,1,200,
https://irpinblag.church.ua/,2026-10-02 06:21:34,1,403,
https://islam-zp.info/,2026-10-02 06:21:34,0,,ConnectionError
https://islam.in.ua,2026-10-02 06:21:34,1,200,
https://istochnik.church.ua/,2026-10-02 06:21:34,1,403,
https://istznu.org/index.php/journal,2026-10-02 06:21:34,1,200,
https://ivankiv-museum.site,2026-10-02 06:21:34,1,403,
https://ivankiv.church.ua/,2026-10-02 06:21:34,1,403,
https://ivano-frankivsk.church.ua/,2026-10-02 06:21:34,1,403,
https://iver-dol.church.ua/,2026-10-02 06:21:34,1,403,
https://iver-lozovaya.church.ua/,2026-10-02 06:21:34,1,403,
https://iversky-mon.church.ua/,2026-10-02 06:21:34,1,403,
https://izmail-city.org/museums/,2026-10-02 06:21:34,1,200,
https://izmail-mon.church.ua/,2026-10-02 06:21:34,1,403,
https://izograf.church.ua/,2026-10-02 06:21:34,1,403,
https://izum-sob.church.ua/,2026-10-02 06:21:34,1,403,
https://izum-social.church.ua/2015/04/12/delites-pasxalnoj-radostyu/,2026-10-02 06:21:34,1,403,
https://izum.church.ua/,2026-10-02 06:21:34,1,403,
https://izym-blagochinie.church.ua/category/news/,2026-10-02 06:21:34,1,403,
https://javalibre.com.ua/,2026-10-02 06:21:34,1,403,
https://jcu.org.ua/,2026-10-02 06:21:34,1,200,
https://jew.org.ua/ukr.html,2026-10-02 06:21:34,1,200,
https://jewish.km.ua/,2026-10-02 06:21:34,0,,ConnectTimeout
https://jewishheritageguide.net/,2026-10-02 06:21:34,1,200,
https://jiv-dol.church.ua/,2026-10-02 06:21:34,1,403,
https://jivon-ist.church.ua/,2026-10-02 06:21:34,1,403,
https://jmhum.org/,2026-10-02 06:21:34,1,200,
https://journal-me.com/en/main-page/,2026-10-02 06:21:34,1,200,
https://journal.cndiovt.com.ua/index.php/ovt/issue/archive,2026-10-02 06:21:34,1,200,
https://journal.ivinas.gov.ua,2026-10-02 06:21:34,1,403,
https://journal.ivinas.gov.ua/pwh/reviewing,2026-10-02 06:21:34,1,403,
https://journalbio.vnu.edu.ua/,2026-10-02 06:21:34,1,200,
https://journals.onaft.edu.ua/,2026-10-02 06:21:34,0,,ConnectionError
https://journals.pnu.edu.ua/index.php/apiclu,2026-10-02 06:21:34,1,200,
https://judaica.kiev.ua/,2026-10-02 06:21:34,0,,ConnectTimeout
https://judaica.kiev.ua/old/eng/indexEng.html,2026-10-02 06:21:34,0,,ConnectTimeout
https://judaicacenter.kiev.ua/archive/,2026-10-02 06:21:34,1,200,
https://judaicaukrainica.ukma.edu.ua/,2026-10-02 06:21:34,1,200,
https://junnat.kherson.ua/,2026-10-02 06:21:34,1,200,
https://k-voennotdel.church.ua/,2026-10-02 06:21:34,1,403,
https://kalushcultura.if.ua/,2026-10-02 06:21:34,1,200,
https://kalynivka.church.ua/,2026-10-02 06:21:34,1,403,
https://kalyta.church.ua/,2026-10-02 06:21:34,1,403,
https://kam-blag.church.ua/,2026-10-02 06:21:34,1,403,
https://kam.edu.ua/,2026-10-02 06:21:34,0,,ConnectionError
https://kamenca.net/,2026-10-02 06:21:34,1,200,
https://kamenskoe-mon.church.ua/,2026-10-02 06:21:34,1,403,
https://kamenyar.info/,2026-10-02 06:21:34,1,403,
https://kamianska.church.ua/,2026-10-02 06:21:34,1,403,
https://kammuz.com.ua/,2026-10-02 06:21:34,1,200,
https://kampod-mbk.at.ua/,2026-10-02 06:21:34,1,200,
https://kamyanka-mon.church.ua/,2026-10-02 06:21:34,1,403,
https://kapelan.church.ua/,2026-10-02 06:21:34,1,403,
https://karaimkharkiv.wordpress.com/,2026-10-02 06:21:34,1,200,
https://karazin.ua/,2026-10-02 06:21:34,1,200,
"https://karazin.ua/en/kultura/muzei-prirodi/, http://muzei-prirody.blogspot.com/",2026-10-02 06:21:34,0,404,
https://karpatart.com/,2026-10-02 06:21:34,0,521,
https://karpatskyi-park.in.ua/,2026-10-02 06:21:34,1,200,
https://karpaty.rocks/region/ivano-frankivska-oblast/dolynskyy-rayon/bolehiv/muzey-istoriyi-mista-bolehova-im-romana-skvoriya,2026-10-02 06:21:34,1,200,
https://karpaty.rocks/region/ivano-frankivska-oblast/dolynskyy-rayon/bolehiv/muzey-nataliyi-kobrynskoyi-filial-muzeyu-im-rskvoriya,2026-10-02 06:21:34,1,200,
https://katerlez.church.ua/,2026-10-02 06:21:34,1,403,
https://katuzhanka.church.ua/,2026-10-02 06:21:34,1,403,
https://kau.com.ua/,2026-10-02 06:21:34,1,200,
https://kazan-dol.church.ua/,2026-10-02 06:21:34,1,403,
https://kazanskii-hram.church.ua/,2026-10-02 06:21:34,1,403,
https://kazanskiy-chyg.church.ua/,2026-10-02 06:21:34,1,403,
https://kazantip.church.ua/,2026-10-02 06:21:34,1,403,
https://kazky.org.ua/,2026-10-02 06:21:34,1,200,
https://kdpu.edu.ua/biblioteka/,2026-10-02 06:21:34,1,200,
https://kdpu.edu.ua/en/,2026-10-02 06:21:34,1,200,
https://kehilalinks.jewishgen.org/stavishche/resources.html,2026-10-02 06:21:34,1,200,
https://khai.edu/ua/,2026-10-02 06:21:34,1,200,
https://khanenkomuseum.kiev.ua,2026-10-02 06:21:34,0,,ConnectionError
https://kharkiv-sob.church.ua/,2026-10-02 06:21:34,1,403,
https://kharkov-mon.church.ua/,2026-10-02 06:21:34,1,403,
https://kherson-sob.church.ua/,2026-10-02 06:21:34,1,403,
https://khersonculture.wixsite.com/nonfake,2026-10-02 06:21:34,1,200,
https://khersones-sob.church.ua/,2026-10-02 06:21:34,1,403,
https://khg.kname.edu.ua/index.php/khg/issue/archive,2026-10-02 06:21:34,1,200,
https://khmelnytskiy.church.ua/,2026-10-02 06:21:34,1,403,
https://khmelnytsky-sob.church.ua/,2026-10-02 06:21:34,1,403,
https://khotynska-fortecya.cv.ua/,2026-10-02 06:21:34,1,200,
https://khreschatykchoir.com/,2026-10-02 06:21:34,1,200,
https://khrife-journal.org/,2026-10-02 06:21:34,1,200,
https://khsms.com/,2026-10-02 06:21:34,1,200,
https://khust-miskrada.gov.ua/kultovi-sporudi/,2026-10-02 06:21:34,1,200,
https://khust-sob.church.ua/category/audio/,2026-10-02 06:21:34,1,403,
https://khust.church.ua/,2026-10-02 06:21:34,1,403,
https://khustlibrary.blogspot.com/,2026-10-02 06:21:34,1,429,
https://ki.sumdu.edu.ua,2026-10-02 06:21:34,1,401,
https://kiev-afon-mon.church.ua/,2026-10-02 06:21:34,1,403,
https://kiev-nazaret-mon.church.ua/,2026-10-02 06:21:34,1,403,
https://kiev-stolpnik.org.ua/,2026-10-02 06:21:34,1,200,
https://kievskaya-rus.church.ua/,2026-10-02 06:21:34,1,403,
https://kifasavl12.church.ua/,2026-10-02 06:21:34,1,403,
https://kiliv.church.ua/duxovenstvo/,2026-10-02 06:21:34,1,403,
https://kinokerch.ru/,2026-10-02 06:21:34,1,200,
https://kinokiev.com/,2026-10-02 06:21:34,1,200,
https://kipyachsky-mon.church.ua/,2026-10-02 06:21:34,1,403,
https://kirove.church.ua/,2026-10-02 06:21:34,1,403,
https://kiziltash-mon.church.ua/,2026-10-02 06:21:34,1,403,
https://kkibp.edu.ua,2026-10-02 06:21:34,1,200,
https://klavdievo.church.ua/,2026-10-02 06:21:34,1,403,
https://kld-gromada.gov.ua/biblioteki-1581329932/,2026-10-02 06:21:34,1,200,
https://kmcbsf7.wordpress.com/,2026-10-02 06:21:34,1,200,
https://kneu.edu.ua/en/,2026-10-02 06:21:34,1,200,
https://knigagalina.jimdofree.com/,2026-10-02 06:21:34,1,200,
https://knmau.com.ua/,2026-10-02 06:21:34,1,200,
https://knmau.com.ua/internet-putivnik/,2026-10-02 06:21:34,1,200,
https://knmau.com.ua/istoriya/,2026-10-02 06:21:34,1,200,
https://knmau.com.ua/nauka/konferentsiyi/,2026-10-02 06:21:34,1,200,
https://knmau.com.ua/nauka/laboratoriya-etnomuzikologiyi/,2026-10-02 06:21:34,1,200,
https://knmau.com.ua/nauka/napryami-naukovoyi-diyalnosti/,2026-10-02 06:21:34,1,200,
https://knmau.com.ua/nauka/naukovi-vidannya-nmau/,2026-10-02 06:21:34,1,200,
https://knmau.com.ua/nauka/tsentr-muzichnoyi-ukrayinistiki/,2026-10-02 06:21:34,1,200,
https://knmau.com.ua/nauka/zviti/,2026-10-02 06:21:34,1,200,
https://knmau.com.ua/osvita/arhiv/,2026-10-02 06:21:34,1,200,
https://knmau.com.ua/osvita/ustanovchi-dokumenti/,2026-10-02 06:21:34,1,200,
https://knmau.com.ua/virtualnij-tur/,2026-10-02 06:21:34,1,200,
https://knmc.kyivcity.gov.ua/,2026-10-02 06:21:34,1,403,
https://knmc.org.ua/,2026-10-02 06:21:34,1,200,
https://knmu.edu.ua/golovna/pro-nas/muzej-istoriyi/,2026-10-02 06:21:34,1,200,
https://knteu.kiev.ua/blog/read/?pid=7240&uk,2026-10-02 06:21:34,0,404,SSLError (responded without certificate verification)
https://knute.edu.ua/,2026-10-02 06:21:34,1,200,
https://knyazhichi-mon.church.ua/,2026-10-02 06:21:34,1,403,
https://knyga1.wixsite.com/muzychniadresy,2026-10-02 06:21:34,1,200,
https://kocherzhinci-mon.church.ua/,2026-10-02 06:21:34,1,403,
https://kochur.do.am/,2026-10-02 06:21:34,1,200,
https://kolochava-mon.church.ua/,2026-10-02 06:21:34,1,403,
https://kolodne-mon.church.ua/,2026-10-02 06:21:34,1,403,
https://konotop-museum.in.ua,2026-10-02 06:21:34,0,,ConnectionError
https://konotop-sob.church.ua/,2026-10-02 06:21:34,1,403,
https://konstantin-elena.church.ua/,2026-10-02 06:21:34,1,403,
https://korabelniy.wordpress.com/,2026-10-02 06:21:34,1,200,
https://korets-georiy.church.ua/,2026-10-02 06:21:34,1,403,
https://korniivka.church.ua/,2026-10-02 06:21:34,1,403,
https://korolenko.kharkov.com/,2026-10-02 06:21:34,1,200,
https://korolenko.kharkov.com/virtual_vistavki/Havkina/titl3.html,2026-10-02 06:21:34,1,200,
https://korolenko.kharkov.com/virtual_vistavki/Journals/J0.html,2026-10-02 06:21:34,1,200,
https://korolenko.kharkov.com/virtual_vistavki/Mosaika/Borman.html,2026-10-02 06:21:34,1,200,
https://korolenko.kharkov.com/virtual_vistavki/Rarytety/r1.html,2026-10-02 06:21:34,0,404,
https://korolenko.kharkov.com/virtual_vistavki/pisanki/index1.html,2026-10-02 06:21:34,1,200,
https://korsunzapovidnyk.com.ua,2026-10-02 06:21:34,1,200,
https://korzhi.church.ua/,2026-10-02 06:21:34,1,403,
https://korzhivtsy-mon.church.ua/,2026-10-02 06:21:34,1,403,
https://kossenko-museum.wixsite.com/,2026-10-02 06:21:34,0,404,
https://kostrino-mon.church.ua/,2026-10-02 06:21:34,1,403,
https://kotljarevka.wixsite.com/kotljarevka,2026-10-02 06:21:34,1,200,
https://kovalyn.church.ua/,2026-10-02 06:21:34,1,403,
https://kozatstvo.blogspot.com/,2026-10-02 06:21:34,1,200,
https://kpi.dcvisu.com,2026-10-02 06:21:34,0,,ConnectTimeout
https://kpk.if.ua/,2026-10-02 06:21:34,1,200,
https://kpl.church.ua/,2026-10-02 06:21:34,1,403,
https://kpnzbdt.wixsite.com/mysite-3,2026-10-02 06:21:34,1,200,
https://kramatmuseum.wordpress.com,2026-10-02 06:21:34,1,200,
https://kramistmuseum.wordpress.com/,2026-10-02 06:21:34,1,200,
https://krasne.church.ua/,2026-10-02 06:21:34,1,403,
https://krasnodon.org.ua/krasnodon/culture,2026-10-02 06:21:34,0,404,
https://krasnogor-mk-mon.church.ua/,2026-10-02 06:21:34,1,403,
https://krasnogv-blag.church.ua/,2026-10-02 06:21:34,1,403,
https://krasnoilsk-mon.church.ua/,2026-10-02 06:21:34,1,403,
https://krasnopil-mon.church.ua/,2026-10-02 06:21:34,1,403,
https://krasylivka.church.ua/,2026-10-02 06:21:34,1,403,
https://kray.korolenko.kharkov.com/,2026-10-02 06:21:34,1,200,
https://kraynikovo-mon.church.ua/,2026-10-02 06:21:34,1,403,
https://krc.academy,2026-10-02 06:21:34,1,200,
https://kremenaya.com/,2026-10-02 06:21:34,1,200,
https://kremenchuk-sob.church.ua/,2026-10-02 06:21:34,1,403,
https://kremenhistory.org.ua/,2026-10-02 06:21:34,1,403,
https://krest-podol.church.ua/,2026-10-02 06:21:34,1,403,
https://krestovozdvig.church.ua/,2026-10-02 06:21:34,1,403,
https://krim-cerkov.church.ua/,2026-10-02 06:21:34,1,403,
https://kriviyrig.church.ua/,2026-10-02 06:21:34,1,403,
https://krivoe-mon.church.ua/,2026-10-02 06:21:34,1,403,
https://krystynopol.info/,2026-10-02 06:21:34,1,200,
https://kseniapeter-hram.church.ua/,2026-10-02 06:21:34,1,403,
https://kseniya-hram.church.ua/,2026-10-02 06:21:34,1,403,
https://ksiprostir.org/,2026-10-02 06:21:34,1,200,
https://ksmrus.ru/,2026-10-02 06:21:34,1,200,
https://ksp.ui.org.ua/,2026-10-02 06:21:34,1,403,
https://ktteatr.ru/,2026-10-02 06:21:34,1,200,
https://kubg.edu.ua/,2026-10-02 06:21:34,1,200,
https://kuindzycentre.wixsite.com/centre-ku,2026-10-02 06:21:34,1,200,
https://kuinji.wixsite.com/kuinji,2026-10-02 06:21:34,1,200,
https://kult.km.ua/Muzey-studIya-fotomistetstva,2026-10-02 06:21:34,1,200,
https://kultura-mariupol.org.ua/,2026-10-02 06:21:34,0,,ConnectTimeout
https://kultura-poltava.gov.ua/,2026-10-02 06:21:34,1,200,
https://kultura-poltava.gov.ua/zakladi/muzej-v-g-korolenka/,2026-10-02 06:21:34,0,404,
https://kultura-zak.gov.ua/,2026-10-02 06:21:34,1,200,
https://kultura.dn.gov.ua/,2026-10-02 06:21:34,0,404,
https://kultura.uz.ua/,2026-10-02 06:21:34,0,,ConnectTimeout
https://kulturaxm.wordpress.com/,2026-10-02 06:21:34,0,410,
https://kurbas-theatre-lviv.virtual.ua/ua/3d-tour/,2026-10-02 06:21:34,1,200,
https://kurbas.lviv.ua,2026-10-02 06:21:34,1,200,
https://kushnica-mon.church.ua/,2026-10-02 06:21:34,1,403,
https://kut-chernomoret.at.ua/,2026-10-02 06:21:34,0,,ReadTimeout
https://kyivmodernballet.com/,2026-10-02 06:21:34,1,200,
https://kyivmural.com/,2026-10-02 06:21:34,1,200,
https://kyivoperatheatre.com.ua/,2026-10-02 06:21:34,1,200,
https://kyivregiontours.gov.ua/,2026-10-02 06:21:34,1,200,
https://kyselivka.church.ua/main-page/,2026-10-02 06:21:34,1,403,
https://landmarks.in.ua/,2026-10-02 06:21:34,1,200,
https://lanvjets-ka-tsbs.webnode.com.ua/,2026-10-02 06:21:34,1,200,
https://latvynivka.church.ua/,2026-10-02 06:21:34,1,403,
https://lavra.ua/3dtour/index.html,2026-10-02 06:21:34,1,200,
https://lavra.ua/en/,2026-10-02 06:21:34,1,200,
https://law.church.ua/,2026-10-02 06:21:34,1,403,
https://lcnttum.wixsite.com/lcnttum,2026-10-02 06:21:34,1,200,
https://lcorp.ulif.org.ua/dictua/,2026-10-02 06:21:34,1,200,
https://ldubgd.edu.ua/content/istorichna-pamyatka,2026-10-02 06:21:34,1,200,
https://le-theatre-francais.wixsite.com/deep-theatre,2026-10-02 06:21:34,1,200,
https://lebedivka.church.ua/,2026-10-02 06:21:34,1,403,
https://lebedyn.church.ua/,2026-10-02 06:21:34,1,403,
https://lehnivka.church.ua/,2026-10-02 06:21:34,1,403,
https://lemeshivka.church.ua/,2026-10-02 06:21:34,1,403,
https://lemky.org.ua,2026-10-02 06:21:34,1,200,
https://leninskoe.church.ua/,2026-10-02 06:21:34,1,403,
https://lesya-ukrainian-theater-lviv.virtual.ua/ua/3d-tour/,2026-10-02 06:21:34,1,200,
https://letrb.jimdofree.com/,2026-10-02 06:21:34,0,404,
https://letsky.church.ua/,2026-10-02 06:21:34,1,403,
https://lgnau.edu.ua/,2026-10-02 06:21:34,0,,ConnectionError
https://lia.lvivcenter.org/en/storymaps/jewish-lviv/,2026-10-02 06:21:34,1,200,
https://lia.lvivcenter.org/uk/objects/lychakiv-cemetery/,2026-10-02 06:21:34,1,200,
https://lib.iitta.gov.ua/,2026-10-02 06:21:34,1,200,
https://lib.kr.ua/,2026-10-02 06:21:34,1,200,
https://lib.nuph.edu.ua/,2026-10-02 06:21:34,0,,ConnectTimeout
https://lib.nuwm.edu.ua/,2026-10-02 06:21:34,0,502,
https://lib.pmg17.vn.ua/,2026-10-02 06:21:34,1,200,
https://lib.ztu.edu.ua/,2026-10-02 06:21:34,1,200,
https://libenc.korolenko.kharkov.com/,2026-10-02 06:21:34,1,200,
https://libfil1.wixsite.com/krupska-1,2026-10-02 06:21:34,1,200,
https://libgonchar.org,2026-10-02 06:21:34,1,200,
https://libnadvirna.if.ua/,2026-10-02 06:21:34,0,,ConnectionError
https://libraria.ua/,2026-10-02 06:21:34,1,200,
https://libraria.ua/en/collections/23/,2026-10-02 06:21:34,1,200,
https://library.chnpu.edu.ua/,2026-10-02 06:21:34,1,200,
https://library.diit.edu.ua/,2026-10-02 06:21:34,1,403,
https://library.gov.ua/,2026-10-02 06:21:34,1,200,
https://library.khntusg.com.ua/,2026-10-02 06:21:34,0,,ConnectionError
https://library.korolenko.kharkov.com/digital-education-hub/,2026-10-02 06:21:34,1,200,
https://library.korolenko.kharkov.com/jak-zapysatysja/,2026-10-02 06:21:34,1,200,
https://library.korolenko.kharkov.com/proekty-ta-granty/,2026-10-02 06:21:34,1,200,
https://library.kpnu.edu.ua/,2026-10-02 06:21:34,1,200,
https://library.kr.ua,2026-10-02 06:21:34,1,200,
https://library.ndu.edu.ua,2026-10-02 06:21:34,1,200,
https://library.nlu.edu.ua/,2026-10-02 06:21:34,1,200,
https://library.onaft.edu.ua/,2026-10-02 06:21:34,0,,ConnectionError
https://library.pdpu.edu.ua/,2026-10-02 06:21:34,1,403,
https://library.sakharov-center.ru/,2026-10-02 06:21:34,1,200,
https://library.udpu.edu.ua/,2026-10-02 06:21:34,1,200,
https://library.vnu.edu.ua/,2026-10-02 06:21:34,1,200,
https://libsed.wixsite.com/libsed/,2026-10-02 06:21:34,1,200,
https://libsumy.com/,2026-10-02 06:21:34,1,200,
https://limpopo-zoo.com.ua/,2026-10-02 06:21:34,1,200,
https://linoleumfest.com/,2026-10-02 06:21:34,1,200,
https://lipcha-mon.church.ua/,2026-10-02 06:21:34,1,403,
https://lipesdatabase.com,2026-10-02 06:21:34,1,200,
https://liskmuseum.at.ua/,2026-10-02 06:21:34,1,200,
https://litky.church.ua/,2026-10-02 06:21:34,1,403,
https://litmuseum.zt.ua/,2026-10-02 06:21:34,0,,ConnectionError
https://litochky.church.ua/,2026-10-02 06:21:34,1,403,
https://lkmpikt.org/,2026-10-02 06:21:34,1,200,
https://lksep.com/,2026-10-02 06:21:34,1,200,
https://lma.edu.ua/,2026-10-02 06:21:34,1,200,
https://lmcbs.lutsk.ua/,2026-10-02 06:21:34,1,403,
https://lnma.edu.ua/,2026-10-02 06:21:34,1,200,
https://lnma.edu.ua/istoriya-lvivskoji-natsionalnoji-muzychnoji-akademiji-im-m-lysenka-v-muzychnyh-formah/,2026-10-02 06:21:34,1,200,
https://lnma.edu.ua/kafedry/kafedra-muzychnoji-folklorystyky-ta-pndlme/elektronna_biblioteka/,2026-10-02 06:21:34,1,200,
https://lnma.edu.ua/nauka/dysertatsiji-ta-avtoreferatyi/,2026-10-02 06:21:34,1,200,
https://lnma.edu.ua/nauka/naukovi-fahovi-vydannya/#,2026-10-02 06:21:34,1,200,
https://lnma.edu.ua/nauka/plan-naukovo-doslidnoji-roboty/#,2026-10-02 06:21:34,1,200,
https://lnu.edu.ua/en/,2026-10-02 06:21:34,1,200,
https://lnulibrary.lviv.ua/,2026-10-02 06:21:34,1,200,
https://lnulibrary.lviv.ua/en/about-us-en/,2026-10-02 06:21:34,1,429,
https://lnulibrary.lviv.ua/to-users-2/pudelki/,2026-10-02 06:21:34,1,429,
https://localhistory.org.ua/,2026-10-02 06:21:34,1,200,
https://localhistory.org.ua/stari-foto/,2026-10-02 06:21:34,1,200,
https://locdutk.lg.ua/,2026-10-02 06:21:34,1,200,
https://locnt.com.ua/,2026-10-02 06:21:34,0,500,
https://lodb.org.ua/,2026-10-02 06:21:34,1,403,
https://lol.in.ua/,2026-10-02 06:21:34,1,200,
https://lopukhov-mon.church.ua/,2026-10-02 06:21:34,1,403,
https://losynivka.church.ua/,2026-10-02 06:21:34,1,403,
https://lozovaya-mon.church.ua/,2026-10-02 06:21:34,1,403,
https://lozoviy-yar.church.ua/,2026-10-02 06:21:34,1,403,
https://lozrbdut.wixsite.com/bdut-lozivskyj-rajon,2026-10-02 06:21:34,1,200,
https://lpnu.ua/,2026-10-02 06:21:34,1,200,
https://lsmu.edu.ua/,2026-10-02 06:21:34,1,200,
https://ltmjournal.com/,2026-10-02 06:21:34,1,200,
https://lubarci.church.ua/,2026-10-02 06:21:34,1,403,
https://lubimovka.ru/,2026-10-02 06:21:34,0,,ConnectionError
https://lubymivka.church.ua/,2026-10-02 06:21:34,1,403,
https://ludkevytch.in.ua/,2026-10-02 06:21:34,1,200,
https://lugansk.church.ua/,2026-10-02 06:21:34,1,403,
https://lugocentum.pp.ua/,2026-10-02 06:21:34,0,,ConnectionError
https://luhansk-sob.church.ua/,2026-10-02 06:21:34,1,403,
https://lukashi.church.ua/,2026-10-02 06:21:34,1,403,
https://lukianivka.church.ua/,2026-10-02 06:21:34,1,403,
https://lukl.kyiv.ua/,2026-10-02 06:21:34,1,200,
https://lumuseum.zwiahel.info/,2026-10-02 06:21:34,1,200,
https://lutsk.uu.edu.ua/,2026-10-02 06:21:34,1,200,
https://lvet.edu.ua/,2026-10-02 06:21:34,1,403,
https://lviv-lychakiv.com.ua/en/,2026-10-02 06:21:34,1,200,
https://lviv-sob.church.ua/,2026-10-02 06:21:34,1,403,
https://lviv.church.ua/,2026-10-02 06:21:34,1,403,
https://lvivpuppet.com/,2026-10-02 06:21:34,1,200,
https://lvivskansen.org/,2026-10-02 06:21:34,1,200,
https://lycei1museum.at.ua/,2026-10-02 06:21:34,1,200,
https://lychakiv-cemetery.virtual.ua/ua/,2026-10-02 06:21:34,1,200,
https://lyturg.org/,2026-10-02 06:21:34,1,200,
https://lyutezh.church.ua/,2026-10-02 06:21:34,1,403,
https://m-church.org.ua/,2026-10-02 06:21:34,1,200,
https://m.knmau.edu.ua,2026-10-02 06:21:34,1,200,
https://m17.kiev.ua/,2026-10-02 06:21:34,1,200,
https://m5.church.ua/,2026-10-02 06:21:34,1,403,
https://magara.zp.ua/,2026-10-02 06:21:34,1,200,
https://magdalina-centr.church.ua/,2026-10-02 06:21:34,1,403,
https://makariy-kiev.church.ua/,2026-10-02 06:21:34,1,403,
https://makariy-sob.church.ua/,2026-10-02 06:21:34,1,403,
https://mal-karatul.church.ua/,2026-10-02 06:21:34,1,403,
https://mal-staricja.church.ua/,2026-10-02 06:21:34,1,403,
https://malakopanya2018.blogspot.com/,2026-10-02 06:21:34,1,200,
https://mamajeva-sloboda.ua/,2026-10-02 06:21:34,0,,ConnectionError
https://mangushskiircdt.ucoz.net/,2026-10-02 06:21:34,1,200,
https://manmelitopol.ucoz.org/,2026-10-02 06:21:34,1,200,
https://map.memorialholodomor.org.ua/golodomor-1932-1933/,2026-10-02 06:21:34,1,200,
https://marinovka-mon.church.ua/,2026-10-02 06:21:34,1,403,
https://marionetok.com/,2026-10-02 06:21:34,0,,ConnectionError
https://mariupol-cultural-capital.com/,2026-10-02 06:21:34,0,,ConnectionError
https://mariupol-school-18.wixsite.com/school18,2026-10-02 06:21:34,1,200,
https://mariupol.is/,2026-10-02 06:21:34,1,200,
https://mariupolmgtl.wixsite.com/mgtl,2026-10-02 06:21:34,1,200,
https://mariupolrada.gov.ua/en/news/u-mariupoli-osvjatili-viznij-znak-zi-skulpturoju-mitropolita-ignatija,2026-10-02 06:21:34,1,200,
https://markap.church.ua/,2026-10-02 06:21:34,1,403,
https://marschool32.wixsite.com/mysite,2026-10-02 06:21:34,1,200,
https://marschool40.wixsite.com/marschool40,2026-10-02 06:21:34,1,200,
https://martusivca.church.ua/,2026-10-02 06:21:34,1,403,
https://martyrology.org.ua/,2026-10-02 06:21:34,1,200,
https://maryevka.church.ua/,2026-10-02 06:21:34,1,403,
https://maski.com.ua/,2026-10-02 06:21:34,1,200,
https://matrona-hram.church.ua/,2026-10-02 06:21:34,1,403,
https://matrona.church.ua/,2026-10-02 06:21:34,1,403,
https://mazanka.church.ua/,2026-10-02 06:21:34,1,403,
https://mazinky.church.ua/,2026-10-02 06:21:34,1,403,
https://mbk.rv.ua/,2026-10-02 06:21:34,1,200,
https://mbkrivne.ucoz.net/,2026-10-02 06:21:34,1,200,
https://md-ukraine.com/ua/object/detail/1321_palac-getmana-k--rozumovskogo.html,2026-10-02 06:21:34,0,,ConnectTimeout
https://mdkeht.at.ua/,2026-10-02 06:21:34,1,200,
https://med-expert.com.ua/journals/podpiska/,2026-10-02 06:21:34,1,200,
https://medbook.sumy.ua/,2026-10-02 06:21:34,0,,ConnectionError
https://medgorodok-hram.church.ua/,2026-10-02 06:21:34,1,403,
https://medpers.dmu.edu.ua/en/,2026-10-02 06:21:34,1,200,
https://mejirich-mon.church.ua/,2026-10-02 06:21:34,1,403,
https://melitopol-blagochinie.church.ua/,2026-10-02 06:21:34,1,403,
https://melitopoldvorez.jimdofree.com/,2026-10-02 06:21:34,1,200,
https://melosvit.com.ua/,2026-10-02 06:21:34,1,200,
https://mezhibozh.com/yak-jihaty-v-medzhybizh/,2026-10-02 06:21:34,0,404,
https://mezinpark.com.ua/,2026-10-02 06:21:34,1,200,
https://mfkti.mk.ua/,2026-10-02 06:21:34,1,200,
https://mfkuk.mk.ua/,2026-10-02 06:21:34,0,,ConnectionError
https://mfs.digital/,2026-10-02 06:21:34,0,,ConnectionError
https://mfs.digital/image/reel.mp4,2026-10-02 06:21:34,0,,ConnectionError
https://mgallery.kharkov.ua/en/,2026-10-02 06:21:34,1,200,
https://mgarsky-mon.church.ua/,2026-10-02 06:21:34,1,403,
https://mgce.uz.ua/,2026-10-02 06:21:34,1,200,
https://midnipro.museum/,2026-10-02 06:21:34,1,200,
https://mihailovsckij.church.ua/,2026-10-02 06:21:34,1,403,
https://mim.kiev.ua/en,2026-10-02 06:21:34,1,200,
https://mirne.church.ua/,2026-10-02 06:21:34,1,403,
https://mission-children.church.ua/,2026-10-02 06:21:34,1,403,
https://mistomariupol.com.ua/,2026-10-02 06:21:34,1,200,
https://mistomariupol.com.ua/uk/muzej-narodnogo-pobutu/,2026-10-02 06:21:34,1,200,
https://mitec.ua/pro-proekt/ ,2026-10-02 06:21:34,1,200,
https://mitrofan.church.ua/,2026-10-02 06:21:34,1,403,
https://mizoch.church.ua/,2026-10-02 06:21:34,1,403,
https://mkdu-com-ua,2026-10-02 06:21:34,0,,ConnectionError
https://mkip.gov.ua/,2026-10-02 06:21:34,1,200,
https://mkrada.gov.ua/content/kulturni-zakladi.html,2026-10-02 06:21:34,1,200,
https://mliniv.church.ua/,2026-10-02 06:21:34,1,403,
https://mm.terebovlia.info/,2026-10-02 06:21:34,1,403,
https://moba.net.ua/,2026-10-02 06:21:34,1,200,
https://mogilivpodilskiy-sob.church.ua/,2026-10-02 06:21:34,1,403,
https://mokrets.church.ua/,2026-10-02 06:21:34,1,403,
https://moksop.org/en/,2026-10-02 06:21:34,1,429,
https://molchensky-mon.church.ua/,2026-10-02 06:21:34,1,403,
https://molitva-grushevo.church.ua/kontakty/,2026-10-02 06:21:34,1,403,
https://molnytsia-mon.church.ua/,2026-10-02 06:21:34,1,403,
https://molochka.church.ua/,2026-10-02 06:21:34,1,403,
https://molodyytheatre.com/,2026-10-02 06:21:34,1,200,
https://mon-paisiy.ru/,2026-10-02 06:21:34,0,,ConnectionError
https://monasteries.org.ua/,2026-10-02 06:21:34,1,403,
https://monasteries.org.ua/objects/map/?lang=uk,2026-10-02 06:21:34,1,403,
https://monastery.church.ua/,2026-10-02 06:21:34,1,403,
https://moodle.znu.edu.ua/,2026-10-02 06:21:34,1,200,
https://moonshu1970.wixsite.com/nikart,2026-10-02 06:21:34,1,200,
https://morozivka.church.ua/,2026-10-02 06:21:34,1,403,
https://morsobor.church.ua/,2026-10-02 06:21:34,1,403,
https://mostyshche-church.org/,2026-10-02 06:21:34,1,200,
https://motovilovka-prav.church.ua/,2026-10-02 06:21:34,1,403,
https://mpk-chayka.org.ua/,2026-10-02 06:21:34,0,,ConnectionError
https://mrpl.city/blogs/dk-molodezhnyj,2026-10-02 06:21:34,1,200,
https://mrplmusicschool1.wixsite.com/musicschool1/novini-1,2026-10-02 06:21:34,1,200,
https://ms40.church.ua/,2026-10-02 06:21:34,1,403,
https://msu.edu.ua/,2026-10-02 06:21:34,1,200,
https://msu.edu.ua/library/,2026-10-02 06:21:34,1,200,
https://mukacheve-sob.church.ua/,2026-10-02 06:21:34,1,403,
https://mukachevoteatre.wordpress.com/,2026-10-02 06:21:34,1,200,
https://muklib.blogspot.com/,2026-10-02 06:21:34,1,429,
https://multiplex.ua/,2026-10-02 06:21:34,1,200,
https://museum-gallery.org/,2026-10-02 06:21:34,1,200,
https://museum-jz.business.site/,2026-10-02 06:21:34,0,404,
https://museum-literature.odessa.ua/,2026-10-02 06:21:34,1,200,
https://museum-painting.dp.ua/,2026-10-02 06:21:34,1,200,
https://museum-pokrov.webnode.com.ua/,2026-10-02 06:21:34,1,200,
https://museum-portal.com/,2026-10-02 06:21:34,1,200,
https://museum-portal.com/ua/museum/memorial-museum-manor-of-kateryna-bilokur,2026-10-02 06:21:34,0,404,
https://museum-portal.com/ua/museum/naukma---museum/,2026-10-02 06:21:34,0,404,
https://museum-truskavets.in.ua/,2026-10-02 06:21:34,1,200,
https://museum.bank.gov.ua,2026-10-02 06:21:34,1,200,
https://museum.kname.edu.ua/,2026-10-02 06:21:34,1,200,
https://museum.mandarinclubhouse.com.ua/,2026-10-02 06:21:34,0,,ConnectionError
https://museum.org.ua,2026-10-02 06:21:34,1,403,
https://museum.zp.ua/,2026-10-02 06:21:34,1,200,
https://museumkamyanske.com.ua/,2026-10-02 06:21:34,1,200,
https://museums.kh.ua,2026-10-02 06:21:34,0,521,
https://museumstone.com.ua/,2026-10-02 06:21:34,1,200,
https://mussadnd.wordpress.com/,2026-10-02 06:21:34,1,200,
https://muzejbilasa.com.ua/,2026-10-02 06:21:34,1,200,
https://muzey-brodskogo.azow.org/,2026-10-02 06:21:34,0,,ConnectionError
https://muzey-dokm.pp.ua/,2026-10-02 06:21:34,1,200,
https://muzey.ck.ua/,2026-10-02 06:21:34,1,200,
https://muzeynauki.net/,2026-10-02 06:21:34,1,200,
https://muzeyshulzenko.jimdo.com/,2026-10-02 06:21:34,0,,"SSLError: HTTPSConnectionPool(host='muzeyshulzenko.jimdo.com', port=443): Max retries exceeded with url: / (Caused by SSLError(SSLError(1, '[SSL: SSLV3_ALERT_HANDSHAKE_FAILURE] sslv3 alert handshake f"
https://muzuniversum.com/index.php/journal,2026-10-02 06:21:34,0,,ConnectionError
https://mvm.lv/ru/museum-collections,2026-10-02 06:21:34,1,200,
https://my.matterport.com/show/?m=XxDnKGZfXJG,2026-10-02 06:21:34,0,410,
https://my.matterport.com/show/?m=Y6RqAyrTyQ1,2026-10-02 06:21:34,0,404,
https://my.matterport.com/show/?m=ekRQmewCeg4,2026-10-02 06:21:34,0,410,
https://mydim.ua/,2026-10-02 06:21:34,1,200,
https://mydim.ua/companies/museum/museum-of-fire-case/,2026-10-02 06:21:34,1,200,
https://myizyum.in.ua/2015/06/05/%d0%ba%d0%b0%d0%bc%d0%b5%d0%bd%d0%bd%d1%8b%d0%b5-%d0%b1%d0%b0%d0%b1%d1%8b-%d0%b2-%d0%b8%d0%b7%d1%8e%d0%bc%d0%b5/,2026-10-02 06:21:34,0,,ConnectionError
https://myizyum.in.ua/2015/06/19/%D0%BC%D1%83%D0%B7%D0%B5%D0%B9-%D0%BF%D0%BE%D0%B4-%D0%BE%D1%82%D0%BA%D1%80%D1%8B%D1%82%D1%8B%D0%BC-%D0%BD%D0%B5%D0%B1%D0%BE%D0%BC-%D0%B2-%D0%B8%D0%B7%D1%8E%D0%BC%D0%B5/,2026-10-02 06:21:34,0,,ConnectionError
https://myk-mon.church.ua/,2026-10-02 06:21:34,1,403,
https://mykolaiv-sob.church.ua/,2026-10-02 06:21:34,1,403,
https://myzykivka.church.ua/,2026-10-02 06:21:34,1,403,
https://n-oleksandrivka.church.ua/,2026-10-02 06:21:34,1,403,
https://nachasi.com/creative/2017/05/16/stanytsya-luganska/,2026-10-02 06:21:34,1,200,
https://nako.org.ua,2026-10-02 06:21:34,1,403,
https://namumuseum.business.site,2026-10-02 06:21:34,0,404,
https://naoma.edu.ua/,2026-10-02 06:21:34,1,200,
https://nashe.com.ua/,2026-10-02 06:21:34,1,200,
https://natc.org.ua/,2026-10-02 06:21:34,1,200,
https://natekolog1955.wixsite.com/website,2026-10-02 06:21:34,1,200,
https://nature.land.kiev.ua/,2026-10-02 06:21:34,1,200,
https://nauka1941-1945.ru/,2026-10-02 06:21:34,1,403,
https://naukovizbirkylnma.wordpress.com/,2026-10-02 06:21:34,1,200,
https://nazk.gov.ua/en,2026-10-02 06:21:34,1,200,
https://nddt97.wixsite.com/mysite/,2026-10-02 06:21:34,1,200,
https://nedra.church.ua/,2026-10-02 06:21:34,1,403,
https://nenc.gov.ua/?page_id=180,2026-10-02 06:21:34,1,200,
https://neshcherov-mon.church.ua/,2026-10-02 06:21:34,1,403,
https://nesterivka.church.ua/,2026-10-02 06:21:34,1,403,
https://netishyn-cerkov.church.ua/,2026-10-02 06:21:34,1,403,
https://neuvyadaemytsvet.church.ua/,2026-10-02 06:21:34,1,403,
https://nevskiy-sev.church.ua/,2026-10-02 06:21:34,1,403,
https://nevskogo.church.ua/,2026-10-02 06:21:34,1,403,
https://nevsky.church.ua/,2026-10-02 06:21:34,1,403,
https://new.meduniv.lviv.ua/pidrozdily/muzei/,2026-10-02 06:21:34,0,404,
https://new.pinchukartcentre.org/en,2026-10-02 06:21:34,1,403,
https://newacropolis.org.ua/,2026-10-02 06:21:34,0,522,
https://news.church.ua/,2026-10-02 06:21:34,1,403,
https://nikolaigabelko.church.ua/,2026-10-02 06:21:34,1,403,
https://nikolay.church.ua/,2026-10-02 06:21:34,1,403,
https://nikolhram.church.ua/,2026-10-02 06:21:34,1,403,
https://nikolo-artemij.church.ua/,2026-10-02 06:21:34,1,403,
https://nikolo-vladimir.church.ua/,2026-10-02 06:21:34,1,403,
https://nikolskoe-mon.church.ua/,2026-10-02 06:21:34,1,403,
https://nikolskoe.church.ua/,2026-10-02 06:21:34,1,403,
https://nikopolmuseum-1919.jimdofree.com/,2026-10-02 06:21:34,1,200,
https://nina.church.ua/bibliya/,2026-10-02 06:21:34,1,403,
https://nizh-blag.church.ua/,2026-10-02 06:21:34,1,403,
https://nizhin-sob.church.ua/,2026-10-02 06:21:34,1,403,
https://nlu.org.ua/,2026-10-02 06:21:34,1,200,
https://nmiu.org/,2026-10-02 06:21:34,1,200,
https://nml.com.ua/en/,2026-10-02 06:21:34,1,200,
https://nni-fpo.tdmu.edu.ua/,2026-10-02 06:21:34,1,200,SSLError (responded without certificate verification)
https://nni2.naiau.kiev.ua/,2026-10-02 06:21:34,0,522,
https://nnph.if.ua/,2026-10-02 06:21:34,0,,ConnectionError
https://novblag.church.ua/,2026-10-02 06:21:34,1,403,
https://novgorod-sev-mon.church.ua/,2026-10-02 06:21:34,1,403,
https://novohrad-mon.church.ua/,2026-10-02 06:21:34,1,403,
https://novomoskovsk-sob.church.ua/files/2014/08/%D0%9D%D0%BE%D0%B2%D0%BE%D0%BC%D0%BE%D1%81%D0%BA%D0%BE%D0%B2%D1%81%D0%BA-%D1%81%D0%BE%D0%B1%D0%BE%D1%80-2.jpg,2026-10-02 06:21:34,1,403,
https://novosilky-mikol.church.ua/,2026-10-02 06:21:34,1,403,
https://novosilky-rozdva.church.ua/,2026-10-02 06:21:34,1,403,
https://nowowaskultura.blogspot.com/,2026-10-02 06:21:34,1,429,
https://nppg.gov.ua/,2026-10-02 06:21:34,1,200,
https://nppop.gov.ua/,2026-10-02 06:21:34,0,,ConnectionError
https://npu.edu.ua,2026-10-02 06:21:34,0,,ConnectTimeout
https://nsagr.org/,2026-10-02 06:21:34,1,200,
https://nuart.com.ua/,2026-10-02 06:21:34,1,200,
https://nuau1938.wixsite.com/nuau/home,2026-10-02 06:21:34,0,404,
https://nuernbergerhaus.kharkov.ua/,2026-10-02 06:21:34,1,403,
https://nuft.edu.ua/,2026-10-02 06:21:34,1,200,
https://num.kharkiv.ua/,2026-10-02 06:21:34,1,200,
https://numismatic-journal.com,2026-10-02 06:21:34,1,403,
https://nupp.edu.ua/,2026-10-02 06:21:34,1,200,
https://nursing.tdmu.edu.ua/,2026-10-02 06:21:34,1,200,SSLError (responded without certificate verification)
https://nut.kiev.ua/,2026-10-02 06:21:34,0,,ConnectionError
https://nv.nltu.edu.ua,2026-10-02 06:21:34,1,200,
https://nv.pdpu.edu.ua,2026-10-02 06:21:34,1,200,
https://nvlvet.com.ua/index.php/agriculture/index,2026-10-02 06:21:34,1,403,
https://oblpalac.ks.gov.ua/,2026-10-02 06:21:34,1,200,SSLError (responded without certificate verification)
https://obolon-blago.church.ua/,2026-10-02 06:21:34,1,403,
https://obuvin.vn.ua/,2026-10-02 06:21:34,0,,ConnectionError
https://ocnt.com.ua/,2026-10-02 06:21:34,1,200,
https://ocnttum.if.ua/,2026-10-02 06:21:34,1,200,
https://octk.com.ua/,2026-10-02 06:21:34,1,200,
https://od.kubg.edu.ua/index.php/journal,2026-10-02 06:21:34,1,200,
https://odb.te.ua/,2026-10-02 06:21:34,0,,ConnectTimeout
https://odcc.com.ua/,2026-10-02 06:21:34,0,,"SSLError: HTTPSConnectionPool(host='odcc.com.ua', port=443): Max retries exceeded with url: / (Caused by SSLError(SSLError(1, '[SSL: SSLV3_ALERT_HANDSHAKE_FAILURE] sslv3 alert handshake failure (_ssl."
https://odesa-sob.church.ua/,2026-10-02 06:21:34,1,403,
https://odessacmbsbaby.blogspot.com/,2026-10-02 06:21:34,1,429,
https://odessaphil.org/,2026-10-02 06:21:34,1,200,
https://odgymanosvitu.odessaedu.net/,2026-10-02 06:21:34,1,403,
https://odma.edu.ua/,2026-10-02 06:21:34,1,403,
https://odma.edu.ua/biblioteka/elektronni-resursy/,2026-10-02 06:21:34,1,403,
https://odma.edu.ua/biblioteka/vystavky/vystavky-vyznachnyh-muzychnyh-dat-i-podij/,2026-10-02 06:21:34,1,403,
https://odma.edu.ua/biblioteka/zagalna-informacziya/biblioteka-v-czyfrah/,2026-10-02 06:21:34,1,403,
https://odma.edu.ua/biblioteka/zagalna-informacziya/spivpraczya-z-vydavnycztvamy/,2026-10-02 06:21:34,1,403,
https://oemo.org/,2026-10-02 06:21:34,1,200,
https://ofam.3dprostir.com/,2026-10-02 06:21:34,0,,ConnectionError
https://ohtyrka-sob.church.ua/,2026-10-02 06:21:34,1,403,
https://okhtyrkamr.gov.ua/міська-рада/заклади-культури/кз-охтирський-міський-краєзнавчий-му/,2026-10-02 06:21:34,1,200,
https://okoteatr.lviv.ua/,2026-10-02 06:21:34,1,200,
https://okrain.net.ua/,2026-10-02 06:21:34,1,403,
https://okrain.net.ua/en/article/read/kremenchugskij-istoriko-kraevedcheskij-muzej.html,2026-10-02 06:21:34,1,403,
https://old.archives.gov.ua/Eng/Archives/ra02.php,2026-10-02 06:21:34,1,403,
https://old.archives.gov.ua/Eng/Archives/ra06.php,2026-10-02 06:21:34,1,403,
https://old.archives.gov.ua/Eng/Archives/ra19.php#Hystory,2026-10-02 06:21:34,1,403,
https://old.honchar.org.ua/,2026-10-02 06:21:34,1,200,
https://old.library.kr.ua/,2026-10-02 06:21:34,1,200,
https://oldchernihiv.com,2026-10-02 06:21:34,1,200,
https://oldgallery.zabor.zp.ua/,2026-10-02 06:21:34,1,200,
https://oldnecropolis.wordpress.com/,2026-10-02 06:21:34,1,200,
https://oleksandrivka.church.ua/,2026-10-02 06:21:34,1,403,
https://oleksandriya-libr.rv.ua/,2026-10-02 06:21:34,1,200,
https://oleshnik.blogspot.com/,2026-10-02 06:21:34,1,429,
https://olexatest.wixsite.com/oval/blog,2026-10-02 06:21:34,1,200,
https://olhovtsy-mon.church.ua/,2026-10-02 06:21:34,1,403,
https://oloshynivka.church.ua/,2026-10-02 06:21:34,1,403,
https://onmckim.com.ua/,2026-10-02 06:21:34,1,403,
https://openkurbas.org,2026-10-02 06:21:34,1,200,
https://opera-theatre-lviv.virtual.ua/ua/3d-tour/,2026-10-02 06:21:34,1,200,
https://opera.com.ua/,2026-10-02 06:21:34,1,200,
https://opera.odessa.ua/,2026-10-02 06:21:34,1,403,
https://operahouse.od.ua/en/,2026-10-02 06:21:34,1,200,
https://opishne-museum.gov.ua/category/3d-skulptury/,2026-10-02 06:21:34,1,200,
https://oralhistory.com.ua/,2026-10-02 06:21:34,1,200,
https://orchestra.com.ua/,2026-10-02 06:21:34,1,200,
https://organ.rv.ua/,2026-10-02 06:21:34,1,200,
https://oriental-world.org.ua/,2026-10-02 06:21:34,1,200,
https://oriyana.org.ua,2026-10-02 06:21:34,1,200,
https://orthodox-world.org/en/i/17575/Ukraine/Kharkivs'ka-Oblast'/Izium/Church/Holy-Cross-Orthodox-Church,2026-10-02 06:21:34,1,200,
https://ortodox-school.church.ua/,2026-10-02 06:21:34,1,403,
https://ostriv.org/,2026-10-02 06:21:34,1,200,
https://ostrohcastle.com.ua/3Ddonjon/index.html,2026-10-02 06:21:34,0,404,
https://ostrohcastle.com.ua/output/LutskPanoTour.html,2026-10-02 06:21:34,1,200,
https://ostropil.church.ua/,2026-10-02 06:21:34,1,403,
https://ostrovprihod.church.ua/,2026-10-02 06:21:34,1,403,
https://osvitamrpl.wixsite.com/school9,2026-10-02 06:21:34,1,200,
https://oumk.od.ua/,2026-10-02 06:21:34,1,200,
https://ounuis.info,2026-10-02 06:21:34,1,200,
https://ovruch-mon.church.ua/,2026-10-02 06:21:34,1,403,
https://ovruch-sob.church.ua/,2026-10-02 06:21:34,1,403,
https://ovruch.church.ua/,2026-10-02 06:21:34,1,403,
https://palomnik-kh.church.ua/,2026-10-02 06:21:34,1,403,
https://panfily.church.ua/,2026-10-02 06:21:34,1,403,
https://panteleimon-dol.church.ua/,2026-10-02 06:21:34,1,403,
https://panteleimon-mal.church.ua/,2026-10-02 06:21:34,1,403,
https://panteleimon-od.church.ua/,2026-10-02 06:21:34,1,403,
https://parafia.org.ua/,2026-10-02 06:21:34,1,200,
https://parohiaromana.church.ua/main-page/,2026-10-02 06:21:34,1,403,
https://paryshkiv.church.ua/,2026-10-02 06:21:34,1,403,
https://pasichna.church.ua/main-page/,2026-10-02 06:21:34,1,403,
https://paskivshchyna.church.ua/,2026-10-02 06:21:34,1,403,
https://pavlogradmrada.dp.gov.ua/news/pavlogradskijj-istoriko-kraevedcheskijj-muzejj.html,2026-10-02 06:21:34,0,404,
https://pavlomuravskyi.com/,2026-10-02 06:21:34,1,200,
https://pdutgornyak.donetskedu.com/,2026-10-02 06:21:34,1,403,
https://pearls20081.wixsite.com/ctduselidovo,2026-10-02 06:21:34,1,200,
https://pektoral.com.ua/,2026-10-02 06:21:34,1,200,
https://perechinbook.blogspot.com/,2026-10-02 06:21:34,1,429,
https://pereiaslav-rizdv.church.ua/,2026-10-02 06:21:34,1,403,
https://perekop-blag.church.ua/,2026-10-02 06:21:34,1,403,
https://peremoga.church.ua/,2026-10-02 06:21:34,1,403,
https://pereyaslav-boris.church.ua/,2026-10-02 06:21:34,1,403,
https://pereyaslav-georg.church.ua/,2026-10-02 06:21:34,1,403,
https://pereyaslav-tr.church.ua/,2026-10-02 06:21:34,1,403,
https://pereyaslav-usp.church.ua/,2026-10-02 06:21:34,1,403,
https://periodicals.karazin.ua/,2026-10-02 06:21:34,1,200,
"https://periodicals.karazin.ua/biophysvisnyk/index, http://www-biomedphys.univer.kharkov.ua/JOURNAL/index.html",2026-10-02 06:21:34,0,404,
https://periodicals.karazin.ua/irtb/index,2026-10-02 06:21:34,1,200,
"https://periodicals.karazin.ua/medicine, http://yadoc.ru/",2026-10-02 06:21:34,0,404,
https://periodicals.karazin.ua/philosophy/index,2026-10-02 06:21:34,1,200,
https://periodicals.karazin.ua/politology/index,2026-10-02 06:21:34,1,200,
https://periscope.com.ua/vdohnovenie/memorialnyy-muzey-im-op-dovzhenko,2026-10-02 06:21:34,1,429,SSLError (responded without certificate verification)
https://pervom-blag.church.ua/,2026-10-02 06:21:34,1,403,
https://peskovka-mon.church.ua/,2026-10-02 06:21:34,1,403,
https://peter-kalnysh.church.ua/,2026-10-02 06:21:34,1,403,
https://petra-pavla.church.ua/,2026-10-02 06:21:34,1,403,
https://petraipavlayas.church.ua/,2026-10-02 06:21:34,1,403,
https://petrapavla-hram.church.ua/,2026-10-02 06:21:34,1,403,
https://petrivci-georg.church.ua/,2026-10-02 06:21:34,1,403,
https://petrivci-pokrov.church.ua/,2026-10-02 06:21:34,1,403,
https://petrivske.church.ua/,2026-10-02 06:21:34,1,403,
https://petrpavl-shostka.church.ua/,2026-10-02 06:21:34,1,403,
https://petrykivka.dp.ua/c/muzeyi/,2026-10-02 06:21:34,1,200,
https://pharmj.org.ua,2026-10-02 06:21:34,1,403,
https://philharmonic-lviv.virtual.ua/ua/3d-tour/,2026-10-02 06:21:34,1,200,
https://philharmonic.com.ua/,2026-10-02 06:21:34,1,200,
https://philology.knu.ua/,2026-10-02 06:21:34,1,200,
https://phm.cuspu.edu.ua/ojs/,2026-10-02 06:21:34,1,403,
https://photo-lviv.in.ua/,2026-10-02 06:21:34,1,403,
https://picryl.com/search?q=ukrainian%20museums&gclid=CjwKCAiAsYyRBhACEiwAkJFKohQMClzrXpfXlQY1dy3CTYCduwH0NE1NcmHKiCH8wRxkCymCD6blJBoCOP4QAvD_BwE,2026-10-02 06:21:34,1,403,
https://pidgorodne.church.ua/main-page/,2026-10-02 06:21:34,1,403,
https://pirnove.church.ua/,2026-10-02 06:21:34,1,403,
https://piryatin-museum.at.ua/,2026-10-02 06:21:34,1,200,
https://pisky-mon.church.ua/,2026-10-02 06:21:34,1,403,
https://pk.khnnra.edu.ua/,2026-10-02 06:21:34,1,200,
https://pk.znu.edu.ua/,2026-10-02 06:21:34,1,200,
https://pkf.donbass.name/,2026-10-02 06:21:34,1,200,
https://pl-puppet.com.ua/,2026-10-02 06:21:34,1,200,
https://planet.org.ua/,2026-10-02 06:21:34,1,200,
https://planeta.ks.ua/,2026-10-02 06:21:34,0,,ConnectionError
https://planetarium.com.ua/uk/,2026-10-02 06:21:34,1,403,
https://plast.org/arhiv-plastovyh-chasopysiv/,2026-10-02 06:21:34,1,200,
https://plishyvets-mon.church.ua/,2026-10-02 06:21:34,1,403,
https://plisnesk.com.ua,2026-10-02 06:21:34,1,200,SSLError (responded without certificate verification)
https://plomin.club/,2026-10-02 06:21:34,1,200,SSLError (responded without certificate verification)
https://ploske.church.ua/,2026-10-02 06:21:34,1,403,
https://pmis.ks.gov.ua/,2026-10-02 06:21:34,1,200,SSLError (responded without certificate verification)
https://pnzbdyut3.wixsite.com/zavodskiy,2026-10-02 06:21:34,1,200,
https://pochaev-dol.church.ua/,2026-10-02 06:21:34,1,403,
https://pochaevskaya.church.ua/,2026-10-02 06:21:34,1,403,
https://podillia.church.ua/,2026-10-02 06:21:34,1,403,
https://podol-blago.church.ua/category/news,2026-10-02 06:21:34,1,403,
https://pogreby.church.ua/,2026-10-02 06:21:34,1,403,
https://pokrov-dobro.church.ua/,2026-10-02 06:21:34,1,403,
https://pokrov-dol.church.ua/,2026-10-02 06:21:34,1,403,
https://pokrov-kievmon.church.ua/,2026-10-02 06:21:34,1,403,
https://pokrov-korsun.church.ua/,2026-10-02 06:21:34,1,403,
https://pokrov-malin.church.ua/,2026-10-02 06:21:34,1,403,
https://pokrov-obuhovich.church.ua/main-page/,2026-10-02 06:21:34,1,403,
https://pokrovaberdyansk.church.ua/,2026-10-02 06:21:34,1,403,
https://pokrovairpin.org.ua/,2026-10-02 06:21:34,1,200,
https://pokrovprbog.church.ua/,2026-10-02 06:21:34,1,403,
https://pokrovskmuseum.wordpress.com/,2026-10-02 06:21:34,1,200,
https://pokrovvest.church.ua/,2026-10-02 06:21:34,1,403,
https://polinaraiko.com/,2026-10-02 06:21:34,1,200,
https://polohy-ianenky.church.ua/,2026-10-02 06:21:34,1,403,
https://poltava.church.ua/,2026-10-02 06:21:34,1,403,
https://polyana-mon.church.ua/,2026-10-02 06:21:34,1,403,
https://ponteleimon-pl.church.ua/,2026-10-02 06:21:34,1,403,
https://popovo.church.ua/?page_id=75,2026-10-02 06:21:34,1,403,
https://porajmos.com.ua,2026-10-02 06:21:34,1,200,
https://portal.ehri-project.eu/countries/ua,2026-10-02 06:21:34,0,500,
https://portal11.com.ua/,2026-10-02 06:21:34,1,200,
https://pp-kafsob-lg.church.ua/,2026-10-02 06:21:34,1,403,
https://prav-gluhie.church.ua/,2026-10-02 06:21:34,1,403,
https://pravmolod-izyum.church.ua/,2026-10-02 06:21:34,1,403,
https://pravo.biz.ua/,2026-10-02 06:21:34,1,200,
https://predtecha-hram.church.ua/,2026-10-02 06:21:34,1,403,
https://priazdt.wixsite.com/rbdt,2026-10-02 06:21:34,1,200,
https://priborzhav-mon.church.ua/,2026-10-02 06:21:34,1,403,
https://pripyat-info.at.ua/,2026-10-02 06:21:34,1,200,
https://prisondep.church.ua/,2026-10-02 06:21:34,1,403,
https://proenglishtheatre.com/,2026-10-02 06:21:34,1,200,
https://profcom.znu.edu.ua/,2026-10-02 06:21:34,0,,ConnectionError
https://profy.nlu.org.ua/,2026-10-02 06:21:34,1,200,
https://proridne.com/,2026-10-02 06:21:34,1,200,
https://prorok-ilia.church.ua/,2026-10-02 06:21:34,1,403,
https://prostory.net.ua/ua/,2026-10-02 06:21:34,1,200,
https://prosvitcentr.church.ua/,2026-10-02 06:21:34,1,403,
https://protsiv.church.ua/,2026-10-02 06:21:34,1,403,
https://prozhito.org/,2026-10-02 06:21:34,1,200,
https://prp-serafim.church.ua/,2026-10-02 06:21:34,1,403,
https://pruxod.church.ua/,2026-10-02 06:21:34,1,403,
https://prystromy.church.ua/,2026-10-02 06:21:34,1,403,
https://ptu8.cv.ua/,2026-10-02 06:21:34,1,200,
https://publishing.socionic.info/,2026-10-02 06:21:34,1,200,
https://puhivka.church.ua/,2026-10-02 06:21:34,1,403,
https://puppet-theater.kiev.ua/,2026-10-02 06:21:34,0,,ConnectionError
https://puppet-theatre-lviv.virtual.ua/ua/3d-tour/,2026-10-02 06:21:34,1,200,
https://puppet-theatre.ru/,2026-10-02 06:21:34,1,200,
https://puppet.kharkov.ua/musej,2026-10-02 06:21:34,1,200,
https://puppet.vn.ua/,2026-10-02 06:21:34,1,200,
https://puppets.kr.ua/,2026-10-02 06:21:34,1,200,
https://pustunchik.ua/,2026-10-02 06:21:34,0,,ConnectionError
https://pylypcha.church.ua/,2026-10-02 06:21:34,1,403,
https://pyrogiv.kiev.ua/,2026-10-02 06:21:34,1,200,
https://pysanka.museum,2026-10-02 06:21:34,1,200,
https://rada.church.ua/,2026-10-02 06:21:34,1,403,
https://radiochoir.com.ua/,2026-10-02 06:21:34,1,200,
https://radistdance.com.ua/,2026-10-02 06:21:34,0,,ConnectionError
https://radomyshl.church.ua/,2026-10-02 06:21:34,1,403,
https://rajjsjun.e-schools.info/,2026-10-02 06:21:34,1,200,
https://rakivka.church.ua/,2026-10-02 06:21:34,1,403,
https://razdol-blag.church.ua/,2026-10-02 06:21:34,1,403,
https://rbdutkobeliaky.ucoz.ua/,2026-10-02 06:21:34,1,200,
https://rbk.cultura.kh.ua/,2026-10-02 06:21:34,1,403,
https://reei.indiana.edu/about/regions-of-study/ukraine.html,2026-10-02 06:21:34,1,200,
https://reftech.onaft.edu.ua/,2026-10-02 06:21:34,0,,ConnectionError
https://reherit.org.ua,2026-10-02 06:21:34,1,200,
https://religion.in.ua/,2026-10-02 06:21:34,1,200,
https://relint.vnu.edu.ua/,2026-10-02 06:21:34,1,200,
https://rep.ksma.ks.ua,2026-10-02 06:21:34,1,200,
https://repository.tdmu.edu.ua/,2026-10-02 06:21:34,1,200,
https://revne.church.ua/,2026-10-02 06:21:34,1,403,
https://ridna.ua/museums/hersonskyj-muzej-pryrody/,2026-10-02 06:21:34,1,200,
https://rilskogo.ucoz.ru/,2026-10-02 06:21:34,1,200,
https://risu.ua/,2026-10-02 06:21:34,1,200,
https://rivne-city.com/ua/tag-knyazivska-oranzhereya-na-vulici-dragomanova,2026-10-02 06:21:34,1,200,
https://rivnecbs.com.ua/,2026-10-02 06:21:34,1,200,
https://rizdvo-sob.church.ua/,2026-10-02 06:21:34,1,403,
https://rkc.in.ua/,2026-10-02 06:21:34,1,200,
https://rodakovo.church.ua/,2026-10-02 06:21:34,1,403,
https://roerich-podillya.com/,2026-10-02 06:21:34,1,200,
https://rohatynjewishheritage.org/,2026-10-02 06:21:34,1,200,
https://rohoziv.church.ua/,2026-10-02 06:21:34,1,403,
https://rokrdb.at.ua/,2026-10-02 06:21:34,1,200,
https://romny.church.ua/,2026-10-02 06:21:34,1,403,
https://rovenki-sob.church.ua/,2026-10-02 06:21:34,1,403,
https://rovenky-ep.org.ua/,2026-10-02 06:21:34,0,,ConnectTimeout
https://rovzhi.church.ua/,2026-10-02 06:21:34,1,403,
https://rozhdestvo-hram.church.ua/,2026-10-02 06:21:34,1,403,
https://rozhivka.church.ua/,2026-10-02 06:21:34,1,403,
https://rozhny.church.ua/,2026-10-02 06:21:34,1,403,
https://rozmova.wordpress.com/,2026-10-02 06:21:34,1,200,
https://roztoky-mon.church.ua/,2026-10-02 06:21:34,1,403,
https://rpb-don.church.ua/,2026-10-02 06:21:34,1,403,
https://rudnia-d.church.ua/,2026-10-02 06:21:34,1,403,
https://rudnia.church.ua/,2026-10-02 06:21:34,1,403,
https://rudnicke.church.ua/,2026-10-02 06:21:34,1,403,
https://rusaggression.gov.ua/,2026-10-02 06:21:34,1,200,
https://rusaggression.gov.ua/ua/home.html,2026-10-02 06:21:34,1,200,
https://rusaniv.church.ua/,2026-10-02 06:21:34,1,403,
https://rv.archives.gov.ua/,2026-10-02 06:21:34,1,403,
https://rybak-svnik.church.ua/,2026-10-02 06:21:34,1,403,
https://s-p-p.church.ua/,2026-10-02 06:21:34,1,403,
https://s44-mar.wixsite.com/s44-m,2026-10-02 06:21:34,1,200,
https://sad.ukr.bio/ua/articles/7513/,2026-10-02 06:21:34,1,200,
https://sadigura.org/,2026-10-02 06:21:34,1,200,
https://sadove.church.ua/,2026-10-02 06:21:34,1,403,
https://sadybapopova.org.ua/,2026-10-02 06:21:34,0,404,SSLError (responded without certificate verification)
https://saint-tatyana.church.ua/,2026-10-02 06:21:34,1,403,
https://saint-vladimir.church.ua/,2026-10-02 06:21:34,1,403,
https://saltway.in.ua/,2026-10-02 06:21:34,1,403,
https://samchikmuseum.wordpress.com/,2026-10-02 06:21:34,1,200,
https://santa-valentina.church.ua/,2026-10-02 06:21:34,1,403,
https://sarny.church.ua/,2026-10-02 06:21:34,1,403,
https://savvinsky-mon.church.ua/,2026-10-02 06:21:34,1,403,
https://school33mariupol.wixsite.com/mysite,2026-10-02 06:21:34,1,200,
https://schooll50.wixsite.com/schooll50,2026-10-02 06:21:34,1,200,
https://schors-svnikolaj.church.ua/,2026-10-02 06:21:34,1,403,
https://sci.ldubgd.edu.ua/,2026-10-02 06:21:34,1,200,
https://science.lpnu.ua/ep,2026-10-02 06:21:34,1,200,
https://scientific-rating.znu.edu.ua,2026-10-02 06:21:34,1,200,
https://scivp-journal.com.ua/index.php/journal/user/setLocale/uk_UA,2026-10-02 06:21:34,1,403,
https://sed-eparhia.com/,2026-10-02 06:21:34,0,,ConnectTimeout
https://seedsandroots.net/category/biblioteka/,2026-10-02 06:21:34,1,200,
https://selo.pl.ua/,2026-10-02 06:21:34,0,500,
https://seltso-mon.church.ua/,2026-10-02 06:21:34,1,403,
https://selychivka.church.ua/,2026-10-02 06:21:34,1,403,
https://selysche.church.ua/,2026-10-02 06:21:34,1,403,
https://semenivka.church.ua/,2026-10-02 06:21:34,1,403,
https://semipolki.church.ua/,2026-10-02 06:21:34,1,403,
https://senkivka.church.ua/,2026-10-02 06:21:34,1,403,
https://serafim2014.church.ua/,2026-10-02 06:21:34,1,403,
https://serg-radonezh.church.ua/interesnoe-video/,2026-10-02 06:21:34,1,403,
https://sergievapust-mon.church.ua/,2026-10-02 06:21:34,1,403,
https://sergiy-radonezh.church.ua/,2026-10-02 06:21:34,1,403,
https://sergiy.church.ua/,2026-10-02 06:21:34,1,403,
https://severodonetsk-sob.church.ua/,2026-10-02 06:21:34,1,403,
https://sezenkiv.church.ua/,2026-10-02 06:21:34,1,403,
https://shaj.sumdu.edu.ua/,2026-10-02 06:21:34,1,200,
https://shaj.sumdu.edu.ua/?lang=en,2026-10-02 06:21:34,1,200,
https://shargorod.church.ua/,2026-10-02 06:21:34,1,403,
https://shatsk.at.ua/,2026-10-02 06:21:34,0,,ReadTimeout
https://shep.church.ua/,2026-10-02 06:21:34,1,403,
https://shepetivka-sob.church.ua/,2026-10-02 06:21:34,1,403,
https://shevchenkove.church.ua/,2026-10-02 06:21:34,1,403,
https://shhaslive.church.ua/,2026-10-02 06:21:34,1,403,
https://shidnitca-cerkva.church.ua/,2026-10-02 06:21:34,1,403,
https://shkola.church.ua/,2026-10-02 06:21:34,1,403,
https://shmelyov.at.ua/,2026-10-02 06:21:34,0,,ReadTimeout
https://shostkamuseum.com.ua/,2026-10-02 06:21:34,1,200,
https://shtetlroutes.eu/uk/buchach-cultural-heritage-card/,2026-10-02 06:21:34,1,200,
https://shustoff.com/,2026-10-02 06:21:34,0,,ConnectTimeout
https://sichovi-kozaku.com.ua/,2026-10-02 06:21:34,1,200,
https://simeiz-pokrov.church.ua/,2026-10-02 06:21:34,1,403,
https://simferopol.church.ua/,2026-10-02 06:21:34,1,403,
https://sinod-molodost.church.ua/,2026-10-02 06:21:34,1,403,
https://sinod.church.ua/,2026-10-02 06:21:34,1,403,
https://sites.google.com/a/belovodsk.info/belovodskij-muzej/,2026-10-02 06:21:34,1,200,
https://sites.google.com/site/bibliotekakpu/,2026-10-02 06:21:34,1,200,
https://sites.google.com/site/severcentrturizma/,2026-10-02 06:21:34,1,200,
https://sites.google.com/view/babyni-yari-vinnychchyny,2026-10-02 06:21:34,1,200,
https://skadovsk.delfinarium.com.ua/,2026-10-02 06:21:34,0,404,SSLError (responded without certificate verification)
https://skadovsk3d.com/item/museum/,2026-10-02 06:21:34,0,522,
https://skateukraine.org/,2026-10-02 06:21:34,1,200,
https://skhodoznavstvo.org.ua/,2026-10-02 06:21:34,1,200,
https://skraglivka.church.ua/,2026-10-02 06:21:34,1,403,
https://slavuta-mpk.jimdofree.com/,2026-10-02 06:21:34,0,404,
https://sloboda.church.ua/,2026-10-02 06:21:34,1,403,
https://slovnyk.ua/,2026-10-02 06:21:34,1,403,
https://slovoigolos.com/,2026-10-02 06:21:34,1,200,
https://smolenskij-chram.church.ua/,2026-10-02 06:21:34,1,403,
https://sncmuseum.org/en?cama_set_language=en,2026-10-02 06:21:34,1,200,
https://sntluka.church.ua/,2026-10-02 06:21:34,1,403,
https://sobolivka-mon.church.ua/,2026-10-02 06:21:34,1,403,
https://sobor-kozelets.church.ua/,2026-10-02 06:21:34,1,403,
https://sobor.church.ua/,2026-10-02 06:21:34,1,403,
https://soborbogorodici.church.ua/,2026-10-02 06:21:34,1,403,
https://soborna.church.ua/,2026-10-02 06:21:34,1,403,
https://sodb.sumy.ua/,2026-10-02 06:21:34,1,200,
https://sofievka.org/,2026-10-02 06:21:34,1,200,
https://soloma.libraries.kiev.ua/,2026-10-02 06:21:34,1,200,
https://soloma.libraries.kiev.ua/biblioteka/biblioteka-im-f-m-dostoevskogo/,2026-10-02 06:21:34,1,200,
https://solunskogo.church.ua/,2026-10-02 06:21:34,1,403,
https://sophia.knu.ua/,2026-10-02 06:21:34,1,200,
https://sos-ukraine.org/,2026-10-02 06:21:34,1,200,
https://soshnikiv.church.ua/,2026-10-02 06:21:34,1,403,
https://sov-blag.church.ua/,2026-10-02 06:21:34,1,403,
https://sovietmosaicsinukraine.org/,2026-10-02 06:21:34,1,200,
https://spadok.org.ua/,2026-10-02 06:21:34,1,200,
https://spadok.org.ua/muzeyi/blog,2026-10-02 06:21:34,1,200,
https://spadok.org.ua/muzeyi/boryslavskyy-istoryko-krayeznavchyy-muzey,2026-10-02 06:21:34,1,200,
https://spaso-preobrazh.church.ua/,2026-10-02 06:21:34,1,403,
https://spasov-skit.church.ua/,2026-10-02 06:21:34,1,403,
https://sport.vnu.edu.ua/,2026-10-02 06:21:34,1,200,
https://sportedu.org.ua/,2026-10-02 06:21:34,1,200,
"https://sportpedagogy.org.ua/html/Pedagogy/title-PD.html, https://sportpedagogy.org.ua/html/arhive-e.html",2026-10-02 06:21:34,0,404,
https://sportpedagogy.org.ua/index.php/ppcs/oai,2026-10-02 06:21:34,1,200,
https://spyridon.church.ua/category/news/,2026-10-02 06:21:34,1,403,
https://srv.dcvisu.com,2026-10-02 06:21:34,0,,ConnectTimeout
https://sspu.edu.ua/,2026-10-02 06:21:34,1,403,
https://ssu.gov.ua/haluzevyi-derzhavnyi-arkhiv,2026-10-02 06:21:34,1,403,
https://st-alexander.livejournal.com/,2026-10-02 06:21:34,1,200,
https://st-george.church.ua/,2026-10-02 06:21:34,1,403,
https://st-georgy-sob.church.ua/,2026-10-02 06:21:34,1,403,
https://st-sophia.org.ua/,2026-10-02 06:21:34,1,403,
https://st-sophia.org.ua/uk/muzeyi/zoloti-vorota/zoloti-vorota/,2026-10-02 06:21:34,1,403,
https://st-sretenie.church.ua/,2026-10-02 06:21:34,1,403,
https://st-vaclav.church.ua/,2026-10-02 06:21:34,1,403,
https://st-vladimir.church.ua/,2026-10-02 06:21:34,1,403,
https://st-xenia.church.ua/,2026-10-02 06:21:34,1,403,
https://st.kharkov.ua/,2026-10-02 06:21:34,1,200,
https://stahanov.church.ua/,2026-10-02 06:21:34,1,403,
https://standreydn.church.ua/,2026-10-02 06:21:34,1,403,
https://stanislavchik.church.ua/,2026-10-02 06:21:34,1,403,
https://stara-orzhytsia.church.ua/,2026-10-02 06:21:34,1,403,
https://starbib.wordpress.com/,2026-10-02 06:21:34,1,200,
https://stavropigiainua.org,2026-10-02 06:21:34,1,200,
https://stetsenko.museum/,2026-10-02 06:21:34,0,,ConnectionError
https://stgavriil.church.ua/,2026-10-02 06:21:34,1,403,
https://stilian-dol.church.ua/,2026-10-02 06:21:34,1,403,
https://stolyarsky.od.ua/,2026-10-02 06:21:34,1,200,
https://stovpjagi.church.ua/,2026-10-02 06:21:34,1,403,
https://str-pryluky-mon.church.ua/,2026-10-02 06:21:34,1,403,
https://straholesye.church.ua/,2026-10-02 06:21:34,1,403,
"https://strana.today, https://strana.news",2026-10-02 06:21:34,0,,InvalidURL
https://strokova.church.ua/,2026-10-02 06:21:34,1,403,
https://sud.church.ua/,2026-10-02 06:21:34,1,403,
https://sudak-museum.com/,2026-10-02 06:21:34,1,403,
https://sudak-museum.ru/ru/muzej-dacha-funka.html,2026-10-02 06:21:34,0,404,
https://suem.edu.ua/nauka/naukova-biblioteka-0,2026-10-02 06:21:34,1,200,
https://sukhiy-mon.church.ua/,2026-10-02 06:21:34,1,403,
https://sukholuchchia.church.ua/,2026-10-02 06:21:34,1,403,
https://sulymivka-sret.church.ua/,2026-10-02 06:21:34,1,403,
https://sulymivka.church.ua/,2026-10-02 06:21:34,1,403,
https://sumy-tyuz.org/,2026-10-02 06:21:34,1,200,
https://sunic.com.ua/museums/137; http://www.pushkinmuseum.ru/?q=com-push-mus/literaturno-memorialnyy-muzey-pushkina-filial-odesskogo-literaturnogo-muzeya,2026-10-02 06:21:34,0,,ConnectionError
https://suspilne.radio/,2026-10-02 06:21:34,1,200,
https://sutbibl.wordpress.com/,2026-10-02 06:21:34,1,200,
https://sv-george.church.ua/,2026-10-02 06:21:34,1,403,
https://sv-kazanska.church.ua/,2026-10-02 06:21:34,1,403,
https://sv-mih-hram.church.ua/,2026-10-02 06:21:34,1,403,
https://sv-nikola.church.ua/,2026-10-02 06:21:34,1,403,
https://sv-pokrova.church.ua/,2026-10-02 06:21:34,1,403,
https://svalyava-mon.church.ua/,2026-10-02 06:21:34,1,403,
https://svduh.church.ua/,2026-10-02 06:21:34,1,403,
https://svetoch.church.ua/,2026-10-02 06:21:34,1,403,
https://sviato-georges.church.ua/,2026-10-02 06:21:34,1,403,
https://svit-nvk.wixsite.com/svitylnia,2026-10-02 06:21:34,1,200,
https://svitylnia.church.ua/,2026-10-02 06:21:34,1,403,
https://svlavra.church.ua/,2026-10-02 06:21:34,1,403,
https://svmikh.church.ua/,2026-10-02 06:21:34,1,403,
https://svnikolaevskij.church.ua/,2026-10-02 06:21:34,1,403,
https://svpanteleimon.church.ua/,2026-10-02 06:21:34,1,403,
https://svsobor.church.ua/,2026-10-02 06:21:34,1,403,
https://svt-magdalina.church.ua/,2026-10-02 06:21:34,1,403,
https://svt-nikolai.church.ua/,2026-10-02 06:21:34,1,403,
https://svtatiana.church.ua/,2026-10-02 06:21:34,1,403,
https://svumik.sumy.ua,2026-10-02 06:21:34,1,200,
https://svyat-makar.church.ua/,2026-10-02 06:21:34,1,403,
https://svyatlavra.church.ua/,2026-10-02 06:21:34,1,403,
https://syg.ma/,2026-10-02 06:21:34,1,200,
https://symoniv.at.ua/,2026-10-02 06:21:34,0,,ReadTimeout
https://synevyr-park.in.ua/,2026-10-02 06:21:34,1,200,
https://syniak.church.ua/,2026-10-02 06:21:34,1,403,
https://sytbelitskoe2015.wixsite.com/syt2015/,2026-10-02 06:21:34,1,200,
https://syut-druzhkivka.at.ua/,2026-10-02 06:21:34,1,200,
https://tamara.church.ua/,2026-10-02 06:21:34,1,403,
https://taras-shevchenko.storinka.org,2026-10-02 06:21:34,0,,ConnectTimeout
https://tarasivka.church.ua/,2026-10-02 06:21:34,1,403,
https://te.20minut.ua/Vystavky/u-ternopoli--mandrivna-fotovistavka-proektu-music-life-10640856.html,2026-10-02 06:21:34,1,200,
https://teatr-dndz.com/,2026-10-02 06:21:34,1,200,
https://teatr-gogolya.pl.ua/,2026-10-02 06:21:34,1,200,
https://teatr-koryfeiv.com.ua/,2026-10-02 06:21:34,1,200,
https://teatr-kotelok.at.ua,2026-10-02 06:21:34,1,200,
https://teatr-lyalyok.zp.ua/,2026-10-02 06:21:34,1,200,
https://teatr.dp.ua/,2026-10-02 06:21:34,0,,ConnectionError
https://teatr.vn.ua,2026-10-02 06:21:34,1,200,
https://teatrkhat.kiev.ua/,2026-10-02 06:21:34,1,200,
https://teatrkukolzt.com/,2026-10-02 06:21:34,0,,ConnectionError
https://teatrkykol.1c-umi.ru/,2026-10-02 06:21:34,1,200,
https://teatrlalek.carrd.co/,2026-10-02 06:21:34,1,200,
https://teatrmolodi.com/,2026-10-02 06:21:34,1,200,
https://teatrpushkina.com/,2026-10-02 06:21:34,1,200,
https://tel0800502686.church.ua/,2026-10-02 06:21:34,1,403,
https://teleteatr.com.ua/,2026-10-02 06:21:34,0,,ConnectionError
https://terebotg.in.ua/gostyu/,2026-10-02 06:21:34,0,,ConnectionError
https://ternopil-sob.church.ua/,2026-10-02 06:21:34,1,403,
https://ternopil.church.ua/,2026-10-02 06:21:34,1,403,
https://ternovo-mon.church.ua/,2026-10-02 06:21:34,1,403,
https://tetyanivka-mon.church.ua/,2026-10-02 06:21:34,1,403,
https://thailia.wixsite.com/marschool54,2026-10-02 06:21:34,1,200,
https://theater.kyiv.ua/,2026-10-02 06:21:34,1,200,
https://theaterluspekaev.com/,2026-10-02 06:21:34,1,200,
https://theatre-ester.org.ua/,2026-10-02 06:21:34,0,,ConnectionError
https://theatre-shevchenko.ck.ua/,2026-10-02 06:21:34,1,200,
https://theatre-shevchenko.com.ua/,2026-10-02 06:21:34,1,200,
https://theatre.love/,2026-10-02 06:21:34,0,522,
https://ti-ukraine.org,2026-10-02 06:21:34,1,403,
https://tihvinsky-mon.church.ua/,2026-10-02 06:21:34,1,403,
https://tishyv-mon.church.ua/,2026-10-02 06:21:34,1,403,
https://title-book.church.ua/,2026-10-02 06:21:34,1,200,
https://tivrovpravoslav.church.ua/,2026-10-02 06:21:34,1,403,
https://tkc.kh.ua/,2026-10-02 06:21:34,1,200,
https://tkuma.dp.ua/en/,2026-10-02 06:21:34,1,200,
https://tnpu.edu.ua/,2026-10-02 06:21:34,1,200,
https://tnpu.edu.ua/vyhovna%20robota/muzey.php,2026-10-02 06:21:34,1,200,
https://tokmak-mon.church.ua/,2026-10-02 06:21:34,1,403,
https://tolokun.church.ua/,2026-10-02 06:21:34,1,403,
https://topaly-hram.church.ua/,2026-10-02 06:21:34,1,403,
https://toplovsky-mon.church.ua/,2026-10-02 06:21:34,1,403,
https://toreckcdut.wixsite.com/toreckcdut/,2026-10-02 06:21:34,1,200,
https://torirem.ru/,2026-10-02 06:21:34,1,200,
https://travel.trostyanets.com/,2026-10-02 06:21:34,1,200,
https://trebuhiv.church.ua/,2026-10-02 06:21:34,1,403,
https://trehanastasiy.church.ua/,2026-10-02 06:21:34,1,403,
https://trinity.church.ua/,2026-10-02 06:21:34,1,403,
https://trisv.church.ua/,2026-10-02 06:21:34,1,403,
https://trisvyat-dp.church.ua/2018/04/24/nedelya-3-ya-po-pasxe-svv-zhen-mironosic-pravoslavnyj-zhenskij-den-3/,2026-10-02 06:21:34,1,403,
https://troitskiy.church.ua/main-page/,2026-10-02 06:21:34,1,403,
https://tsdavo.gov.ua/,2026-10-02 06:21:34,1,200,
https://tsdavo.gov.ua/ukrayinska-revolyutsiya-arhivni-hroniky-2/,2026-10-02 06:21:34,1,200,
https://tsdazu.archives.gov.ua/,2026-10-02 06:21:34,0,,ConnectionError
https://tsdial.archives.gov.ua/,2026-10-02 06:21:34,1,403,
https://tsdkffa.archives.gov.ua/,2026-10-02 06:21:34,0,,ConnectionError
https://tsybli-pokrov.church.ua/,2026-10-02 06:21:34,1,403,
https://tsybli.church.ua/,2026-10-02 06:21:34,1,403,
https://tulchin-sob.church.ua/,2026-10-02 06:21:34,1,403,
https://tulchin.church.ua/,2026-10-02 06:21:34,1,403,
https://tuz.od.ua,2026-10-02 06:21:34,1,200,
https://tvorchosti.irpinosvita.gov.ua/,2026-10-02 06:21:34,1,200,
https://tvppt.btsau.edu.ua/en,2026-10-02 06:21:34,1,200,
https://tyachivbiblioteka.blogspot.com/,2026-10-02 06:21:34,1,429,
https://ua.igotoworld.com/en/poi_object/75378_pamyatnik-voinam-afgancam-energodar.htm,2026-10-02 06:21:34,1,200,
https://ua.igotoworld.com/ua/poi_object/1904_muzey-volnyansk.htm,2026-10-02 06:21:34,1,200,
https://ua.vlasenko.net/,2026-10-02 06:21:34,1,200,
https://uacrisis.org/en/,2026-10-02 06:21:34,1,403,
https://uaculture.org/,2026-10-02 06:21:34,1,200,
https://uagreeks.com/newspaper,2026-10-02 06:21:34,0,404,
https://uamoderna.com,2026-10-02 06:21:34,1,403,
https://uamusic.com.ua/,2026-10-02 06:21:34,1,429,
https://uaznavstvo.univ.kiev.ua/,2026-10-02 06:21:34,1,200,
https://ubi.org.ua/uk,2026-10-02 06:21:34,1,200,
https://uchkom.church.ua/,2026-10-02 06:21:34,1,403,
https://uchkult.ks.ua/,2026-10-02 06:21:34,0,,ConnectionError
https://ucu.edu.ua/en/,2026-10-02 06:21:34,1,403,
"https://uesit.org.ua/index.php/itse, https://uesit.org.ua, https://uesit.org.ua/index.php/itse, https://uesit.org.ua, https://uesit.org.ua/index.php/itse, https://uesit.org.ua",2026-10-02 06:21:34,0,404,SSLError (responded without certificate verification)
https://uglya-mon.church.ua/,2026-10-02 06:21:34,1,403,
https://ui.org.ua/en,2026-10-02 06:21:34,1,403,
https://uima-chicago.org/,2026-10-02 06:21:34,1,200,
https://uinp.gov.ua/,2026-10-02 06:21:34,1,200,
https://ujew.com.ua,2026-10-02 06:21:34,1,403,
https://ujew.com.ua/objects/sumskaya-oblast/gluxov/muzej-istorii-evreev-gluhovshiny0,2026-10-02 06:21:34,1,403,
https://ujnpnzmriaj.odessaedu.net/,2026-10-02 06:21:34,1,403,
https://ujp.bitp.kiev.ua/index.php/ujp/oai,2026-10-02 06:21:34,1,200,
https://ujvas.com.ua/,2026-10-02 06:21:34,1,403,
https://ukd.edu.ua/,2026-10-02 06:21:34,1,200,
https://ukr.sovfarfor.com/,2026-10-02 06:21:34,1,200,
https://ukrainianart.com/,2026-10-02 06:21:34,0,,ConnectTimeout
https://ukrainianjewishencounter.org/en/,2026-10-02 06:21:34,1,200,
https://ukrainianstudies.org/visnyk/,2026-10-02 06:21:34,1,403,
https://ukrarchipedia.com/,2026-10-02 06:21:34,1,200,
https://ukrbtdu.blogspot.com/,2026-10-02 06:21:34,1,429,
https://ukrclassic.com.ua/,2026-10-02 06:21:34,1,200,
https://ukrdrama.dp.ua/,2026-10-02 06:21:34,1,200,
https://ukrfamily.com.ua/,2026-10-02 06:21:34,1,200,
https://ukrmanuscript.com/en,2026-10-02 06:21:34,1,200,
https://ukrmus.wordpress.com/,2026-10-02 06:21:34,1,200,
https://ukroj.com/,2026-10-02 06:21:34,1,403,
https://ukrteatr.odessa.ua/,2026-10-02 06:21:34,1,200,
https://ula.org.ua/en/,2026-10-02 06:21:34,0,404,
https://ulianivka.church.ua/,2026-10-02 06:21:34,1,403,
https://ulibrv.com.ua/,2026-10-02 06:21:34,1,403,
https://uma.lvivcenter.org/en/videos,2026-10-02 06:21:34,1,200,
https://uma.lvivcenter.org/uk,2026-10-02 06:21:34,1,200,
https://umanska.jimdofree.com/,2026-10-02 06:21:34,1,200,
https://underhill-park.com.ua/,2026-10-02 06:21:34,1,200,
https://undiasd.archives.gov.ua/en/index.php?m=21,2026-10-02 06:21:34,1,403,
https://unesco-journal.com.ua/,2026-10-02 06:21:34,1,403,
https://ungsobor.church.ua/,2026-10-02 06:21:34,1,403,
https://unm.org.ua/uk,2026-10-02 06:21:34,0,500,
https://urzuf.church.ua/,2026-10-02 06:21:34,1,403,
https://usadbabaryatinsky.ru/,2026-10-02 06:21:34,1,200,
https://useknovensky-kharkov.church.ua/,2026-10-02 06:21:34,1,403,
https://usivka.church.ua/,2026-10-02 06:21:34,1,403,
https://uspenie-sokolovo.church.ua/,2026-10-02 06:21:34,1,403,
https://uspenie.church.ua/,2026-10-02 06:21:34,1,403,
https://uspeniekrm.church.ua/,2026-10-02 06:21:34,1,403,
https://uspenskiy.church.ua/,2026-10-02 06:21:34,1,403,
https://uspp.ua/ru,2026-10-02 06:21:34,1,200,
https://uvarovsky.wordpress.com/,2026-10-02 06:21:34,1,200,
https://uzh-ioann.church.ua/,2026-10-02 06:21:34,1,403,
https://uzhanskyi-park.in.ua/,2026-10-02 06:21:34,1,200,
https://uzhcitylib.blogspot.com/,2026-10-02 06:21:34,1,429,
https://uzhorodskacrbs.blogspot.com/,2026-10-02 06:21:34,1,429,
https://v-dubechnia.church.ua/,2026-10-02 06:21:34,1,403,
https://v-n-l.church.ua/,2026-10-02 06:21:34,1,403,
https://vahivka.church.ua/,2026-10-02 06:21:34,1,403,
https://vandrivka.com.ua/,2026-10-02 06:21:34,1,200,
https://varvara.church.ua/,2026-10-02 06:21:34,1,403,
https://vdubkah.church.ua/,2026-10-02 06:21:34,1,403,
https://vel-dymerka.church.ua/,2026-10-02 06:21:34,1,403,
https://vel-karatul.church.ua/,2026-10-02 06:21:34,1,403,
https://vel-krupil.church.ua/,2026-10-02 06:21:34,1,403,
https://vel-omeliana.church.ua/,2026-10-02 06:21:34,1,403,
https://vel-staricja.church.ua/,2026-10-02 06:21:34,1,403,
https://velikijhutir.cherkassy.ua,2026-10-02 06:21:34,0,,ConnectionError
https://velmihailivka-b.ucoz.ua/,2026-10-02 06:21:34,0,,ReadTimeout
https://verakh.church.ua/,2026-10-02 06:21:34,1,403,
https://verbashadow.com/,2026-10-02 06:21:34,1,200,
https://verkhovyna.life,2026-10-02 06:21:34,1,200,
https://verkhovyna.life/franko,2026-10-02 06:21:34,1,200,
https://verkhovyna.life/museum,2026-10-02 06:21:34,1,200,
https://veryovka.com/,2026-10-02 06:21:34,1,429,
https://vestnmath.dnu.dp.ua,2026-10-02 06:21:34,1,200,
https://viam.ucoz.net/,2026-10-02 06:21:34,1,200,
https://vicatto.wixsite.com/gdev,2026-10-02 06:21:34,0,404,
https://victoriamuseum.com.ua/uk/%d0%bd%d0%be%d0%b2%d0%b8%d0%bd%d0%b8/,2026-10-02 06:21:34,1,200,
https://video.shakhtar.com/,2026-10-02 06:21:34,1,200,
https://vilha-mon.church.ua/,2026-10-02 06:21:34,1,403,
https://vin-library.do.am/,2026-10-02 06:21:34,1,200,
https://vinnytsia-museum.in.ua/,2026-10-02 06:21:34,1,403,
https://vinnytsia-museum.in.ua/pano,2026-10-02 06:21:34,1,403,
https://vinnytsia.church.ua/,2026-10-02 06:21:34,1,403,
https://vinogradov-mon.church.ua/,2026-10-02 06:21:34,1,403,
https://visitdonbass.info/,2026-10-02 06:21:34,1,200,
https://visnukpfs.dp.ua/index.php/PFS,2026-10-02 06:21:34,1,403,
https://visnyk-irpin.com.ua/,2026-10-02 06:21:34,1,200,
https://vk.com/museumsex,2026-10-02 06:21:34,1,200,
https://vkruglov2013.wixsite.com/livepripyat,2026-10-02 06:21:34,1,200,
https://vladimir-cn.church.ua/,2026-10-02 06:21:34,1,403,
https://vladimirskia.church.ua/,2026-10-02 06:21:34,1,403,
https://vladimirsky-mon.church.ua/,2026-10-02 06:21:34,1,403,
https://vlibrarymk.blogspot.com/,2026-10-02 06:21:34,1,429,
https://vm.ukma.edu.ua/%d0%b2%d0%b8%d1%81%d1%82%d0%b0%d0%b2%d0%ba%d0%b8/,2026-10-02 06:21:34,1,403,
https://vmelitopole.ru/,2026-10-02 06:21:34,1,200,
https://vn.npu.gov.ua/uk/publish/article/80461,2026-10-02 06:21:34,1,403,
https://voikove.church.ua/,2026-10-02 06:21:34,1,403,
https://vol-kraeved.ucoz.ua/,2026-10-02 06:21:34,1,200,
https://voladm.gov.ua/category/merezha-zakladiv-kulturi/1/,2026-10-02 06:21:34,1,403,
https://volbiblioteka.blogspot.com/,2026-10-02 06:21:34,1,429,
https://volnomuseum.wordpress.com/,2026-10-02 06:21:34,1,200,
https://voloske.com.ua,2026-10-02 06:21:34,1,200,
https://volyn.archives.gov.ua/,2026-10-02 06:21:34,1,403,
https://volyn.archives.gov.ua/elekt_archives/elekt_spravi/sprav20.php,2026-10-02 06:21:34,1,403,
https://volynconcert.net/,2026-10-02 06:21:34,1,200,
https://volyntravel.com.ua/,2026-10-02 06:21:34,1,200,
https://vorochevo-mon.church.ua/,2026-10-02 06:21:34,1,403,
https://voronavia.at.ua/,2026-10-02 06:21:34,0,,ReadTimeout
https://voronkiv.church.ua,2026-10-02 06:21:34,1,403,
https://voropaiv.church.ua,2026-10-02 06:21:34,1,403,
https://voskres-pechersk.church.ua/,2026-10-02 06:21:34,1,403,
https://voskres.church.ua/,2026-10-02 06:21:34,1,403,
https://voskresenie.church.ua/,2026-10-02 06:21:34,1,403,
https://voskresinnya-theatre.virtual.ua/ua/3d-tour/,2026-10-02 06:21:34,1,200,
https://vostok-sos.org/en,2026-10-02 06:21:34,0,,TooManyRedirects
https://vovchkiv.church.ua/,2026-10-02 06:21:34,1,403,
https://voz.gov.ua/kz-mskiy-budinok-kulturi.html,2026-10-02 06:21:34,1,200,
https://voz.gov.ua/muzeyi.html,2026-10-02 06:21:34,1,200,
https://voz.gov.ua/shkoli-estetichnogo-vihovannya.html,2026-10-02 06:21:34,1,200,
https://vozdwi.church.ua/,2026-10-02 06:21:34,1,403,
https://voznesensk-sob.church.ua/,2026-10-02 06:21:34,1,403,
https://voznesensk.church.ua/,2026-10-02 06:21:34,1,403,
https://vseh-svjat.church.ua/,2026-10-02 06:21:34,1,403,
https://vsei.vn.ua/,2026-10-02 06:21:34,1,200,
https://vstrecha.church.ua/,2026-10-02 06:21:34,1,403,
https://vsviat-dol.church.ua/,2026-10-02 06:21:34,1,403,
https://vtl.in.ua/,2026-10-02 06:21:34,0,,ConnectionError
https://vue.gov.ua/%D0%93%D0%BE%D0%BB%D0%BE%D0%B2%D0%BD%D0%B0_%D1%81%D1%82%D0%BE%D1%80%D1%96%D0%BD%D0%BA%D0%B0,2026-10-02 06:21:34,1,403,
https://vufku.org/,2026-10-02 06:21:34,1,200,
https://vvak.in.ua/,2026-10-02 06:21:34,1,200,
https://vved-dol.church.ua/,2026-10-02 06:21:34,1,403,
https://vvedenskiy-podol.church.ua/,2026-10-02 06:21:34,1,403,
https://vvedensky.church.ua/,2026-10-02 06:21:34,1,403,
https://vyshenky.church.ua/,2026-10-02 06:21:34,1,403,
https://vyshghorod-pant.church.ua/,2026-10-02 06:21:34,1,403,
https://vyshhorod-borys.church.ua/,2026-10-02 06:21:34,1,403,
https://vyshhorod-troit.church.ua/,2026-10-02 06:21:34,1,403,
https://vyshneveblago.church.ua/,2026-10-02 06:21:34,1,403,
https://vyzhnytskyi-park.in.ua/,2026-10-02 06:21:34,1,200,
https://vzcz.church.ua/,2026-10-02 06:21:34,1,403,
https://vzyskanie.church.ua/,2026-10-02 06:21:34,1,403,
https://warmuseum.kiev.ua/_eng/,2026-10-02 06:21:34,0,,ConnectionError
https://warmuseum.kiev.ua/_eng/museum/monument/,2026-10-02 06:21:34,0,,ConnectionError
https://web.archive.org/web/20110715234744/http://www.museum-ukraine.org.ua/,2026-10-02 06:21:34,1,200,
https://web.archive.org/web/20130725155759/http://donetsk.donetsk.ua/muzeji-donecka.html,2026-10-02 06:21:34,1,200,
https://web.nlu.org.ua/,2026-10-02 06:21:34,1,200,
https://web.znu.edu.ua/NIS/,2026-10-02 06:21:34,1,200,
https://wedensk.church.ua/,2026-10-02 06:21:34,1,403,
https://wiki.library.kr.ua,2026-10-02 06:21:34,1,200,
https://wild-t.com.ua/,2026-10-02 06:21:34,1,200,
https://wisecow.com.ua/,2026-10-02 06:21:34,1,403,
https://www.06452.com.ua/news/2860377/istoria-odnogo-zdania-dvorec-kultury-himikov,2026-10-02 06:21:34,1,403,
https://www.alexanderpalace.org/,2026-10-02 06:21:34,1,200,
https://www.alexanderyakovlev.org/,2026-10-02 06:21:34,0,521,
https://www.alexandria-park.com.ua/,2026-10-02 06:21:34,1,429,
https://www.angelfire.com/tn/tysovska/,2026-10-02 06:21:34,0,,ConnectionError
https://www.anton-chehov.info/,2026-10-02 06:21:34,1,200,
https://www.anton-chehov.info/dom-muzej-chexova-v-sumax.html,2026-10-02 06:21:34,1,200,
https://www.arinsy.com/en/index.htm,2026-10-02 06:21:34,0,526,
https://www.artluhansk.com/,2026-10-02 06:21:34,1,200,
https://www.bahai.dp.ua/,2026-10-02 06:21:34,0,,ConnectionError
https://www.bahai.kiev.ua/,2026-10-02 06:21:34,0,,ConnectionError
https://www.bar-bgpk.com.ua/,2026-10-02 06:21:34,1,200,
https://www.barceramic.org.ua/,2026-10-02 06:21:34,1,200,
https://www.bdut.org.ua/,2026-10-02 06:21:34,1,200,
https://www.bethana.org.ua/,2026-10-02 06:21:34,1,200,
https://www.boratyn.ukraina.org.ua/muzeyi,2026-10-02 06:21:34,0,,"SSLError: HTTPSConnectionPool(host='www.boratyn.ukraina.org.ua', port=443): Max retries exceeded with url: /muzeyi (Caused by SSLError(SSLError(1, '[SSL: SSLV3_ALERT_HANDSHAKE_FAILURE] sslv3 alert han"
https://www.brodyhistory.org.ua/,2026-10-02 06:21:34,1,200,
https://www.brodyhistory.org.ua/photo/pamyatky-arheologiyi/,2026-10-02 06:21:34,1,200,
https://www.btsau.edu.ua/,2026-10-02 06:21:34,0,404,SSLError (responded without certificate verification)
https://www.catholic-kharkiv.org/,2026-10-02 06:21:34,1,200,
https://www.cerkva.info/,2026-10-02 06:21:34,1,200,
https://www.cherkasy-music-art.org.ua,2026-10-02 06:21:34,0,,ConnectTimeout
https://www.chernigiv-rada.gov.ua/,2026-10-02 06:21:34,1,403,
https://www.chernobyl.one/,2026-10-02 06:21:34,1,200,
https://www.chubynsky.best/,2026-10-02 06:21:34,1,200,
https://www.circus.kiev.ua/,2026-10-02 06:21:34,1,200,
https://www.ck.archives.gov.ua/,2026-10-02 06:21:34,0,,ConnectionError
https://www.codpa.org.ua/,2026-10-02 06:21:34,1,200,
https://www.crbgorodok.km.ua/,2026-10-02 06:21:34,0,,ConnectionError
https://www.dahmo.gov.ua/,2026-10-02 06:21:34,1,200,
https://www.dakhabrakha.com.ua,2026-10-02 06:21:34,1,200,
https://www.directorsguild.org.ua/,2026-10-02 06:21:34,0,,ConnectionError
https://www.djc.com.ua/,2026-10-02 06:21:34,1,200,
https://www.dnipro.libr.dp.ua,2026-10-02 06:21:34,1,200,
https://www.donmining.info/,2026-10-02 06:21:34,1,429,
https://www.donnu.edu.ua/uk/,2026-10-02 06:21:34,1,200,
https://www.dreamstime.com/mariupol-ukraine-september-aerial-view-iskra-palace-culture-nikopolsky-prospect-b-against-backdrop-city-ilyich-iron-video230135811,2026-10-02 06:21:34,1,200,
https://www.duet.edu.ua/,2026-10-02 06:21:34,1,200,
https://www.duet.edu.ua/en,2026-10-02 06:21:34,1,200,
https://www.dumk.org/,2026-10-02 06:21:34,1,200,
https://www.ebk.net.ua/,2026-10-02 06:21:34,1,200,
https://www.eminak.net.ua/,2026-10-02 06:21:34,1,200,
https://www.en.gov.ua/msykiy-palac-kulyturi-suchasnik,2026-10-02 06:21:34,1,403,
https://www.enc.od.ua/,2026-10-02 06:21:34,0,,ConnectionError
https://www.esjf-surveys.org/,2026-10-02 06:21:34,1,403,
https://www.filarm.kr.ua/,2026-10-02 06:21:34,1,200,
https://www.filarmonia.com.ua/,2026-10-02 06:21:34,1,403,
https://www.filarmonia.odessa.ua/,2026-10-02 06:21:34,1,200,
https://www.fjc.org.ua/,2026-10-02 06:21:34,1,403,
https://www.frh-europe.org/ivano-frankivsk-tempel-synagogue-30-years-after-its-return-to-the-jewish-community-a-critical-need-to-restore-and-enhance/,2026-10-02 06:21:34,1,200,
https://www.gallery.pl.ua/,2026-10-02 06:21:34,1,403,
https://www.geshergalicia.org/ukrainian-archives/,2026-10-02 06:21:34,1,200,
https://www.gulag.su,2026-10-02 06:21:34,1,200,
https://www.helpmecovid.com/ua/115009_biblioteka,2026-10-02 06:21:34,0,522,
https://www.hesedbesht.org.ua/,2026-10-02 06:21:34,1,200,
https://www.history.az/en/,2026-10-02 06:21:34,1,200,
https://www.hor.net.ua/?page_id=995&lang=uk,2026-10-02 06:21:34,1,200,
https://www.hudakivillageband.com,2026-10-02 06:21:34,1,200,
https://www.iananu.org.ua/vidannya/naukovi-monografiji,2026-10-02 06:21:34,1,200,
https://www.iananu.org.ua/vidannya/periodichni,2026-10-02 06:21:34,1,200,
https://www.ifnmu.edu.ua/uk/medychni-vystavky,2026-10-02 06:21:34,1,403,
https://www.inspirock.com/ukraine/chernihiv/chernihiv-regional-art-museum-a1124093333,2026-10-02 06:21:34,0,,ConnectTimeout
https://www.inst-ukr.lviv.ua/,2026-10-02 06:21:34,1,200,
https://www.istpravda.com.ua/,2026-10-02 06:21:34,1,200,
https://www.izan.kiev.ua/,2026-10-02 06:21:34,1,200,
https://www.izan.kiev.ua/library.htm,2026-10-02 06:21:34,1,200,
https://www.jewishgen.org/Ukraine/,2026-10-02 06:21:34,1,200,
https://www.kadr.kiev.ua/,2026-10-02 06:21:34,0,404,SSLError (responded without certificate verification)
https://www.karpaty.info/en/recreation/tourservice/museum/,2026-10-02 06:21:34,1,403,
https://www.karpaty.info/ua/,2026-10-02 06:21:34,1,403,
https://www.karpaty.info/ua/uk/te/to/bila/museums/music/,2026-10-02 06:21:34,1,403,
https://www.katakomby.pro/en/odessa-catacombs/,2026-10-02 06:21:34,0,,ConnectionError
https://www.kharkivmedicaluniversity.com,2026-10-02 06:21:34,1,200,
https://www.kinofilms.ua,2026-10-02 06:21:34,1,403,
https://www.kom-center.zp.ua/,2026-10-02 06:21:34,1,200,
https://www.kpba.edu.ua/,2026-10-02 06:21:34,1,200,
https://www.kre.dp.ua/,2026-10-02 06:21:34,1,200,
https://www.kreschatik.kiev.ua/,2026-10-02 06:21:34,1,200,
https://www.kspu.edu/About/DepartmentAndServices/Library.aspx,2026-10-02 06:21:34,1,200,
https://www.libertyspace.org.ua/,2026-10-02 06:21:34,1,200,
https://www.library.kpi.ua/en/research/dzherela/,2026-10-02 06:21:34,1,200,
https://www.llitvinova.com/,2026-10-02 06:21:34,1,200,
https://www.lvduvs.edu.ua/,2026-10-02 06:21:34,1,200,
https://www.lvivart.center/,2026-10-02 06:21:34,1,200,
https://www.maidanmuseum.org/en/node/348,2026-10-02 06:21:34,0,,ReadTimeout
https://www.martechlicey.com/,2026-10-02 06:21:34,0,,ConnectionError
https://www.mediaartarchive.org.ua/,2026-10-02 06:21:34,1,200,
https://www.memo.ru,2026-10-02 06:21:34,0,,ConnectionError
https://www.migdal.org.ua/migdal/museum/,2026-10-02 06:21:34,1,200,
https://www.mironova-gallery.com/,2026-10-02 06:21:34,0,404,
https://www.mkdu.com.ua/,2026-10-02 06:21:34,1,200,
https://www.mnp.org.ua/,2026-10-02 06:21:34,1,200,
https://www.mundm.kiev.ua/,2026-10-02 06:21:34,1,403,
https://www.museum-ukraine.info,2026-10-02 06:21:34,1,200,
https://www.museum.com.ua/,2026-10-02 06:21:34,1,200,
https://www.museum.diana-92.com/,2026-10-02 06:21:34,1,200,
https://www.museum.lviv.ua/,2026-10-02 06:21:34,1,200,
https://www.museumsun.org/,2026-10-02 06:21:34,1,200,
https://www.muslims.in.ua/,2026-10-02 06:21:34,1,200,
https://www.netishynrada.gov.ua/%D1%81%D0%BE%D1%86%D1%96%D0%B0%D0%BB%D1%8C%D0%BD%D0%BE-%D0%B3%D1%83%D0%BC%D0%B0%D0%BD%D1%96%D1%82%D0%B0%D1%80%D0%BD%D0%B0-%D1%81%D1%84%D0%B5%D1%80%D0%B0/kyltyra/,2026-10-02 06:21:34,0,404,
https://www.newroute.org.ua/,2026-10-02 06:21:34,1,200,
https://www.nezhin-dram.in.ua,2026-10-02 06:21:34,0,,ConnectTimeout
https://www.nochildrenstories.com,2026-10-02 06:21:34,1,200,
https://www.npptovtry.org.ua/,2026-10-02 06:21:34,0,500,SSLError (responded without certificate verification)
https://www.ns-slovo.org.ua/,2026-10-02 06:21:34,1,200,
https://www.oa.edu.ua/,2026-10-02 06:21:34,1,200,
https://www.odesafilmstudio.com.ua/,2026-10-02 06:21:34,1,200,
https://www.ofam.org.ua/en/ofam-online,2026-10-02 06:21:34,1,200,
https://www.olbio.com.ua/ru/html/,2026-10-02 06:21:34,0,,ConnectionError
https://www.olbio.com.ua/ua/html/,2026-10-02 06:21:34,0,,ConnectionError
https://www.olbio.org/,2026-10-02 06:21:34,1,200,
https://www.oldcars.com.ua/,2026-10-02 06:21:34,1,200,
https://www.olexkkim.com/,2026-10-02 06:21:34,1,200,
https://www.omr.gov.ua/,2026-10-02 06:21:34,0,503,
https://www.opera-ballet.com.ua/,2026-10-02 06:21:34,1,200,
https://www.oriental-studies.org.ua/,2026-10-02 06:21:34,1,200,
https://www.otdih.pro/en/pages/10399-muzei-kornelyukov-kosov/,2026-10-02 06:21:34,1,200,
https://www.ovruch.info/,2026-10-02 06:21:34,1,200,
https://www.palace.dp.ua/,2026-10-02 06:21:34,1,200,
https://www.pdau.edu.ua/,2026-10-02 06:21:34,1,200,
https://www.pedcollege.kiev.ua/,2026-10-02 06:21:34,1,200,
https://www.pharmencyclopedia.com.ua/,2026-10-02 06:21:34,0,,ConnectTimeout
https://www.pharmencyclopedia.com.ua/article/5576/muzej-apteka-yevpatoriya,2026-10-02 06:21:34,0,,ConnectTimeout
https://www.pisni.org.ua,2026-10-02 06:21:34,1,200,
https://www.polyphonyproject.com,2026-10-02 06:21:34,1,200,
https://www.pomisna.info/,2026-10-02 06:21:34,1,200,
https://www.primetour.ua/,2026-10-02 06:21:34,0,520,
https://www.primetour.ua/uk/excursions/museum/Muzey-gologramm.html,2026-10-02 06:21:34,0,520,
https://www.projectkesher.org.ua,2026-10-02 06:21:34,1,200,
https://www.prvo.od.ua/school/lic_moryana/,2026-10-02 06:21:34,0,404,
https://www.quellen.org.ua/,2026-10-02 06:21:34,1,200,
https://www.radyvyliv.info/radivilivskij-istrichnij-muzej-vidznachiv-svoye-25-richchya.html,2026-10-02 06:21:34,1,200,
https://www.ranukraine.com/,2026-10-02 06:21:34,1,200,
https://www.rbklb.at.ua/,2026-10-02 06:21:34,1,200,SSLError (responded without certificate verification)
https://www.reabit.org.ua,2026-10-02 06:21:34,1,200,
https://www.religio.org.ua/,2026-10-02 06:21:34,1,200,
https://www.roippo.org.ua/,2026-10-02 06:21:34,1,200,
https://www.skovorodamuseum.com.ua/,2026-10-02 06:21:34,1,200,
https://www.srvo.od.ua/school/sint_tonika/,2026-10-02 06:21:34,0,404,
https://www.suzirja.kiev.ua/,2026-10-02 06:21:34,1,200,
https://www.theater-krik.com,2026-10-02 06:21:34,1,200,
https://www.tkfgen.org/open_sources_ak_p01.html,2026-10-02 06:21:34,0,404,
https://www.tkfk.te.ua/,2026-10-02 06:21:34,1,429,
https://www.tmf-museum.com/,2026-10-02 06:21:34,1,200,
https://www.travellino.net/countries/ukraine,2026-10-02 06:21:34,1,200,
https://www.trypillia.com/,2026-10-02 06:21:34,1,200,
https://www.uanima.org.ua,2026-10-02 06:21:34,0,,ConnectionError
https://www.uaportal.com,2026-10-02 06:21:34,1,200,
https://www.ukrlib.com.ua/,2026-10-02 06:21:34,1,200,
https://www.umoloda.kiev.ua/,2026-10-02 06:21:34,0,,ConnectionError
https://www.univ.kiev.ua,2026-10-02 06:21:34,1,200,
https://www.univer.kharkov.ua/,2026-10-02 06:21:34,0,,ConnectionError
https://www.vdn.dp.ua/museum/60-verhnedneprovskiy-rayonnyy-narodnyy-istoriko-kraevedcheskiy-muzey.html,2026-10-02 06:21:34,1,403,
https://www.vidsutnist.org/,2026-10-02 06:21:34,1,200,SSLError (responded without certificate verification)
https://www.vie.vin.ua,2026-10-02 06:21:34,1,200,SSLError (responded without certificate verification)
https://www.vnmu.vn.ua/,2026-10-02 06:21:34,1,200,SSLError (responded without certificate verification)
https://www.vocnt.org.ua/,2026-10-02 06:21:34,1,200,
https://www.vodokanal.kiev.ua/muzej-%D1%96stor%D1%96%D1%97-kanal%D1%96zacz%D1%96%D1%97,2026-10-02 06:21:34,1,200,SSLError (responded without certificate verification)
https://www.volynnews.com,2026-10-02 06:21:34,1,200,
https://www.youtube.com/embed/H_LQf01nFmk,2026-10-02 06:21:34,1,200,
https://www.zgefcznu.in.ua,2026-10-02 06:21:34,1,200,
https://www.zieit.edu.ua/,2026-10-02 06:21:34,1,200,
https://www.znu.edu.ua/frontpage/3594.rus.html,2026-10-02 06:21:34,1,200,
https://www.znu.edu.ua/ukr/university/11929,2026-10-02 06:21:34,1,200,
https://xapkpdaa.org.ua,2026-10-02 06:21:34,1,200,
https://xn----8sbfkobckofaskby8kve.xn--p1ai/muzei-zapovednika/dom-muzej-m-voloshina/,2026-10-02 06:21:34,1,200,
https://xn--80a3aeu4czas.xn--j1amh/,2026-10-02 06:21:34,1,200,
https://xramuspenie.church.ua/,2026-10-02 06:21:34,1,403,
https://yablonsk-valeriy.church.ua/,2026-10-02 06:21:34,1,403,
https://yabluneve.church.ua/,2026-10-02 06:21:34,1,403,
https://yagotyn-pantelim.church.ua/,2026-10-02 06:21:34,1,403,
https://yahotyn-pokrov.church.ua/,2026-10-02 06:21:34,1,403,
https://yareshky.church.ua/,2026-10-02 06:21:34,1,403,
https://yerkivtsi.church.ua/,2026-10-02 06:21:34,1,403,
https://yizhakultura.com/,2026-10-02 06:21:34,1,200,
https://youalib.com/,2026-10-02 06:21:34,0,,ConnectionError
https://young-peoples-theatre.virtual.ua/en/3d-tour/,2026-10-02 06:21:34,1,200,
https://youthcenters.net.ua,2026-10-02 06:21:34,1,200,
https://yuliabevzenko.com/en/shukai,2026-10-02 06:21:34,0,404,
https://yuriev.com.ua/,2026-10-02 06:21:34,1,200,
https://yurove.church.ua/,2026-10-02 06:21:34,1,403,
https://yuzhnoukrainsk.church.ua/,2026-10-02 06:21:34,1,403,
https://zabor.zp.ua/Kultura/DK.htm,2026-10-02 06:21:34,1,200,
https://zabytki.in.ua/,2026-10-02 06:21:34,1,200,
https://zahreblya-mon.church.ua/,2026-10-02 06:21:34,1,403,
https://zakchoir.com.ua/,2026-10-02 06:21:34,1,200,
https://zamky.te.ua/,2026-10-02 06:21:34,1,200,
https://zamokdubno.com.ua/,2026-10-02 06:21:34,1,200,
https://zankovetska-theatre-lviv.virtual.ua/ua/3d-tour/,2026-10-02 06:21:34,1,200,
https://zarichevo-mon.church.ua/,2026-10-02 06:21:34,1,403,
https://zarvanytsya.org/,2026-10-02 06:21:34,1,200,
https://zavorychi.church.ua/,2026-10-02 06:21:34,1,403,
https://zdolbuniv-museum.com.ua/,2026-10-02 06:21:34,0,,ConnectionError
https://zdyt.ucoz.com/,2026-10-02 06:21:34,1,200,
https://zeft.in.ua/,2026-10-02 06:21:34,1,200,
https://zhenmirkerch.church.ua/,2026-10-02 06:21:34,1,403,
https://zlatoust-kharkov.church.ua/wp-includes/css/dashicons.min.css?ver=4.7.11,2026-10-02 06:21:34,1,403,
https://zlatoust.church.ua/,2026-10-02 06:21:34,1,403,
https://zlatoust.dp.ua/,2026-10-02 06:21:34,1,200,
https://zmfk.zt.ua/,2026-10-02 06:21:34,1,200,
https://zmievmuseum.ucoz.ua/,2026-10-02 06:21:34,0,,ReadTimeout
https://znamenie.church.ua/,2026-10-02 06:21:34,1,403,
https://zodub.com.ua/,2026-10-02 06:21:34,0,,ConnectionError
https://zokm.jimdofree.com/,2026-10-02 06:21:34,0,404,
https://zoloti-vorota.kiev.ua/,2026-10-02 06:21:34,0,,ConnectionError
https://zolotivorota.com.ua/en/the-site-dedicated-to-the-golden-gate-museum-in-kiev/,2026-10-02 06:21:34,1,403,
https://zolotyvik.blogspot.com/,2026-10-02 06:21:34,1,429,
https://zoo.kiev.ua/,2026-10-02 06:21:34,1,200,
https://zorynka.com/,2026-10-02 06:21:34,1,200,
https://zounb.zp.ua,2026-10-02 06:21:34,1,200,
https://zovorychi.church.ua/,2026-10-02 06:21:34,1,403,
https://zp.church.ua/,2026-10-02 06:21:34,1,403,
https://zp.edu.ua/,2026-10-02 06:21:34,1,200,
https://zposvita39.wixsite.com/mysite,2026-10-02 06:21:34,1,200,
https://zt-teatr.com.ua/,2026-10-02 06:21:34,1,200,
https://ztu.edu.ua/,2026-10-02 06:21:34,1,200,
https://zu.edu.ua/,2026-10-02 06:21:34,1,200,
https://zustrichbibliotechnaya.blogspot.com/,2026-10-02 06:21:34,1,429,
