url,checked,online,http_status,error
http://krmuz.dp.ua/,2024-11-24T18:47:10.919929,1,,
https://kramistmuseum.wordpress.com/,2024-11-24T18:47:10.941470,1,,
https://www.alexandria-park.com.ua/,2024-11-24T18:47:11.004113,1,,
http://botany.kiev.ua/gerbary.htm,2024-11-24T18:47:11.046799,1,,
http://www.derev.org.ua/,2024-11-24T18:47:11.071104,1,,
http://saugustyn.narod.ru/Sacerdos/mucheniki.htm,2024-11-24T18:47:11.133346,1,,
https://museum-jz.business.site/,2024-11-24T18:47:11.154046,1,,
http://www.pravda.com.ua,2024-11-24T18:47:11.188080,1,,
https://karazin.ua/,2024-11-24T18:47:11.204875,1,,
https://museum.org.ua,2024-11-24T18:47:11.338733,1,,
http://www.icmp.lviv.ua/journal/,2024-11-24T18:47:11.351404,1,,
http://www.onmb.pl.ua/,2024-11-24T18:47:11.398803,1,,
http://www.sevtolib.org.ua/,2024-11-24T18:47:11.428227,0,,
http://narodna.org.ua,2024-11-24T18:47:11.438071,1,,
https://mussadnd.wordpress.com/,2024-11-24T18:47:11.485631,1,,
https://www.geshergalicia.org/ukrainian-archives/,2024-11-24T18:47:11.538260,1,,
https://lvivskansen.org/,2024-11-24T18:47:11.553670,1,,
http://kibit.edu.ua/,2024-11-24T18:47:11.595326,1,,
http://www.kkray.org.ua,2024-11-24T18:47:11.618207,0,,
http://nbuv.gov.ua/j-tit/vispdoso,2024-11-24T18:47:11.631509,1,,
http://www.president.gov.ua,2024-11-24T18:47:11.654688,1,,
http://opishne-museum.gov.ua/uk/poterrybooks/173-main,2024-11-24T18:47:11.696779,1,,
http://animal.kharkov.ua/,2024-11-24T18:47:11.702262,1,,
http://kamishevaha-mon.church.ua/,2024-11-24T18:47:11.716999,1,,
http://koronakarpat.com.ua/,2024-11-24T18:47:11.745072,0,,
http://volyn-museum.com.ua/news/lopatenskij_muzej_partizanskoji_slavi/1-0-20,2024-11-24T18:47:11.804068,1,,
http://www.cvu.org.ua,2024-11-24T18:47:11.933475,1,,
http://biotechnology.kiev.ua/,2024-11-24T18:47:12.133054,1,,
http://volyn-museum.com.ua/index/rokinivskij_muzej_istoriji_silskogo_gospodarstva_volini_skansen/0-23,2024-11-24T18:47:12.136295,1,,
http://teatrkukol.com.ua/,2024-11-24T18:47:12.169368,1,,
http://nbuv.gov.ua/j-tit/vpoupra,2024-11-24T18:47:12.181071,1,,
http://kipdm.com,2024-11-24T18:47:12.183603,1,,
http://archives.kh.gov.ua/?page_id=17964,2024-11-24T18:47:12.288770,1,,
https://zt-teatr.com.ua/,2024-11-24T18:47:12.368900,1,,
http://volyn-museum.com.ua/index/torchinskij_narodnij_kraeznavchij_muzej/0-25,2024-11-24T18:47:12.423081,1,,
http://library.chersonesos.org/,2024-11-24T18:47:12.436632,1,,
http://kse.org.ua,2024-11-24T18:47:12.444628,1,,
http://www.museum.dp.ua/,2024-11-24T18:47:12.462673,1,,
https://mgce.uz.ua/,2024-11-24T18:47:12.511162,1,,
http://childrenkinofest.com/,2024-11-24T18:47:12.591321,1,,
http://artmuz.org.ua/,2024-11-24T18:47:12.633656,1,,
http://savva.org.ua/,2024-11-24T18:47:12.646305,1,,
https://nenc.gov.ua/?page_id=180,2024-11-24T18:47:12.741154,1,,
http://iona.kiev.ua/,2024-11-24T18:47:12.778722,1,,
http://museum.if.ua,2024-11-24T18:47:12.805684,1,,
http://document.kdu.edu.ua/monogr.php,2024-11-24T18:47:12.814392,0,,
https://pokrovskmuseum.wordpress.com/,2024-11-24T18:47:12.892897,1,,
http://www.shevkyivlib.org.ua/,2024-11-24T18:47:12.958954,1,,
http://msio.com.ua/,2024-11-24T18:47:12.970964,1,,
http://www.svichado.com.ua,2024-11-24T18:47:12.975677,0,,
http://museum.motorsich.com/,2024-11-24T18:47:12.988958,0,,
http://zarichne.libr.rv.ua,2024-11-24T18:47:12.990523,0,,
http://www.oweamuseum.odessa.ua/,2024-11-24T18:47:13.007169,1,,
https://uvarovsky.wordpress.com/,2024-11-24T18:47:13.010360,1,,
https://ifteatr.org.ua/,2024-11-24T18:47:13.024657,1,,
http://handvorec.ru,2024-11-24T18:47:13.042080,1,,
https://bibliolis.wordpress.com/,2024-11-24T18:47:13.083492,1,,
https://vn.npu.gov.ua/uk/publish/article/80461,2024-11-24T18:47:13.124275,1,,
http://dako.gov.ua/,2024-11-24T18:47:13.164045,1,,
http://www.buchmuzey.ucoz.ua,2024-11-24T18:47:13.219895,0,,
https://ipiend.gov.ua/script/,2024-11-24T18:47:13.229536,1,,
https://cossacksmuseu.jimdofree.com/,2024-11-24T18:47:13.246907,1,,
http://niez-pereyaslav.com.ua/,2024-11-24T18:47:13.252455,1,,
http://korsunzapovidnyk.com.ua/,2024-11-24T18:47:13.261769,1,,
http://ojs.tdmu.edu.ua/index.php/pharm-chas,2024-11-24T18:47:13.313044,1,,
http://www.cdu.edu.ua/,2024-11-24T18:47:13.326120,1,,
http://ck.archives.gov.ua/,2024-11-24T18:47:13.372454,1,,
http://pdsem.mrezha.net/,2024-11-24T18:47:13.574230,1,,
http://pnpu.edu.ua,2024-11-24T18:47:13.608055,1,,
https://gendermuseum.com/,2024-11-24T18:47:13.611750,1,,
http://savvynsky-mon.church.ua/,2024-11-24T18:47:13.709250,1,,
https://library.gov.ua/,2024-11-24T18:47:13.744520,1,,
http://argo-unf.at.ua/,2024-11-24T18:47:13.776417,1,,
https://konotop-museum.in.ua,2024-11-24T18:47:13.781530,1,,
http://en.chnu.edu.ua/,2024-11-24T18:47:13.922705,1,,
https://www.skovorodamuseum.com.ua/,2024-11-24T18:47:13.956063,1,,
https://teatrpushkina.com/,2024-11-24T18:47:14.063088,1,,
https://shmelyov.at.ua/,2024-11-24T18:47:14.156268,1,,
http://www.museumkiev.org/,2024-11-24T18:47:14.258208,1,,
http://www.muzejkarmalyka.com.ua/,2024-11-24T18:47:14.275445,0,,
http://samchyky.com.ua/,2024-11-24T18:47:14.293671,0,,
http://www.heraldry.com.ua/,2024-11-24T18:47:14.390208,1,,
http://culture-art-knukim.pp.ua/,2024-11-24T18:47:14.451102,1,,
https://mistomariupol.com.ua/,2024-11-24T18:47:14.456091,1,,
http://semenov-foundation.org/,2024-11-24T18:47:14.462106,0,,
http://vasiliyryabchenko.com/,2024-11-24T18:47:14.482583,1,,
http://kaniv-museum.at.ua/,2024-11-24T18:47:14.526905,1,,
http://jrnl.nau.edu.ua/index.php/go,2024-11-24T18:47:14.541814,0,,
https://lvivpuppet.com/,2024-11-24T18:47:14.583393,1,,
http://ternivka-mon.church.ua/,2024-11-24T18:47:14.584461,1,,
http://www.history.univ.kiev.ua,2024-11-24T18:47:14.601593,1,,
http://ukrainianworldcongress.org,2024-11-24T18:47:14.715016,1,,
http://bulgakov.org.ua,2024-11-24T18:47:14.746621,1,,
http://kobza.com.ua,2024-11-24T18:47:14.808492,1,,
http://lib-krm.org/ukr,2024-11-24T18:47:14.819895,1,,
https://blk.edu.ua/Dendropark/,2024-11-24T18:47:14.834209,1,,
https://javalibre.com.ua/,2024-11-24T18:47:14.865430,1,,
http://nbuv.gov.ua/j-tit/as,2024-11-24T18:47:14.865434,1,,
http://decerkva.org.ua/,2024-11-24T18:47:15.004531,1,,
http://bcraybiblioteka.blogspot.com,2024-11-24T18:47:15.032094,1,,
https://www.tmf-museum.com/,2024-11-24T18:47:15.105942,1,,
https://library.ndu.edu.ua,2024-11-24T18:47:15.251723,1,,
https://csamm.archives.gov.ua/tsyfrovyi-fond-korystuvannia/,2024-11-24T18:47:15.434507,1,,
http://onu.edu.ua/uk/culture/museums/zoological,2024-11-24T18:47:15.453835,1,,
https://nashe.com.ua/,2024-11-24T18:47:15.485373,1,,
http://nrps.ukma.edu.ua/,2024-11-24T18:47:15.510630,1,,
http://www.iz.com.ua/,2024-11-24T18:47:15.574701,1,,
http://mvba.com.ua,2024-11-24T18:47:15.605788,1,,
http://pryingul.inf.ua,2024-11-24T18:47:15.657911,1,,
https://ukrclassic.com.ua/,2024-11-24T18:47:15.719232,1,,
http://state-gov.sumy.ua/,2024-11-24T18:47:15.734877,1,,
http://www.ukrterra.com.ua,2024-11-24T18:47:15.777118,1,,
http://teatr.kolomyya.org/,2024-11-24T18:47:15.801992,1,,
http://ukrssr.com.ua/,2024-11-24T18:47:15.813045,1,,
http://nti.khai.edu/ojs/index.php/aktt/index,2024-11-24T18:47:15.865071,1,,
http://dspace.wunu.edu.ua/,2024-11-24T18:47:15.939778,1,,
https://www.maidanmuseum.org/en/node/348,2024-11-24T18:47:15.962538,1,,
http://nti.khai.edu/ojs/index.php/reks/index,2024-11-24T18:47:16.183718,1,,
https://teatr-koryfeiv.com.ua/,2024-11-24T18:47:16.204694,1,,
http://pmu.in.ua/pedago_memor_mus_ukraini/makaranko_budinok_musei_kremenchyg/,2024-11-24T18:47:16.226095,1,,
http://www.theatre.org.ua/,2024-11-24T18:47:16.342695,1,,
https://diasporiana.org.ua/,2024-11-24T18:47:16.411193,1,,
https://www.primetour.ua/uk/excursions/museum/Muzey-gologramm.html,2024-11-24T18:47:16.458861,1,,
http://pkm.poltava.ua/ua/,2024-11-24T18:47:16.495153,1,,
https://operahouse.od.ua/en/,2024-11-24T18:47:16.524585,1,,
http://scp.univ.kiev.ua/ua/,2024-11-24T18:47:16.533890,1,,
https://oldchernihiv.com,2024-11-24T18:47:16.611533,1,,
http://www.teatr-kukol.od.ua/,2024-11-24T18:47:16.645069,1,,
http://krasnyy-mak-mon.church.ua/,2024-11-24T18:47:16.692732,1,,
http://kiziltash.org/,2024-11-24T18:47:16.707295,0,,
http://kinobaza.com.ua,2024-11-24T18:47:16.765103,1,,
http://rusteatr.odessa.ua/,2024-11-24T18:47:16.780338,1,,
http://www.chekhov.sumy.ua/,2024-11-24T18:47:16.820621,1,,
http://library.snu.edu.ua/,2024-11-24T18:47:16.839642,1,,
https://www.tkfgen.org/open_sources_ak_p01.html,2024-11-24T18:47:16.934425,1,,
https://teatr-gogolya.pl.ua/,2024-11-24T18:47:16.969059,1,,
https://natc.org.ua/,2024-11-24T18:47:17.085258,1,,
https://volyn.archives.gov.ua/elekt_archives/elekt_spravi/sprav20.php,2024-11-24T18:47:17.188101,1,,
https://pyrogiv.kiev.ua/,2024-11-24T18:47:17.206049,1,,
https://www.duet.edu.ua/en,2024-11-24T18:47:17.243661,1,,
http://businessperspectives.org/journals/problems-and-perspectives-in-management?category_id=30,2024-11-24T18:47:17.243966,1,,
http://karmazynovka-mon.church.ua/,2024-11-24T18:47:17.319241,1,,
http://monastyr.lg.ua/,2024-11-24T18:47:17.333850,0,,
https://kkibp.edu.ua,2024-11-24T18:47:17.423272,1,,
http://mfat.imath.kiev.ua/,2024-11-24T18:47:17.505360,1,,
https://ki.sumdu.edu.ua,2024-11-24T18:47:17.699252,1,,
https://midnipro.museum/,2024-11-24T18:47:17.790345,1,,
https://dntb.gov.ua/,2024-11-24T18:47:17.867413,1,,
http://urdisc.com.ua/,2024-11-24T18:47:17.891176,1,,
http://il.kubg.edu.ua/,2024-11-24T18:47:17.906437,0,,
https://libraria.ua/en/collections/23/,2024-11-24T18:47:17.947260,1,,
https://chytomo.com/,2024-11-24T18:47:17.960911,1,,
https://nursing.tdmu.edu.ua/,2024-11-24T18:47:17.965206,1,,
http://bokshaymuseum.com,2024-11-24T18:47:18.016244,1,,
https://daso.archives.gov.ua/%d0%b3%d0%be%d0%bb%d0%be%d0%b2%d0%bd%d0%b0/informatsiyna-diyalnist/vystavky-online/,2024-11-24T18:47:18.046974,1,,
http://astro.nau.edu.ua/uk/,2024-11-24T18:47:18.069291,1,,
http://www.bkm.zp.ua/,2024-11-24T18:47:18.136740,1,,
http://www.korsun.ic.ck.ua/index.php/pages/15,2024-11-24T18:47:18.163875,1,,
http://www.korydor.in.ua/ua/,2024-11-24T18:47:18.202523,1,,
https://iea.gov.ua/en/,2024-11-24T18:47:18.203024,1,,
http://dpl.drohobych.net,2024-11-24T18:47:18.221974,1,,
https://taras-shevchenko.storinka.org,2024-11-24T18:47:18.228638,1,,
http://cerkovnoe.church.ua/,2024-11-24T18:47:18.247666,1,,
http://dramteatr.com.ua/,2024-11-24T18:47:18.278703,1,,
http://usim.org.ua/,2024-11-24T18:47:18.377213,1,,
https://dkvmayak.wixsite.com/palaceofculture,2024-11-24T18:47:18.423306,1,,
https://e-medjournal.com/index.php/psp/about,2024-11-24T18:47:18.548489,1,,
http://likbez.org.ua/ua/,2024-11-24T18:47:18.559675,1,,
http://cb-igph.lviv.ua/,2024-11-24T18:47:18.570290,1,,
http://region.in.ua/elisavet/jmuz_u.html,2024-11-24T18:47:18.594621,1,,
http://mbk-pryluky.com.ua/,2024-11-24T18:47:18.596136,0,,
http://dk.motorsich.com/,2024-11-24T18:47:18.618161,0,,
http://krasnuyderkul.blogspot.com/,2024-11-24T18:47:18.687999,1,,
http://www.lhm.lviv.ua/ekspozyciyi/muzeyarsenal.html,2024-11-24T18:47:18.707293,1,,
http://lubp.com.ua/,2024-11-24T18:47:18.707993,1,,
http://oralhistory.org.ua/,2024-11-24T18:47:18.714881,1,,
https://nv.nltu.edu.ua,2024-11-24T18:47:18.731523,1,,
http://encyclopedia.kiev.ua,2024-11-24T18:47:18.769419,1,,
http://v-perspektyvy.com.ua/,2024-11-24T18:47:18.784726,0,,
http://www.dovzhenkocentre.org/,2024-11-24T18:47:18.832656,1,,
http://puppet.kharkov.ua/,2024-11-24T18:47:18.840876,1,,
https://hdzva.edu.ua,2024-11-24T18:47:18.862501,0,,
https://nni-fpo.tdmu.edu.ua/,2024-11-24T18:47:18.935942,1,,
http://www.artmuzeum.kr.ua/,2024-11-24T18:47:19.066600,1,,
http://escriptorium.univer.kharkov.ua/oai/request,2024-11-24T18:47:19.248658,1,,
http://starobelsk-mon.church.ua/,2024-11-24T18:47:19.305163,1,,
https://dyven.org/,2024-11-24T18:47:19.316507,1,,
http://www.choim.org/,2024-11-24T18:47:19.334258,1,,
http://znp.pntu.edu.ua/,2024-11-24T18:47:19.379870,1,,
http://leypzig.megakino.com.ua,2024-11-24T18:47:19.406856,0,,
https://sportpedagogy.org.ua/index.php/ppcs/oai,2024-11-24T18:47:19.433536,1,,
http://niazkamenec.org.ua,2024-11-24T18:47:19.615460,1,,
http://ctdug.lviv.ua/,2024-11-24T18:47:19.619129,1,,
https://www.mediaartarchive.org.ua/,2024-11-24T18:47:19.687113,1,,
https://cn.archives.gov.ua/,2024-11-24T18:47:19.723722,1,,
https://teatrlalek.carrd.co/,2024-11-24T18:47:19.965170,1,,
http://onufrievsky-mon.church.ua/,2024-11-24T18:47:19.966685,1,,
http://1986.org.ua/,2024-11-24T18:47:20.157239,1,,
http://zal.te.ua/index.php/onlajn-arhiv-gazety-qkolosq,2024-11-24T18:47:20.259834,1,,
http://sgiaz.uamuseum.com,2024-11-24T18:47:20.366442,1,,
http://www.reabit.org.ua/nbr/,2024-11-24T18:47:20.487450,1,,
http://lvov-mon.church.ua/,2024-11-24T18:47:20.646333,1,,
https://plomin.club/,2024-11-24T18:47:20.688576,1,,
http://hrushevsky.nbuv.gov.ua/,2024-11-24T18:47:20.888269,1,,
https://nv.pdpu.edu.ua,2024-11-24T18:47:20.892624,1,,
http://zbroeznav.com/,2024-11-24T18:47:21.015192,1,,
http://www.molodist.com/,2024-11-24T18:47:21.039229,1,,
https://nvlvet.com.ua/index.php/agriculture/index,2024-11-24T18:47:21.085546,1,,
http://www.artgallery.zp.ua,2024-11-24T18:47:21.141933,1,,
https://sites.google.com/site/bibliotekakpu/,2024-11-24T18:47:21.173515,1,,
http://pronto.kiev.ua,2024-11-24T18:47:21.223527,1,,
http://pelageevka-mon.church.ua/,2024-11-24T18:47:21.249626,1,,
http://doksa.onu.edu.ua/,2024-11-24T18:47:21.254630,1,,
https://www.polyphonyproject.com,2024-11-24T18:47:21.291674,1,,
https://science.lpnu.ua/ep,2024-11-24T18:47:21.309051,1,,
http://www.hokm.ks.ua,2024-11-24T18:47:21.365954,1,,
http://www.avia-museum.lg.ua/,2024-11-24T18:47:21.386704,0,,
https://ucu.edu.ua/en/,2024-11-24T18:47:21.478591,1,,
http://sfa.org.ua,2024-11-24T18:47:21.480448,1,,
https://unesco-journal.com.ua/,2024-11-24T18:47:21.495577,1,,
http://medinstitut.dp.ua/,2024-11-24T18:47:21.609066,1,,
http://bibl-kotsubynskogo.edukit.cn.ua//,2024-11-24T18:47:21.856421,1,,
http://www.artcollege.lviv.ua/,2024-11-24T18:47:21.889895,1,,
http://konstantinov-mon.church.ua/,2024-11-24T18:47:21.901686,1,,
"https://strana.today, https://strana.news",2024-11-24T18:47:21.909829,0,,
http://donntu.edu.ua/,2024-11-24T18:47:21.973589,1,,
http://ethnology.lviv.ua,2024-11-24T18:47:21.991583,1,,
http://museum.cult.gov.ua/kozeletskyj-muzej-istoriji-tkatstva-chernihivschyny/,2024-11-24T18:47:22.009601,1,,
http://biblio-child.dp.ua/,2024-11-24T18:47:22.015344,1,,
https://uma.lvivcenter.org/en/videos,2024-11-24T18:47:22.045620,1,,
http://chigirinzapovidnyk.org.ua/index.php,2024-11-24T18:47:22.163434,1,,
https://www.eminak.net.ua/,2024-11-24T18:47:22.303432,1,,
http://hero.izmail-city.com/muzei/museum.html,2024-11-24T18:47:22.379675,1,,
https://www.inst-ukr.lviv.ua/,2024-11-24T18:47:22.394242,1,,
http://www.kisff.org,2024-11-24T18:47:22.403016,1,,
http://modern-museum.org.ua/ua/index.htm,2024-11-24T18:47:22.523974,1,,
http://ofam.od.ua/publications/,2024-11-24T18:47:22.528818,1,,
http://www.oseu.edu.ua,2024-11-24T18:47:22.559594,1,,
http://www.turka-crb.edukit.lviv.ua/,2024-11-24T18:47:22.831764,1,,
http://www.holocaust.kiev.ua,2024-11-24T18:47:22.929872,1,,
http://museum-rogatyn.at.ua/,2024-11-24T18:47:23.066445,1,,
http://museum.net.ua,2024-11-24T18:47:23.180060,1,,
https://zounb.zp.ua,2024-11-24T18:47:23.357289,1,,
http://2001.ukrcensus.gov.ua,2024-11-24T18:47:23.481026,1,,
https://www.ck.archives.gov.ua/,2024-11-24T18:47:23.520071,0,,
https://greencubator.info,2024-11-24T18:47:23.696897,1,,
https://glassmuseuminlviv.org/,2024-11-24T18:47:23.715277,1,,
http://www.hneu.edu.ua/,2024-11-24T18:47:23.907837,1,,
http://museumparhomovka.com.ua/,2024-11-24T18:47:24.053126,1,,
http://bumib.edu.ua/uk,2024-11-24T18:47:24.065772,1,,
http://museums.kh.ua/hotkevych,2024-11-24T18:47:24.246871,1,,
http://iliya-monastery.org,2024-11-24T18:47:24.393646,1,,
http://www.kipt.kharkov.ua,2024-11-24T18:47:24.624914,1,,
http://golos-obitely.prihod.ru,2024-11-24T18:47:24.659358,1,,
http://www.oiff.com.ua,2024-11-24T18:47:24.680033,1,,
http://www.tk.te.ua/,2024-11-24T18:47:24.903917,1,,
http://zum.onu.edu.ua/,2024-11-24T18:47:24.930047,1,,
http://www.pu.if.ua,2024-11-24T18:47:25.004968,1,,
https://istznu.org/index.php/journal,2024-11-24T18:47:25.124442,1,,
http://mgarsky-monastery.org,2024-11-24T18:47:25.140105,1,,
https://fip.dp.ua/index.php/FIP,2024-11-24T18:47:25.316899,1,,
http://www.medcollege.te.ua/,2024-11-24T18:47:25.392940,0,,
http://vlch.org,2024-11-24T18:47:25.533671,1,,
http://kumr.edu.ua/,2024-11-24T18:47:25.555388,1,,
http://cdutkonotop.in.ua,2024-11-24T18:47:25.573494,0,,
http://www.antiaids.org,2024-11-24T18:47:25.590105,1,,
http://pfirs.org,2024-11-24T18:47:25.698546,1,,
http://uartlib.org/,2024-11-24T18:47:25.998979,1,,
http://lic25.zosh.zt.ua/,2024-11-24T18:47:26.001475,1,,
http://www.knu.edu.ua,2024-11-24T18:47:26.214824,1,,
http://dptnzkrolev.jimdo.com/,2024-11-24T18:47:26.227808,1,,
http://romny-dytbibl.edukit.sumy.ua/,2024-11-24T18:47:26.236943,1,,
http://memory.chornobylmuseum.kiev.ua/,2024-11-24T18:47:26.509212,1,,
http://museums.lnu.edu.ua/mineralogy,2024-11-24T18:47:26.601870,1,,
https://aviamuseum.com.ua/3d.html,2024-11-24T18:47:26.697655,1,,
http://www.ukma.edu.ua,2024-11-24T18:47:26.752195,1,,
https://odma.edu.ua/,2024-11-24T18:47:26.870326,0,,
https://odma.edu.ua/biblioteka/zagalna-informacziya/biblioteka-v-czyfrah/,2024-11-24T18:47:27.029908,0,,
http://socio-cultural.knukim.edu.ua/,2024-11-24T18:47:27.190903,1,,
http://history.org.ua/uk,2024-11-24T18:47:27.214943,1,,
http://adrenalin.lutsk.ua/,2024-11-24T18:47:27.261861,1,,
"http://www.terioshkola.org.ua/ua/journal.htm, http://terioshkola.org.ua/ua/pts.htm",2024-11-24T18:47:27.368556,1,,
https://center.ucu.edu.ua/biblioteka/,2024-11-24T18:47:27.481340,1,,
http://journal.kdpu.edu.ua/,2024-11-24T18:47:27.784500,1,,
http://proskuriv.info,2024-11-24T18:47:27.840618,1,,
http://museums.lnu.edu.ua/zoology/,2024-11-24T18:47:28.111787,1,,
https://biblioteka.cdu.edu.ua/,2024-11-24T18:47:28.136363,1,,
http://nbuv.gov.ua/j-tit/at,2024-11-24T18:47:28.145959,1,,
https://library.onaft.edu.ua/,2024-11-24T18:47:28.157834,0,,
https://library.khntusg.com.ua/,2024-11-24T18:47:28.176126,1,,
http://artmuz.cv.ua/,2024-11-24T18:47:28.270294,1,,
http://www.nltu.edu.ua/,2024-11-24T18:47:28.367307,1,,
http://library.chersonesos.org/showsection.php?section_code=6,2024-11-24T18:47:28.413244,1,,
https://lnulibrary.lviv.ua/en/about-us-en/,2024-11-24T18:47:28.464693,1,,
http://museums.univ.kiev.ua/lingvo.php,2024-11-24T18:47:28.472127,1,,
https://babynyar.org/ua,2024-11-24T18:47:28.555782,1,,
http://libblog.odmu.edu.ua/,2024-11-24T18:47:28.572288,1,,
http://biblioteka-mayakovskogo.edu.kh.ua/,2024-11-24T18:47:28.667174,1,,
http://museumshevchenko.org.ua/,2024-11-24T18:47:28.774709,1,,
http://melitopol-museum.zp.ua/,2024-11-24T18:47:28.806885,1,,
http://www.case-ukraine.com.ua,2024-11-24T18:47:28.902617,1,,
http://museumtoilet.com.ua/,2024-11-24T18:47:29.054930,1,,
http://www.kp.ua/,2024-11-24T18:47:29.120689,1,,
http://biblioteka-sl-dorosla.jimdo.com/,2024-11-24T18:47:29.199399,1,,
http://libr.knmu.edu.ua/,2024-11-24T18:47:29.462128,1,,
https://lib.nuwm.edu.ua/,2024-11-24T18:47:29.876217,1,,
http://museum.slavyansk.online/,2024-11-24T18:47:29.894308,0,,
https://bibliokruiz.nethouse.ua/,2024-11-24T18:47:29.911653,0,,
http://ephsheir.phdpu.edu.ua/xmlui/,2024-11-24T18:47:29.928638,0,,
http://blazejowskyj.com,2024-11-24T18:47:30.018823,1,,
http://nashazorya.ucoz.ua/,2024-11-24T18:47:30.178338,1,,
https://moksop.org/en/,2024-11-24T18:47:30.209393,1,,
http://library.chersonesos.org/showsection.php?section_code=9,2024-11-24T18:47:30.361202,1,,
http://library.chersonesos.org/showsection.php?section_code=7,2024-11-24T18:47:30.505475,1,,
http://muzey-sevastopol.com/,2024-11-24T18:47:30.506720,1,,
https://st-alexander.livejournal.com/,2024-11-24T18:47:30.534899,1,,
http://library.chersonesos.org/showsection.php?section_code=3,2024-11-24T18:47:30.658911,1,,
http://library.chersonesos.org/showsection.php?section_code=8,2024-11-24T18:47:30.826715,1,,
http://library.chersonesos.org/showsection.php?section_code=4,2024-11-24T18:47:30.962962,1,,
http://www.mubip.org.ua,2024-11-24T18:47:31.171182,1,,
https://drohobych-museum.com/photogallery/,2024-11-24T18:47:31.177194,1,,
https://oriental-world.org.ua/,2024-11-24T18:47:31.279799,1,,
https://collection-lvivgallery.org.ua/en,2024-11-24T18:47:31.586724,1,,
http://opishne-museum.gov.ua/,2024-11-24T18:47:31.596498,1,,
http://protecting-memory-ua.org/,2024-11-24T18:47:31.794407,1,,
http://ostrovskymuseum.at.ua,2024-11-24T18:47:32.025988,1,,
https://gallery-dolls.com.ua/en/,2024-11-24T18:47:32.262492,1,,
https://diasporiana.org.ua/category/mistetstvo/,2024-11-24T18:47:32.296478,1,,
http://dakh.com.ua/,2024-11-24T18:47:32.381774,1,,
https://martyrology.org.ua/,2024-11-24T18:47:32.420345,0,,
http://petr-muzej.at.ua/,2024-11-24T18:47:32.463459,1,,
https://rv.archives.gov.ua/,2024-11-24T18:47:32.596743,1,,
https://cv.archives.gov.ua/,2024-11-24T18:47:32.708218,1,,
"http://www.imath.kiev.ua/~sigma/, http://www.emis.de/journals/sigma/",2024-11-24T18:47:32.729300,1,,
https://www.kadr.kiev.ua/,2024-11-24T18:47:32.748323,0,,
http://nasoa.edu.ua/,2024-11-24T18:47:32.871126,1,,
http://petrykivka.jimdo.com,2024-11-24T18:47:32.894063,1,,
http://davio.gov.ua,2024-11-24T18:47:33.055689,1,,
http://tronkocentr.karazin.ua,2024-11-24T18:47:33.154866,1,,
https://daso.archives.gov.ua/wp-content/earchives/,2024-11-24T18:47:33.202617,1,,
https://korsunzapovidnyk.com.ua,2024-11-24T18:47:33.325025,1,,
https://www.kharkivmedicaluniversity.com,2024-11-24T18:47:33.343215,1,,
http://khpg.org/ru,2024-11-24T18:47:33.423750,1,,
http://pmu.in.ua/,2024-11-24T18:47:33.459008,1,,
http://www.dnu.dp.ua,2024-11-24T18:47:33.902275,1,,
http://prokopovich.com.ua/nacionalnij-muzej-bdzhilnictva/,2024-11-24T18:47:33.986614,1,,
https://lycei1museum.at.ua/,2024-11-24T18:47:34.073959,1,,
http://khntusg.com.ua/,2024-11-24T18:47:34.201265,1,,
http://nsku.ck.ua/,2024-11-24T18:47:34.342146,1,,
http://2001.ukrcensus.gov.ua/rus,2024-11-24T18:47:34.453252,1,,
http://shevchenko-museum.com.ua/,2024-11-24T18:47:34.506310,1,,
http://uvan.org,2024-11-24T18:47:34.718350,1,,
https://slovnyk.ua/,2024-11-24T18:47:34.758458,1,,
http://med.edu.ua,2024-11-24T18:47:34.940633,1,,
https://goroh.pp.ua/,2024-11-24T18:47:34.959567,1,,
http://valky-museum.at.ua/,2024-11-24T18:47:34.988737,1,,
http://www.knlu.kiev.ua/,2024-11-24T18:47:35.213170,1,,
http://hudkult.mari.kiev.ua/,2024-11-24T18:47:35.239289,1,,
http://biblioteka-turgeneva.edu.kh.ua/,2024-11-24T18:47:35.327983,1,,
http://vereschagin.com.ua,2024-11-24T18:47:35.328267,1,,
https://tsdavo.gov.ua/ukrayinska-revolyutsiya-arhivni-hroniky-2/,2024-11-24T18:47:35.366576,1,,
http://sum.in.ua/,2024-11-24T18:47:35.386629,1,,
http://biblioteka.uz.ua/,2024-11-24T18:47:35.470379,1,,
https://pravo.biz.ua/,2024-11-24T18:47:35.471899,0,,
http://chytanka.com.ua/,2024-11-24T18:47:35.636676,1,,
http://pmu.in.ua/category/exhibitions/,2024-11-24T18:47:35.768210,1,,
http://vinnytsia-museum.in.ua/branches/memorial-compex,2024-11-24T18:47:35.895167,1,,
http://book-house.org,2024-11-24T18:47:35.979447,1,,
https://archive.od.gov.ua/,2024-11-24T18:47:36.284368,1,,
http://volodymyrmuseum.com/,2024-11-24T18:47:36.633575,1,,
http://restorer.kiev.ua,2024-11-24T18:47:36.738468,1,,
http://vgosau.kiev.ua/,2024-11-24T18:47:36.878237,1,,
http://www.xtt.kharkov.ua/,2024-11-24T18:47:36.913601,1,,
http://volyn-museum.com.ua/index/zaturcivskij_memorialnij_muzej_v_lipinskogo/0-6,2024-11-24T18:47:37.005199,1,,
http://volyn-kray-mus.at.ua/,2024-11-24T18:47:37.106269,1,,
http://museum.kambio.ua,2024-11-24T18:47:37.181703,1,,
http://volyn-museum.com.ua/news/kovelskij_istorichnij_muzej/1-0-9,2024-11-24T18:47:37.299544,1,,
http://sds.sumy.ua/,2024-11-24T18:47:37.428815,1,,
http://www.aqua-kiev.info,2024-11-24T18:47:37.483279,1,,
http://www.db.geroika.org.ua/ua/home.html,2024-11-24T18:47:37.493262,1,,
http://volyn-museum.com.ua/news/ljubomlskij_kraeznavchij_muzej/1-0-11,2024-11-24T18:47:37.580359,1,,
https://folklore-archive.org.ua/,2024-11-24T18:47:37.839573,1,,
https://libraria.ua/,2024-11-24T18:47:38.301942,1,,
http://www.bkm.zp.ua/mp-index.html,2024-11-24T18:47:38.649301,1,,
http://hatob.com.ua/,2024-11-24T18:47:38.809453,1,,
http://lg.archives.gov.ua/,2024-11-24T18:47:38.811348,1,,
http://www.artmuseum.ks.ua/,2024-11-24T18:47:39.072036,1,,
http://izyum-biblioteka.edu.kh.ua/,2024-11-24T18:47:39.115050,1,,
http://museum.if.ua/museums/r2/22.html,2024-11-24T18:47:39.289716,1,,
http://www.bkm.zp.ua/msh-index.html,2024-11-24T18:47:39.420863,1,,
http://www.getman-museum.kiev.ua/,2024-11-24T18:47:39.519820,0,,
http://www.balletkiev.com/,2024-11-24T18:47:40.029307,1,,
http://www.poradnica.com.ua,2024-11-24T18:47:40.172865,1,,
http://www.history.odessa.ua/,2024-11-24T18:47:40.216689,1,,
https://molodist.com,2024-11-24T18:47:40.457984,1,,
http://www.ifkm.if.ua/index.html,2024-11-24T18:47:40.506395,1,,
http://namu.kiev.ua/,2024-11-24T18:47:40.533076,1,,
http://mcm-tech.kpnu.edu.ua/,2024-11-24T18:47:40.653217,1,,
https://www.lvivart.center/,2024-11-24T18:47:40.731045,1,,
https://vestnmath.dnu.dp.ua,2024-11-24T18:47:40.768783,1,,
http://www.karpenkokarymuseum.kr.ua/,2024-11-24T18:47:40.874126,1,,
http://ojs.tdmu.edu.ua/index.php/here/oai,2024-11-24T18:47:41.151021,1,,
http://www.kokm.kr.ua/,2024-11-24T18:47:41.166513,1,,
http://www.lonckoho.lviv.ua,2024-11-24T18:47:41.304450,1,,
http://zoomuseum.net/,2024-11-24T18:47:41.593147,1,,
http://pochaev.org.ua,2024-11-24T18:47:41.609316,1,,
http://www.maidanmuseum.org/,2024-11-24T18:47:41.616945,1,,
https://bdkm.com.ua/,2024-11-24T18:47:41.620185,0,,
https://avr.org.ua/,2024-11-24T18:47:42.051957,1,,
http://chnpu.edu.ua/faculties/physical-faculty,2024-11-24T18:47:42.153017,1,,
http://www.botany-center.kiev.ua/,2024-11-24T18:47:42.405766,1,,
http://ek.nlu.edu.ua/,2024-11-24T18:47:42.574547,1,,
http://borzna-crb.edukit.cn.ua/,2024-11-24T18:47:42.923026,1,,
http://matbnau.in.ua/kontacts.php,2024-11-24T18:47:42.923148,1,,
http://ufj.ho.ua/,2024-11-24T18:47:43.228646,1,,
https://skhodoznavstvo.org.ua/,2024-11-24T18:47:43.230591,1,,
http://v-khsac.in.ua/,2024-11-24T18:47:43.283355,1,,
http://ea.org.ua,2024-11-24T18:47:43.360076,1,,
https://shustoff.com/,2024-11-24T18:47:43.518384,1,,
http://cbs.km.ua/,2024-11-24T18:47:43.628278,1,,
http://lzdu.zosh.zt.ua/,2024-11-24T18:47:43.712951,1,,
https://okhtyrkamr.gov.ua/міська-рада/заклади-культури/кз-охтирський-міський-краєзнавчий-му/,2024-11-24T18:47:43.754249,1,,
http://kpt.sumdu.edu.ua/,2024-11-24T18:47:43.809606,1,,
http://www.hai-nyzhnyk.in.ua/,2024-11-24T18:47:43.880265,1,,
https://www.filarmonia.odessa.ua/,2024-11-24T18:47:43.918518,1,,
http://slavutichlib.com.ua/,2024-11-24T18:47:44.018534,1,,
http://cbs.ucoz.ua/,2024-11-24T18:47:44.126961,1,,
http://ojs.tdmu.edu.ua/index.php/ijmr/index,2024-11-24T18:47:44.315695,1,,
https://bkmuseum.at.ua/,2024-11-24T18:47:44.391911,1,,
https://uma.lvivcenter.org/uk,2024-11-24T18:47:44.505745,1,,
http://cbsbook.com.ua/,2024-11-24T18:47:44.570073,1,,
https://library.udpu.edu.ua/,2024-11-24T18:47:45.010946,1,,
https://khanenkomuseum.kiev.ua,2024-11-24T18:47:45.080121,0,,
http://culture.pp.ua/,2024-11-24T18:47:45.093674,0,,
http://otp-journal.com.ua,2024-11-24T18:47:45.199477,1,,
https://elfa.archives.gov.ua/,2024-11-24T18:47:45.252315,1,,
http://tomainstytut.org/,2024-11-24T18:47:45.327047,1,,
https://pharmj.org.ua,2024-11-24T18:47:45.515567,1,,
http://hirurgiya.com.ua,2024-11-24T18:47:45.622184,1,,
https://repository.tdmu.edu.ua/,2024-11-24T18:47:45.769246,1,,
http://museum.kh.ua/,2024-11-24T18:47:46.044669,1,,
http://cgntb.dp.ua/,2024-11-24T18:47:46.245163,1,,
http://udpu.org.ua/,2024-11-24T18:47:46.399158,1,,
https://landmarks.in.ua/,2024-11-24T18:47:46.434111,1,,
http://www.aprnu.kharkiv.org/,2024-11-24T18:47:46.503199,1,,
https://lvet.edu.ua/,2024-11-24T18:47:46.567064,1,,
http://vskrynia.com.ua,2024-11-24T18:47:46.826217,1,,
https://ua.vlasenko.net/,2024-11-24T18:47:46.848657,1,,
http://dem-libr.at.ua/,2024-11-24T18:47:46.872547,1,,
http://nam.kiev.ua,2024-11-24T18:47:46.896700,1,,
http://kherson.archives.gov.ua/,2024-11-24T18:47:46.963183,1,,
http://prekrasastudio.com,2024-11-24T18:47:46.967843,1,,
http://www.mena-museum.cn.sch.in.ua,2024-11-24T18:47:47.149789,1,,
https://phm.cuspu.edu.ua/ojs/,2024-11-24T18:47:47.244855,1,,
https://old.honchar.org.ua/,2024-11-24T18:47:47.255313,1,,
http://www.morskojmuzej.kh.ua,2024-11-24T18:47:47.331883,1,,
http://ep3.nuwm.edu.ua/,2024-11-24T18:47:47.603276,1,,
http://library.wunu.edu.ua/,2024-11-24T18:47:47.608255,1,,
https://zamokdubno.com.ua/,2024-11-24T18:47:47.739304,1,,
"http://nuczu.edu.ua/eng/, http://nuczu.edu.ua, http://nuczu.edu.ua/eng/, http://nuczu.edu.ua",2024-11-24T18:47:47.743392,1,,
http://library.odeku.edu.ua/,2024-11-24T18:47:47.896293,0,,
https://kubg.edu.ua/,2024-11-24T18:47:47.949943,1,,
https://khotynska-fortecya.cv.ua/,2024-11-24T18:47:47.976724,1,,
http://museum.khpg.org/,2024-11-24T18:47:48.237767,1,,
http://exp21.com.ua/,2024-11-24T18:47:48.309911,1,,
http://dnpb.gov.ua/,2024-11-24T18:47:48.311766,1,,
http://pytlit.chnu.edu.ua/index.php/2306-2908/oai,2024-11-24T18:47:48.312198,1,,
http://mk.archives.gov.ua/tsifrovyi-arhiv-metrychni-knygy.html,2024-11-24T18:47:48.451144,1,,
http://www.arthousetraffic.com,2024-11-24T18:47:48.527266,1,,
http://rep.btsau.edu.ua,2024-11-24T18:47:48.622401,1,,
https://dlib.ukma.edu.ua/,2024-11-24T18:47:48.641978,1,,
http://radap.kpi.ua/index.php/radiotechnique/oai,2024-11-24T18:47:48.793141,1,,
https://nuft.edu.ua/,2024-11-24T18:47:48.835783,1,,
http://www.vspu.edu.ua/,2024-11-24T18:47:48.891538,1,,
http://eztuir.ztu.edu.ua/,2024-11-24T18:47:48.975646,1,,
http://forlan.org.ua,2024-11-24T18:47:49.073404,1,,
https://library.chnpu.edu.ua/,2024-11-24T18:47:49.150409,1,,
http://heraldchem.onu.edu.ua/,2024-11-24T18:47:49.321554,1,,
https://www.radyvyliv.info/radivilivskij-istrichnij-muzej-vidznachiv-svoye-25-richchya.html,2024-11-24T18:47:49.357560,1,,
http://sb-keip.kpi.ua/index.php/2310-5534/oai,2024-11-24T18:47:49.366433,1,,
http://medicine.dp.ua,2024-11-24T18:47:49.436536,1,,
https://www.mkdu.com.ua/,2024-11-24T18:47:49.548118,1,,
http://ecology.dp.ua/index.php/eco,2024-11-24T18:47:49.550359,1,,
http://dspace.udpu.org.ua/,2024-11-24T18:47:49.573586,1,,
http://elar.khnu.km.ua/jspui/?locale=uk,2024-11-24T18:47:49.810503,0,,
"http://radap.kpi.ua/radiotechnique, http://radap.kpi.ua/, http://radap.kpi.ua/radiotechnique, http://radap.kpi.ua/",2024-11-24T18:47:49.926587,1,,
http://khanenkomuseum.kiev.ua/,2024-11-24T18:47:50.105953,1,,
http://openarchive.nure.ua/,2024-11-24T18:47:50.332045,1,,
http://reproduct-endo.com/,2024-11-24T18:47:50.698018,1,,
http://www.dua.com.ua/,2024-11-24T18:47:50.758591,1,,
http://www.dstu.dp.ua/,2024-11-24T18:47:51.316362,1,,
http://pokrlib.at.ua/,2024-11-24T18:47:51.316533,1,,
http://eadnurt.diit.edu.ua,2024-11-24T18:47:51.340046,1,,
http://www.dsfa.dp.ua,2024-11-24T18:47:51.348997,0,,
http://www.dsau.dp.ua/,2024-11-24T18:47:51.474556,1,,
http://verchovynastr.at.ua,2024-11-24T18:47:51.910046,1,,
http://dobm.dp.ua/,2024-11-24T18:47:51.931750,1,,
http://www.kpi.kharkov.ua/,2024-11-24T18:47:52.151420,1,,
http://vernisaz.blogspot.com/,2024-11-24T18:47:52.241428,1,,
http://resource.history.org.ua/cgi-bin/eiu/history.exe?I21DBN=EJRN&P21DBN=EJRN&S21SRW=name&S21SRD=UP&S21REF=10&S21CNR=50&S21STN=1&S21FMT=j_brief&C21COM=S&2_S21P03=VTYP=&2_S21STR=J,2024-11-24T18:47:52.254324,1,,
http://www.lhm.lviv.ua/,2024-11-24T18:47:52.354390,1,,
http://www.reabit.org.ua/,2024-11-24T18:47:52.368956,1,,
http://ev.fmm.kpi.ua,2024-11-24T18:47:52.375310,1,,
"http://historypages.kpi.ua/, http://history-pages.kpi.ua/, http://historypages.kpi.ua/, http://history-pages.kpi.ua/",2024-11-24T18:47:52.675339,1,,
https://archive.kyivcity.gov.ua/index.php/dovidkovyi-aparat/opysy/495,2024-11-24T18:47:52.752758,1,,
https://digital.warmuseum.kiev.ua/,2024-11-24T18:47:52.774254,0,,
https://lia.lvivcenter.org/uk/objects/lychakiv-cemetery/,2024-11-24T18:47:53.741515,1,,
https://oldnecropolis.wordpress.com/,2024-11-24T18:47:53.904452,1,,
http://dspace.kntu.kr.ua/oai/request,2024-11-24T18:47:54.104822,1,,
http://planetarium-kharkov.org/,2024-11-24T18:47:54.116535,1,,
http://tea-atr.com/,2024-11-24T18:47:54.293621,1,,
http://design.org.ua,2024-11-24T18:47:54.321667,0,,
http://infiz.dp.ua/,2024-11-24T18:47:54.415378,1,,
http://journals.pnu.edu.ua/index.php/aprde,2024-11-24T18:47:54.471006,1,,
https://arheologia.com.ua/index.php/arheologia,2024-11-24T18:47:54.539733,1,,
http://eejp.univer.kharkov.ua,2024-11-24T18:47:54.579944,1,,
http://elar.nung.edu.ua/,2024-11-24T18:47:54.586279,1,,
https://journals.onaft.edu.ua/,2024-11-24T18:47:54.587433,0,,
http://artedu.uz.ua/zakad.html,2024-11-24T18:47:54.883325,1,,
http://ka.ukma.edu.ua/index.php/1995-025X/oai,2024-11-24T18:47:54.891274,1,,
"http://e-apsnim.bsmu.edu.ua/, http://apsnim.bsmu.edu.ua/, http://e-apsnim.bsmu.edu.ua/, http://apsnim.bsmu.edu.ua/",2024-11-24T18:47:55.174784,1,,
http://znamensky-mon.church.ua/,2024-11-24T18:47:55.211089,1,,
http://musical-art.knukim.edu.ua/,2024-11-24T18:47:55.251764,1,,
http://dunbibliot.hol.es/,2024-11-24T18:47:55.256740,0,,
http://gasprinskylibrary.ru/,2024-11-24T18:47:55.632433,1,,
http://www.surgery.org.ua,2024-11-24T18:47:55.771597,1,,
http://sergeevka-mon.church.ua/,2024-11-24T18:47:55.904507,1,,
http://glukhivlibrary.at.ua/,2024-11-24T18:47:56.063061,1,,
https://zarichevo-mon.church.ua/,2024-11-24T18:47:56.497775,1,,
http://izcrb.at.ua/,2024-11-24T18:47:56.601842,1,,
http://k-o.cbsdarniza.com.ua/,2024-11-24T18:47:56.622055,0,,
http://k-prcbs2009.webnode.ru/,2024-11-24T18:47:56.781229,1,,
http://kazatin-lib.org.ua,2024-11-24T18:47:56.956603,1,,
http://khonmb.org.ua,2024-11-24T18:47:57.045562,0,,
http://kitaevo.church.ua/,2024-11-24T18:47:57.174379,1,,
http://cpto.com.ua/,2024-11-24T18:47:57.798762,1,,
http://librinfosciences.knukim.edu.ua/,2024-11-24T18:47:57.880459,1,,
https://www.uaportal.com,2024-11-24T18:47:57.946980,1,,
http://sit.nuou.org.ua,2024-11-24T18:47:58.629068,1,,
http://eustudies.history.knu.ua/,2024-11-24T18:47:58.678705,1,,
https://lma.edu.ua/,2024-11-24T18:47:58.696008,1,,
http://aspects.org.ua/,2024-11-24T18:47:58.749002,1,,
http://zorilebucovinei.com,2024-11-24T18:47:58.826144,1,,
https://bashtanskaotg.gov.ua/enterprises-registry/komunalna-ustanova-bashtanski-kraznavchi-muze,2024-11-24T18:47:58.907499,1,,
"https://karazin.ua/en/kultura/muzei-prirodi/, http://muzei-prirody.blogspot.com/",2024-11-24T18:47:58.998668,1,,
https://www.znu.edu.ua/ukr/university/11929,2024-11-24T18:47:59.114619,0,,
http://www.kname.edu.ua,2024-11-24T18:47:59.190688,0,,
http://vb.vpba.edu.ua/,2024-11-24T18:47:59.317241,1,,
http://georgievsky-mon.church.ua/,2024-11-24T18:47:59.328644,1,,
https://liskmuseum.at.ua/,2024-11-24T18:47:59.561983,1,,
https://soloma.libraries.kiev.ua/biblioteka/biblioteka-im-f-m-dostoevskogo/,2024-11-24T18:47:59.763039,1,,
https://volnomuseum.wordpress.com/,2024-11-24T18:47:59.885188,1,,
https://zp.edu.ua/,2024-11-24T18:47:59.928993,1,,
http://www.icyb.kiev.ua/?lang=en,2024-11-24T18:47:59.966310,0,,
http://feodor.church.ua/,2024-11-24T18:48:00.187135,1,,
https://skadovsk3d.com/item/museum/,2024-11-24T18:48:00.254028,1,,
http://palace-ukraine.com/,2024-11-24T18:48:00.287586,1,,
http://koriukivka-crb.edukit.cn.ua/,2024-11-24T18:48:00.371224,1,,
http://korslib.net/,2024-11-24T18:48:00.387314,0,,
https://zavorychi.church.ua/,2024-11-24T18:48:00.739531,1,,
http://krasylivcrb.at.ua/,2024-11-24T18:48:00.874390,1,,
https://www.barceramic.org.ua/,2024-11-24T18:48:00.935975,1,,
https://www.gallery.pl.ua/,2024-11-24T18:48:00.953391,1,,
http://docudays.org.ua/,2024-11-24T18:48:01.186301,1,,
https://zokm.jimdofree.com/,2024-11-24T18:48:01.210981,1,,
https://sudak-museum.ru/ru/muzej-dacha-funka.html,2024-11-24T18:48:01.347050,1,,
http://www.lib.nau.edu.ua/oldbooksn/,2024-11-24T18:48:01.357068,1,,
http://international-relations.knukim.edu.ua/,2024-11-24T18:48:01.414767,1,,
http://lib-sed.at.ua/,2024-11-24T18:48:01.461058,1,,
http://www.ufd.ua,2024-11-24T18:48:01.497717,0,,
http://ifds.org.ua/main.html,2024-11-24T18:48:01.516287,0,,
http://www.ive.org.ua,2024-11-24T18:48:01.658905,1,,
http://www.neuro.kiev.ua,2024-11-24T18:48:01.865813,1,,
http://ojs.kgpa.km.ua/,2024-11-24T18:48:02.034338,1,,
http://lib.dndz.gov.ua/,2024-11-24T18:48:02.086102,1,,
https://ujvas.com.ua/,2024-11-24T18:48:02.208822,1,,
https://new.meduniv.lviv.ua/pidrozdily/muzei/,2024-11-24T18:48:02.443386,1,,
http://txim.history.knu.ua,2024-11-24T18:48:02.532167,1,,
http://inephrology.kiev.ua/,2024-11-24T18:48:02.702178,1,,
http://www.ittf.kiev.ua,2024-11-24T18:48:02.955333,1,,
http://lib.if.ua,2024-11-24T18:48:02.972516,1,,
http://i-soc.com.ua/ukr/index.php,2024-11-24T18:48:03.242081,1,,
https://npu.edu.ua,2024-11-24T18:48:03.461865,1,,
http://biph.kiev.ua,2024-11-24T18:48:03.473480,1,,
http://ae.fl.kpi.ua/,2024-11-24T18:48:03.639161,1,,
https://philology.knu.ua/,2024-11-24T18:48:03.991618,1,,
http://np.nbuv.gov.ua/en,2024-11-24T18:48:04.104412,1,,
http://www.filosof.com.ua/,2024-11-24T18:48:04.111403,1,,
http://phil.duan.edu.ua/index.php/uk,2024-11-24T18:48:04.135075,1,,
http://kinofest.g-2b.com/,2024-11-24T18:48:04.276770,1,,
http://www.knukim.edu.ua,2024-11-24T18:48:04.421031,1,,
http://www.kcu.org.ua/,2024-11-24T18:48:04.447417,0,,
http://jpl.donnu.edu.ua/,2024-11-24T18:48:04.501447,1,,
http://iitlt.gov.ua/,2024-11-24T18:48:04.502001,1,,
https://visnyk-irpin.com.ua/,2024-11-24T18:48:04.696407,1,,
http://www.kntu.kr.ua,2024-11-24T18:48:04.880465,1,,
http://lib.nuos.edu.ua/,2024-11-24T18:48:05.189019,1,,
http://bibl-osnov.edu.kh.ua/,2024-11-24T18:48:05.277933,1,,
http://www.atngu.dp.ua/,2024-11-24T18:48:05.324650,1,,
http://lib.pntu.edu.ua/,2024-11-24T18:48:05.351828,1,,
http://skhid.kubg.edu.ua/,2024-11-24T18:48:05.416712,1,,
http://knukim.edu.ua/wp-content/uploads/2014/04/unesko.pdf,2024-11-24T18:48:05.417455,1,,
http://umsf.dp.ua/,2024-11-24T18:48:05.623321,1,,
http://minregion.gov.ua,2024-11-24T18:48:05.697640,1,,
http://vifbs.in.ua/,2024-11-24T18:48:05.767179,1,,
http://elc.kpi.ua,2024-11-24T18:48:05.834100,1,,
http://jvestnik-politology.donnu.edu.ua/,2024-11-24T18:48:05.947861,1,,
http://lssp.dspu.edu.ua/,2024-11-24T18:48:05.952691,0,,
http://apspp.soc.univ.kiev.ua/index.php/home,2024-11-24T18:48:06.187521,1,,
http://pedpsy.duan.edu.ua/,2024-11-24T18:48:06.404732,1,,
http://vasilkov.info/index.php?go=Files&in=cat&id=12,2024-11-24T18:48:06.568083,1,,
http://www.komanda.com.ua,2024-11-24T18:48:06.657103,1,,
http://press.ucu.edu.ua/,2024-11-24T18:48:06.776394,1,,
http://www.kdu.edu.ua/,2024-11-24T18:48:06.963627,0,,
http://ounb.lutsk.ua,2024-11-24T18:48:07.610347,1,,
http://lgaki.info/,2024-11-24T18:48:08.551451,1,,
http://www.luguniv.edu.ua,2024-11-24T18:48:08.767184,1,,
http://www.vtei.com.ua/,2024-11-24T18:48:08.792597,1,,
http://lutsk-ntu.com.ua,2024-11-24T18:48:08.859498,1,,
http://www.library.mk.ua,2024-11-24T18:48:08.915886,1,,
http://www.lnam.edu.ua/,2024-11-24T18:48:09.001571,1,,
http://vnnie.tneu.edu.ua/,2024-11-24T18:48:09.107123,1,,
https://tnpu.edu.ua/vyhovna%20robota/muzey.php,2024-11-24T18:48:09.634081,1,,
http://ways.knuba.edu.ua/,2024-11-24T18:48:09.793843,1,,
http://dut.edu.ua/,2024-11-24T18:48:09.865929,1,,
http://www.odessaphilharmonic.org,2024-11-24T18:48:09.957237,0,,
http://vestnikzgia.com.ua/,2024-11-24T18:48:10.024636,1,,
http://mse.dnu.dp.ua/,2024-11-24T18:48:10.025445,1,,
http://ispcjournal.org/,2024-11-24T18:48:10.153744,1,,
http://ibc-uaas.at.ua/,2024-11-24T18:48:10.423353,1,,
http://www.nbg.kiev.ua/en/,2024-11-24T18:48:10.439168,1,,
http://kosenko.com.ua/,2024-11-24T18:48:10.445163,0,,
http://zppl.org.ua/,2024-11-24T18:48:10.569760,1,,
http://pytlit.chnu.edu.ua/,2024-11-24T18:48:10.719130,1,,
https://www.lvduvs.edu.ua/,2024-11-24T18:48:10.788053,1,,
https://kam.edu.ua/,2024-11-24T18:48:10.789656,1,,
http://library.lnu.edu.ua/bibl/,2024-11-24T18:48:10.822167,0,,
http://botanicgarden.lnu.edu.ua/,2024-11-24T18:48:10.879554,1,,
http://www.dance-academy.com.ua,2024-11-24T18:48:10.899488,1,,
http://inneco.org/,2024-11-24T18:48:10.995039,1,,
https://zmfk.zt.ua/,2024-11-24T18:48:11.065949,1,,
http://journal.sops.gov.ua/,2024-11-24T18:48:11.081744,1,,
https://ukroj.com/,2024-11-24T18:48:11.198598,1,,
https://e-medjournal.com,2024-11-24T18:48:11.255108,1,,
https://www.kpba.edu.ua/,2024-11-24T18:48:11.331142,1,,
https://xapkpdaa.org.ua,2024-11-24T18:48:11.340111,0,,
http://www.kispp.com/,2024-11-24T18:48:11.453438,1,,
https://muzeynauki.net/,2024-11-24T18:48:11.509909,1,,
http://www.evangelts.org/,2024-11-24T18:48:11.537839,1,,
http://insight.journal.kspu.edu/,2024-11-24T18:48:11.794219,1,,
http://journals.uran.ua/,2024-11-24T18:48:12.044495,1,,
https://xn----8sbfkobckofaskby8kve.xn--p1ai/muzei-zapovednika/dom-muzej-m-voloshina/,2024-11-24T18:48:12.076321,1,,
http://www.kvpubd.com,2024-11-24T18:48:12.159246,1,,
http://www.ukma.kiev.ua,2024-11-24T18:48:12.192388,1,,
http://bizukiv.ks.ua/,2024-11-24T18:48:12.192592,1,,
http://www.kogpi.edu.te.ua,2024-11-24T18:48:12.208715,0,,
http://www.meduniv.lviv.ua,2024-11-24T18:48:12.230646,1,,
https://etno-selo.com.ua/,2024-11-24T18:48:12.267860,1,,
http://archaeologicalmuseum.ra.ck.ua/,2024-11-24T18:48:12.311861,0,,
http://ejsit-journal.com/,2024-11-24T18:48:12.439656,1,,
https://khrife-journal.org/,2024-11-24T18:48:12.621512,1,,
http://www.rada.gov.ua/en,2024-11-24T18:48:12.691167,1,,
http://mk.archives.gov.ua,2024-11-24T18:48:12.807337,1,,
http://www.ocntt.dp.ua/,2024-11-24T18:48:12.819959,1,,
http://panorama.pl.ua/,2024-11-24T18:48:12.907308,1,,
http://gileya.org/,2024-11-24T18:48:12.969778,1,,
http://repository.sspu.sumy.ua/,2024-11-24T18:48:13.046934,1,,
http://artmuseum.dp.ua/,2024-11-24T18:48:13.146987,1,,
http://195.64.191.106:8080/,2024-11-24T18:48:13.171348,0,,
http://library.pl.ua/,2024-11-24T18:48:13.173228,1,,
http://iliya-monastery.org/blog/,2024-11-24T18:48:13.499731,1,,
http://komu.dp.ua/,2024-11-24T18:48:13.524309,1,,
http://maup.dp.ua/,2024-11-24T18:48:13.563009,1,,
http://br-museum.at.ua/,2024-11-24T18:48:13.582184,1,,
http://cbr.nature.org.ua/museum.htm,2024-11-24T18:48:13.963290,1,,
https://www.duet.edu.ua/,2024-11-24T18:48:13.972611,1,,
http://nmedcol.com.ua/,2024-11-24T18:48:13.989713,1,,
http://ir.nmu.org.ua/,2024-11-24T18:48:14.033767,1,,
http://chigirinzapovidnyk.org.ua/index.php?option=com_content&view=article&id=83:2012-02-27-14-34-06&catid=62:2012-02-09-08-33-39&Itemid=86,2024-11-24T18:48:14.112976,1,,
http://www.zmapo.edu.ua,2024-11-24T18:48:14.129010,1,,
http://www.kadety.org.ua/,2024-11-24T18:48:14.266908,1,,
http://kreshchatik-mon.church.ua/,2024-11-24T18:48:14.328876,1,,
http://pgasa.dp.ua/,2024-11-24T18:48:14.395016,1,,
https://duit.edu.ua/,2024-11-24T18:48:14.418111,1,,
http://www.kmy.org.ua,2024-11-24T18:48:14.475939,1,,
http://ckoblmuz.ck.ua/,2024-11-24T18:48:14.856820,1,,
http://www.donnaba.edu.ua/,2024-11-24T18:48:14.969242,1,,
http://medcollege.kr.ua/,2024-11-24T18:48:15.179118,1,,
http://mmk.ucoz.org/,2024-11-24T18:48:15.216338,1,,
http://medcolpo.lviv.ua,2024-11-24T18:48:15.308073,1,,
https://www.rbklb.at.ua/,2024-11-24T18:48:15.419753,0,,
http://khpg.org,2024-11-24T18:48:15.454812,1,,
http://omlk.com.ua/,2024-11-24T18:48:15.478535,0,,
http://obitel.kh.ua/,2024-11-24T18:48:15.538027,1,,
https://ntsh.org/,2024-11-24T18:48:15.593909,1,,
http://makvisti.com/,2024-11-24T18:48:15.622516,0,,
http://journal.mmi.kpi.ua/,2024-11-24T18:48:15.773900,1,,
http://kdidpmid.edu.ua/,2024-11-24T18:48:15.789626,1,,
http://studyty.org.ua/,2024-11-24T18:48:15.829041,1,,
http://dax.com.ua/ru/,2024-11-24T18:48:15.835921,1,,
http://memory.ucoz.ua/,2024-11-24T18:48:15.836036,1,,
http://bibliotekald.at.ua/,2024-11-24T18:48:15.919334,1,,
http://min.od.ua/,2024-11-24T18:48:15.957250,1,,
http://glmed.org.ua/,2024-11-24T18:48:15.987840,1,,
http://www.mgarsky-monastery.org.ua,2024-11-24T18:48:16.006877,1,,
https://vk.com/museumsex,2024-11-24T18:48:16.053439,1,,
http://vsobetskyy.wixsite.com/wetheater,2024-11-24T18:48:16.131087,1,,
https://archdep.zht.gov.ua/,2024-11-24T18:48:16.431895,1,,
https://archive.lviv.ua/,2024-11-24T18:48:16.475210,1,,
http://med.sumdu.edu.ua,2024-11-24T18:48:16.603063,1,,
http://ostrohcastle.com.ua/,2024-11-24T18:48:16.972502,1,,
http://palace.kiev.ua,2024-11-24T18:48:17.063355,1,,
http://www.dgma.donetsk.ua/,2024-11-24T18:48:17.091450,1,,
http://www.tyz.dn.ua/,2024-11-24T18:48:17.101245,1,,
https://lviv-lychakiv.com.ua/en/,2024-11-24T18:48:17.148425,1,,
http://www.chmnu.edu.ua/,2024-11-24T18:48:17.183139,1,,
http://kppk.com.ua,2024-11-24T18:48:17.191462,1,,
http://dovzhenkofilm.com.ua/,2024-11-24T18:48:17.300805,1,,
http://dsum.edu.ua/,2024-11-24T18:48:17.458718,0,,
http://www.adidonntu.ru/,2024-11-24T18:48:17.587015,0,,
http://www.kul.kiev.ua/,2024-11-24T18:48:17.605268,1,,
http://www.dramteatr.uz.ua,2024-11-24T18:48:17.632275,1,,
http://www.donnu.edu.ua/en/,2024-11-24T18:48:17.724086,1,,
https://mukachevoteatre.wordpress.com/,2024-11-24T18:48:17.811134,1,,
http://www.kinokiev.com/cinemas/leningrad/,2024-11-24T18:48:17.853530,1,,
http://imsu-zhytomyr.com/,2024-11-24T18:48:17.875511,1,,
http://kutep.ua/ua,2024-11-24T18:48:17.902853,1,,
https://religion.in.ua/,2024-11-24T18:48:18.099968,1,,
https://multiplex.ua/,2024-11-24T18:48:18.118855,1,,
https://rivne-city.com/ua/tag-knyazivska-oranzhereya-na-vulici-dragomanova,2024-11-24T18:48:18.391510,1,,
http://mdu.in.ua/,2024-11-24T18:48:18.434777,1,,
https://www.mundm.kiev.ua/,2024-11-24T18:48:18.443737,1,,
https://locnt.com.ua/,2024-11-24T18:48:18.578003,1,,
http://greentheatre.com.ua/,2024-11-24T18:48:18.680247,1,,
https://gp.org.ua,2024-11-24T18:48:18.805088,0,,
https://pektoral.com.ua/,2024-11-24T18:48:18.859909,1,,
http://dnpb.gov.ua/ua/,2024-11-24T18:48:18.894897,1,,
http://school22.com.ua/,2024-11-24T18:48:18.938247,1,,
http://www.rukh.team,2024-11-24T18:48:18.946425,1,,
https://www.en.gov.ua/msykiy-palac-kulyturi-suchasnik,2024-11-24T18:48:19.008064,1,,
http://kinoukraina.zt.ua/,2024-11-24T18:48:19.054460,1,,
http://lug-theatre.narod.ru/sajt/ind.htm,2024-11-24T18:48:19.145857,1,,
http://poshuk-lviv.org.ua,2024-11-24T18:48:19.268759,1,,
http://kiaf.com.ua/,2024-11-24T18:48:19.314984,1,,
http://medlib.bsmu.edu.ua/,2024-11-24T18:48:19.330863,0,,
"https://uesit.org.ua/index.php/itse, https://uesit.org.ua, https://uesit.org.ua/index.php/itse, https://uesit.org.ua, https://uesit.org.ua/index.php/itse, https://uesit.org.ua",2024-11-24T18:48:19.439947,0,,
http://www.kymu.edu.ua,2024-11-24T18:48:19.554796,1,,
http://www.zakliceypvfp.com.ua/,2024-11-24T18:48:19.741151,1,,
http://www.ieenas.org/,2024-11-24T18:48:19.873037,1,,
http://www.kse.org.ua/,2024-11-24T18:48:19.954726,1,,
http://www.nashagazeta.com.ua,2024-11-24T18:48:20.006866,1,,
https://www.chernigiv-rada.gov.ua/,2024-11-24T18:48:20.108821,1,,
http://www.teatr.rv.ua/,2024-11-24T18:48:20.173738,1,,
http://nkddau.org.ua,2024-11-24T18:48:20.304035,1,,
http://www.vpu3.cv.ua/,2024-11-24T18:48:20.376542,1,,
https://ptu8.cv.ua/,2024-11-24T18:48:20.605507,1,,
http://www.vereschagin.com.ua/ru/ochakov/kollekcziya.html,2024-11-24T18:48:20.646259,1,,
http://muzteatr.net/,2024-11-24T18:48:20.654891,1,,
http://dat-dn.ru/,2024-11-24T18:48:20.700239,1,,
http://www.nmt.org.ua,2024-11-24T18:48:20.720260,1,,
http://ipag-kiev.org.ua/,2024-11-24T18:48:20.726554,1,,
https://daso.archives.gov.ua/,2024-11-24T18:48:20.801349,1,,
https://zu.edu.ua/,2024-11-24T18:48:21.023287,1,,
https://drohobych-museum.com/pro-nas/,2024-11-24T18:48:21.081086,1,,
http://al.lg.ua/ua/soc_sf/kultura/museums.php,2024-11-24T18:48:21.142698,1,,
https://babayelka.kr.ua/,2024-11-24T18:48:21.288788,1,,
https://kuindzycentre.wixsite.com/centre-ku,2024-11-24T18:48:21.352283,1,,
http://www.khpg.org,2024-11-24T18:48:21.413040,1,,
http://teatrlesi.lviv.ua,2024-11-24T18:48:21.462203,1,,
https://www.reabit.org.ua,2024-11-24T18:48:21.540214,1,,
http://www.hi-phi.org.ua,2024-11-24T18:48:21.565886,1,,
https://ksmrus.ru/,2024-11-24T18:48:21.643615,1,,
http://artyomsalt.dn.ua/,2024-11-24T18:48:21.662637,0,,
https://ztu.edu.ua/,2024-11-24T18:48:21.679734,1,,
https://tsdial.archives.gov.ua/,2024-11-24T18:48:21.711487,1,,
http://eubam.org,2024-11-24T18:48:21.721429,1,,
http://vmurol.zt.ua/,2024-11-24T18:48:21.834317,0,,
http://leninskiy.lg.ua,2024-11-24T18:48:21.850977,0,,
https://philharmonic.com.ua/,2024-11-24T18:48:21.852931,1,,
http://pdatu.edu.ua,2024-11-24T18:48:21.894501,1,,
http://www.teatrmolodi.zp.ua/,2024-11-24T18:48:22.122551,1,,
https://teatr.dp.ua/,2024-11-24T18:48:22.130139,0,,
http://garden.gov.ua,2024-11-24T18:48:22.181609,1,,
http://www.zhim.org.ua/,2024-11-24T18:48:22.184116,1,,
http://philharmonic.lg.ua/,2024-11-24T18:48:22.324462,1,,
http://cvpur.cv.ua/,2024-11-24T18:48:22.332668,1,,
http://www.pdaa.edu.ua,2024-11-24T18:48:22.465728,1,,
http://www.nota.net.ua/,2024-11-24T18:48:22.501639,1,,
https://msu.edu.ua/library/,2024-11-24T18:48:22.538267,1,,
http://collection.litme.com.ua/pobjects/%D0%AF%D0%BD%D0%BE%D0%B2%D1%81%D1%8C%D0%BA%D0%B8%D0%B9%20%D0%AE.,2024-11-24T18:48:22.540856,0,,
http://chic.cv.ua/,2024-11-24T18:48:22.592949,1,,
http://slavuta-mvk.info/,2024-11-24T18:48:22.633729,1,,
http://zsmu.edu.ua/,2024-11-24T18:48:22.692315,1,,
http://www.ript.com.ua/index.php,2024-11-24T18:48:22.706756,1,,
http://teatr-aktor.kiev.ua/,2024-11-24T18:48:22.740498,1,,
http://discovering.chersonesos.org/,2024-11-24T18:48:22.785305,1,,
http://www.tsatu.edu.ua/,2024-11-24T18:48:22.875461,1,,
http://holocaustmuseum.kharkov.ua/,2024-11-24T18:48:22.903991,1,,
https://www.volynnews.com,2024-11-24T18:48:23.048793,1,,
https://www.zieit.edu.ua/,2024-11-24T18:48:23.067742,1,,
http://www.sttc.rv.ua/,2024-11-24T18:48:23.073754,1,,
http://dspace.kntu.kr.ua/,2024-11-24T18:48:23.123910,1,,
http://ilurat.spbu.ru/content/index.htm,2024-11-24T18:48:23.200678,1,,
https://selo.pl.ua/,2024-11-24T18:48:23.264792,1,,
http://myrmekion.ru/,2024-11-24T18:48:23.343168,1,,
http://www.library.univ.kiev.ua/eng/title4.php3,2024-11-24T18:48:23.359074,1,,
http://www.zankovetska.com.ua/,2024-11-24T18:48:23.498664,1,,
http://slovoprosvity.org/,2024-11-24T18:48:23.499274,1,,
http://mgz.com.ua/,2024-11-24T18:48:23.523722,0,,
http://e-u.in.ua/ua/,2024-11-24T18:48:23.652619,1,,
http://onestreet.kiev.ua/,2024-11-24T18:48:23.674039,1,,
http://nbuv.gov.ua/j-tit/agrno,2024-11-24T18:48:23.698389,1,,
http://askania-nova-zapovidnik.gov.ua/en/,2024-11-24T18:48:23.807549,1,,
http://designcollege.cv.ua/,2024-11-24T18:48:24.013823,1,,
http://izium-cbs.edu.kh.ua,2024-11-24T18:48:24.922298,1,,
http://gntn.kr.ua/,2024-11-24T18:48:26.315897,1,,
http://www.risu.org.ua,2024-11-24T18:48:27.423874,0,,
http://www.ombudsman.kiev.ua,2024-11-24T18:48:27.794372,0,,
http://filarm.vn.ua/,2024-11-24T18:48:27.843616,0,,
http://www.dsum.edu.ua,2024-11-24T18:48:28.013798,0,,
http://college.cv.ua,2024-11-24T18:48:28.050713,0,,
https://sspu.edu.ua/,2024-11-24T18:48:28.378646,1,,
https://www.ranukraine.com/,2024-11-24T18:48:28.386348,1,,
http://www.irce.onaft.edu.ua/,2024-11-24T18:48:28.413382,0,,
http://www.onaft.edu.ua,2024-11-24T18:48:28.433872,0,,
http://ipmgu.dn.ua/index.php/mks/mks-bibliotek,2024-11-24T18:48:28.957867,0,,
http://lduvs.edu.ua,2024-11-24T18:48:30.383975,0,,
http://www.pochaev.org.ua/,2024-11-24T18:48:31.132065,1,,
http://www.greentheat.re/,2024-11-24T18:48:31.621639,0,,
http://www.ofam.org.ua,2024-11-24T18:48:31.623185,0,,
http://www.kyivhistorymuseum.org/uk/kolektsiya-muzeyu,2024-11-24T18:48:31.722671,0,,
http://nau.edu.ua/,2024-11-24T18:48:31.906386,0,,
http://www.pdpu.edu.ua,2024-11-24T18:48:32.052375,0,,
http://bukovinchiki.cv.ua/,2024-11-24T18:48:32.088917,0,,
http://sevmuz.lg.ua,2024-11-24T18:48:32.423936,0,,
http://www.onma.edu.ua,2024-11-24T18:48:32.471214,0,,
http://www.davniyhalych.com.ua/,2024-11-24T18:48:33.050252,0,,
http://www.metro.kyiv.ua/,2024-11-24T18:48:35.260488,0,,
http://history.franko.lviv.ua/,2024-11-24T18:48:35.658318,0,,
https://bulgakovmuseum.com/,2024-11-24T18:48:35.749471,0,,
https://goloszmin.org,2024-11-24T18:48:35.830692,0,,
http://xutir-savky.com.ua/,2024-11-24T18:48:35.924303,0,,
http://bazar.nikolaev.ua,2024-11-24T18:48:35.946076,0,,
http://www.lp.edu.ua,2024-11-24T18:48:36.086644,0,,
http://www.bsmu.edu.ua/,2024-11-24T18:48:36.185398,0,,
http://tvuk.at.ua,2024-11-24T18:48:36.465117,0,,
http://www.odeku.edu.ua,2024-11-24T18:48:36.509295,0,,
http://www.tikva.odessa.ua,2024-11-24T18:48:36.528294,0,,
https://artsvit.dp.ua/,2024-11-24T18:48:37.100078,0,,
https://mkip.gov.ua/,2024-11-24T18:48:38.458761,0,,
https://vue.gov.ua/%D0%93%D0%BE%D0%BB%D0%BE%D0%B2%D0%BD%D0%B0_%D1%81%D1%82%D0%BE%D1%80%D1%96%D0%BD%D0%BA%D0%B0,2024-11-24T18:48:39.203953,0,,
https://www.filarmonia.com.ua/,2024-11-24T18:48:39.295350,0,,
https://lib.iitta.gov.ua/,2024-11-24T18:48:39.696851,0,,
http://archivelviv.gov.ua/,2024-11-24T18:48:39.703605,0,,
http://www.rusdrama.kh.ua,2024-11-24T18:48:39.723931,0,,
https://goldenukr.com.ua/,2024-11-24T18:48:39.770473,0,,
http://lib.vntu.edu.ua,2024-11-24T18:48:39.880749,0,,
https://sad.ukr.bio/ua/articles/7513/,2024-11-24T18:48:39.961817,0,,
http://chtdum.if.ua/,2024-11-24T18:48:39.985808,0,,
http://www.bukuniver.edu.ua/,2024-11-24T18:48:40.230345,0,,
http://www.tisit.edu.ua/,2024-11-24T18:48:40.502945,0,,
https://www.karpaty.info/en/recreation/tourservice/museum/,2024-11-24T18:48:41.147408,0,,
https://knute.edu.ua/,2024-11-24T18:48:42.640590,0,,
http://dnipro.univ.kiev.ua/,2024-11-24T18:48:43.330966,0,,
http://www.pysar.net/,2024-11-24T18:48:43.736494,0,,
http://lib.npu.edu.ua/resursy/fondy-ta-kolektsii,2024-11-24T18:48:43.741725,0,,
http://tyz.kharkov.ua/,2024-11-24T18:48:43.758080,0,,
http://www.beregszasziszinhaz.com.ua,2024-11-24T18:48:43.762652,0,,
https://history.korolenko.kharkov.com/budivlja-biblioteki/; https://korolenko.kharkov.com/,2024-11-24T18:48:43.802092,0,,
http://www.library.lg.ua,2024-11-24T18:48:43.922433,0,,
https://ocnt.com.ua/,2024-11-24T18:48:44.024489,0,,
http://www.mfa.gov.ua,2024-11-24T18:48:44.151715,0,,
http://chtei-knteu.cv.ua/ua/index/,2024-11-24T18:48:44.266872,0,,
http://odmu.edu.ua/,2024-11-24T18:48:44.588145,0,,
https://pavlogradmrada.dp.gov.ua/news/pavlogradskijj-istoriko-kraevedcheskijj-muzejj.html,2024-11-24T18:48:45.070874,0,,
https://museum-truskavets.in.ua/,2024-11-24T18:48:45.186093,0,,
http://vpbm.com.ua/,2024-11-24T18:48:46.728260,0,,
https://theatre.love/,2024-11-24T18:48:47.288528,0,,
http://www.oreya.org/,2024-11-24T18:48:47.377257,0,,
http://region.in.ua/elisavetgradmuseum.kr.ua/,2024-11-24T18:48:47.763917,0,,
http://teatr-romans.com.ua/,2024-11-24T18:48:47.785245,0,,
https://www.istpravda.com.ua/,2024-11-24T18:48:47.788870,0,,
https://honchar.org.ua/,2024-11-24T18:48:47.824075,0,,
https://chocentum.com.ua/,2024-11-24T18:48:48.060583,0,,
http://r2u.org.ua,2024-11-24T18:48:48.189824,0,,
http://monada.cv.ua/,2024-11-24T18:48:48.311989,0,,
http://tribune.com.ua,2024-11-24T18:48:48.619379,0,,
http://grekovka.com.ua,2024-11-24T18:48:48.620916,0,,
http://lib.kherson.ua/,2024-11-24T18:48:49.230057,0,,
http://ojs.tdmu.edu.ua/index.php/visnyk-nauk-dos,2024-11-24T18:48:50.755248,0,,
http://dspace.bsmu.edu.ua:8080/xmlui/,2024-11-24T18:48:51.362598,0,,
http://elar.fizmat.tnpu.edu.ua/,2024-11-24T18:48:51.370280,0,,
https://www.opera-ballet.com.ua/,2024-11-24T18:48:51.418137,0,,
http://museum.kpi.ua,2024-11-24T18:48:51.809731,0,,
https://teatr-kotelok.at.ua,2024-11-24T18:48:51.811158,0,,
https://library.kr.ua,2024-11-24T18:48:51.843897,0,,
http://budcolege.cv.ua/,2024-11-24T18:48:52.357295,0,,
http://cnttum.rv.ua/,2024-11-24T18:48:52.557488,1,,
http://www.kozatstvo.net.ua/ua/publications/uk_r.php,2024-11-24T18:48:52.665402,0,,
http://lute.lviv.ua,2024-11-24T18:48:52.665437,0,,
http://ua.appsyjournal.com/,2024-11-24T18:48:54.805807,0,,
https://donbassopera.ru/,2024-11-24T18:48:54.833210,1,,
"http://ukrbiochemjournal.org/, http://ua.ukrbiochemjournal.org/",2024-11-24T18:48:55.022771,1,,
http://eprints.kname.edu.ua/,2024-11-24T18:48:55.387956,0,,
http://ccjournals.eu/ojs/,2024-11-24T18:48:55.405911,0,,
http://theatreyalta.com/,2024-11-24T18:48:55.857819,0,,
http://medlib.lviv.pro/en/virtualni-vystavky,2024-11-24T18:48:55.859126,0,,
https://uagreeks.com/newspaper,2024-11-24T18:48:55.875435,0,,
http://ccl.org.ua/ru,2024-11-24T18:48:56.043851,0,,
http://vuan.nibu.kyiv.ua/,2024-11-24T18:48:56.602081,0,,
http://www.helsinki.org.ua,2024-11-24T18:48:57.320793,0,,
http://pr.ua/,2024-11-24T18:48:57.766194,0,,
https://www.directorsguild.org.ua/,2024-11-24T18:48:58.254763,1,,
http://krlibrari.if.ua/,2024-11-24T18:48:58.277548,0,,
http://plaw.nlu.edu.ua,2024-11-24T18:48:58.834253,0,,
https://icca.kiev.ua/,2024-11-24T18:48:58.871028,0,,
http://www.umuz.16mb.com/,2024-11-24T18:48:59.065150,0,,
https://yizhakultura.com/,2024-11-24T18:48:59.410137,0,,
http://naukajournal.org/,2024-11-24T18:48:59.438799,0,,
http://www.institutfrancais-ukraine.com/,2024-11-24T18:48:59.880926,0,,
https://www.iananu.org.ua/vidannya/naukovi-monografiji,2024-11-24T18:48:59.969967,0,,
https://cosmosmuseum.info/,2024-11-24T18:48:59.971062,0,,
http://krymsos.com/en,2024-11-24T18:49:00.315892,0,,
http://polytech.cv.ua/,2024-11-24T18:49:00.472603,0,,
http://mau-nau.org.ua,2024-11-24T18:49:01.372745,0,,
http://rshu.edu.ua/,2024-11-24T18:49:01.803623,0,,
http://prostir.museum/ua/post/28860,2024-11-24T18:49:02.367903,0,,
http://ojs.tdmu.edu.ua/index.php/act-pit-pediatr,2024-11-24T18:49:02.854464,0,,
https://knmau.com.ua/,2024-11-24T18:49:02.909755,0,,
http://faks.kpi.ua/,2024-11-24T18:49:03.105316,0,,
http://conflib.diit.edu.ua/Conf_univ_Library_2022/index,2024-11-24T18:49:03.469334,0,,
http://repository.kpi.kharkov.ua,2024-11-24T18:49:03.482336,0,,
https://www.libertyspace.org.ua/,2024-11-24T18:49:03.995401,0,,
https://www.museum.com.ua/,2024-11-24T18:49:04.017300,0,,
https://english.migdal.org.ua/museum/,2024-11-24T18:49:04.017402,0,,
http://dn.archives.gov.ua,2024-11-24T18:49:04.116125,0,,
http://openpolicy.org.ua/en,2024-11-24T18:49:04.556321,0,,
https://volyn.archives.gov.ua/,2024-11-24T18:49:04.668148,0,,
http://library.chnu.edu.ua/index.php?page=ua,2024-11-24T18:49:05.438678,0,,
http://lib.pu.if.ua,2024-11-24T18:49:05.862057,0,,
https://www.karpaty.info/ua/uk/te/to/bila/museums/music/,2024-11-24T18:49:05.910827,1,,
https://chetum.dp.ua/,2024-11-24T18:49:05.982655,1,,
http://painmedicine.org.ua,2024-11-24T18:49:06.887566,0,,
http://chm.onu.edu.ua,2024-11-24T18:49:06.943163,0,,
http://fizmatsspu.sumy.ua,2024-11-24T18:49:07.153373,0,,
http://dspace.oneu.edu.ua/,2024-11-24T18:49:07.525415,0,,
http://unilibnsd.diit.edu.ua/index,2024-11-24T18:49:07.534518,0,,
https://www.dnipro.libr.dp.ua,2024-11-24T18:49:07.951419,1,,
https://tsdavo.gov.ua/,2024-11-24T18:49:08.047517,0,,
http://virtmuseum.uccs.org.ua/,2024-11-24T18:49:08.048715,0,,
https://lib.ztu.edu.ua/,2024-11-24T18:49:08.190691,0,,
https://museumstone.com.ua/,2024-11-24T18:49:08.207860,0,,
http://chdkt.cv.ua/,2024-11-24T18:49:08.702697,0,,
http://sumdu.edu.ua,2024-11-24T18:49:09.101079,0,,
http://lib.rada.gov.ua/,2024-11-24T18:49:09.897803,0,,
http://library.lp.edu.ua/,2024-11-24T18:49:10.861747,0,,
http://wiz-art.ua/festival/,2024-11-24T18:49:10.919612,0,,
http://www.nvimu.com.ua/,2024-11-24T18:49:11.071119,0,,
http://pte.diit.edu.ua/,2024-11-24T18:49:11.570836,0,,
http://diasporiana.org.ua,2024-11-24T18:49:11.951628,0,,
http://www.iananu.kiev.ua,2024-11-24T18:49:11.985365,0,,
https://openkurbas.org,2024-11-24T18:49:12.092764,0,,
https://heritageua.dcvisu.com/,2024-11-24T18:49:12.092779,0,,
http://dakiro.kr-admin.gov.ua,2024-11-24T18:49:12.196441,0,,
https://photo-lviv.in.ua/,2024-11-24T18:49:12.241878,0,,
http://busha.com.ua/,2024-11-24T18:49:12.743178,0,,
http://uad.lviv.ua/,2024-11-24T18:49:13.133162,0,,
http://lib.ukrsd.com.ua,2024-11-24T18:49:13.936723,0,,
https://aiffua.com/,2024-11-24T18:49:14.951291,0,,
https://journal.ivinas.gov.ua,2024-11-24T18:49:15.007454,0,,
http://uapostalmuseum.org,2024-11-24T18:49:15.104095,0,,
https://fizmat.sspu.edu.ua/,2024-11-24T18:49:15.221888,0,,
http://museum.cult.gov.ua/nizhynskyj-krajeznavchyj-muzej-im-ivana-spaskoho/,2024-11-24T18:49:15.598773,0,,
https://crimeahrg.org,2024-11-24T18:49:15.598893,0,,
https://uamusic.com.ua/,2024-11-24T18:49:15.880823,1,,
http://194.44.193.60/cgi-bin/irbis64r_15/cgiirbis_64.exe?C21COM=F&I21DBN=LIBRARY1&P21DBN=LIBRARY1&LNG=,2024-11-24T18:49:15.932121,0,,
http://kerchmuseum.ru/,2024-11-24T18:49:15.988952,0,,
https://iananu.org.ua/,2024-11-24T18:49:16.003871,0,,
https://hutsul.museum/,2024-11-24T18:49:16.115233,0,,
http://www.ipn.cdu.edu.ua/index.php?option=com_content&view=article&id=9&Itemid=6,2024-11-24T18:49:16.276553,0,,
http://culture.suspilne.media/,2024-11-24T18:49:16.445385,0,,
http://donetsk.church.ua/,2024-11-24T18:49:16.640720,0,,
http://sedovo.at.ua/,2024-11-24T18:49:16.780179,0,,
http://lib.zt.ua/,2024-11-24T18:49:17.974629,0,,
https://centr-polet.jimdofree.com/,2024-11-24T18:49:18.087175,0,,
https://judaica.kiev.ua/old/eng/indexEng.html,2024-11-24T18:49:18.453295,0,,
http://www.ksada.org,2024-11-24T18:49:18.806496,1,,
http://library.nuft.edu.ua/,2024-11-24T18:49:19.007578,0,,
http://onu.edu.ua/,2024-11-24T18:49:19.019553,0,,
https://journal.cndiovt.com.ua/index.php/ovt/issue/archive,2024-11-24T18:49:19.050308,0,,
http://vysotsky-gallery.org,2024-11-24T18:49:19.302257,0,,
http://www.museum.if.ua/,2024-11-24T18:49:19.626214,0,,
https://www.karpaty.info/ua/,2024-11-24T18:49:19.903327,0,,
https://www.trypillia.com/,2024-11-24T18:49:19.935866,1,,
http://www.library.cv.ua/,2024-11-24T18:49:19.971972,0,,
https://odma.edu.ua/biblioteka/zagalna-informacziya/spivpraczya-z-vydavnycztvamy/,2024-11-24T18:49:20.016618,0,,
http://www.etnolog.org.ua/,2024-11-24T18:49:20.042145,0,,
https://periodicals.karazin.ua/,2024-11-24T18:49:20.140779,0,,
http://web.kpi.kharkov.ua/museum/,2024-11-24T18:49:20.160755,1,,
http://www.lvivcenter.org,2024-11-24T18:49:20.264798,0,,
http://www.nppds.inf.ua/index.html,2024-11-24T18:49:20.312662,0,,
http://ntsh.org,2024-11-24T18:49:20.662724,0,,
http://med-akademiya.com.ua/,2024-11-24T18:49:21.236960,0,,
http://xktek.edu.ua/,2024-11-24T18:49:22.845516,0,,
http://library.nung.edu.ua,2024-11-24T18:49:23.048910,0,,
https://kampod-mbk.at.ua/,2024-11-24T18:49:23.064739,0,,
http://batarea411.narod.ru/nebo.htm,2024-11-24T18:49:23.945012,0,,
https://donntu.edu.ua/library,2024-11-24T18:49:23.992332,0,,
http://tmfv.com.ua/journal/oai,2024-11-24T18:49:24.078664,0,,
https://knmu.edu.ua/golovna/pro-nas/muzej-istoriyi/,2024-11-24T18:49:24.184898,0,,
https://bilsk.com.ua/,2024-11-24T18:49:24.199531,0,,
http://www.kpnu.edu.ua,2024-11-24T18:49:24.299822,0,,
http://philarmonia.uz.ua,2024-11-24T18:49:24.349600,0,,
http://www.icc-kiev.gov.ua/,2024-11-24T18:49:25.406669,0,,
http://libkirova.ru,2024-11-24T18:49:26.042105,0,,
http://www.hipt.com.ua/,2024-11-24T18:49:26.891116,0,,
http://library.tneu.edu.ua/,2024-11-24T18:49:27.094476,0,,
https://kulturaxm.wordpress.com/,2024-11-24T18:49:27.361078,0,,
http://www.arsani.ua,2024-11-24T18:49:27.382162,0,,
http://lesiaukrainka.crimea.ua/,2024-11-24T18:49:27.726329,0,,
http://chornobylmuseum.kiev.ua/,2024-11-24T18:49:27.980816,0,,
http://makmuseum.com/,2024-11-24T18:49:28.011056,0,,
http://www.langs.com.ua/,2024-11-24T18:49:28.042045,0,,
https://lnulibrary.lviv.ua/to-users-2/pudelki/,2024-11-24T18:49:28.069379,0,,
http://ttdruk.vpi.kpi.ua/index.php/2077-7264/oai,2024-11-24T18:49:28.113987,0,,
http://antiquity.karazin.ua/science/,2024-11-24T18:49:28.222756,0,,
http://dialog.lviv.ua/pl,2024-11-24T18:49:28.340867,0,,
http://minagro.gov.ua,2024-11-24T18:49:28.849191,0,,
http://shakhtar.com/,2024-11-24T18:49:28.875643,0,,
http://www.nua.kharkov.ua/,2024-11-24T18:49:29.449774,0,,
http://libkor.com.ua/,2024-11-24T18:49:30.077799,0,,
http://www.kb.nuos.edu.ua,2024-11-24T18:49:30.119701,1,,
https://melitopoldvorez.jimdofree.com/,2024-11-24T18:49:30.181910,0,,
http://libuzhnu.brinkster.net/,2024-11-24T18:49:31.132554,0,,
http://museum-slava.at.ua/,2024-11-24T18:49:31.421735,0,,
https://ifnmujournal.com/,2024-11-24T18:49:31.753268,0,,
http://hatob.com.ua/ukr/,2024-11-24T18:49:32.037990,0,,
https://karpaty.rocks/region/ivano-frankivska-oblast/dolynskyy-rayon/bolehiv/muzey-istoriyi-mista-bolehova-im-romana-skvoriya,2024-11-24T18:49:32.065584,0,,
http://zoomus.lviv.ua/,2024-11-24T18:49:32.091906,0,,
https://maski.com.ua/,2024-11-24T18:49:32.126918,0,,
http://ven.chdtu.edu.ua/index.php/2306-4420/oai,2024-11-24T18:49:32.170552,0,,
https://khai.edu/ua/,2024-11-24T18:49:32.256024,0,,
http://antiquity.karazin.ua/antiquities/,2024-11-24T18:49:32.258501,0,,
https://basht-cbs.mk.ua/,2024-11-24T18:49:32.384772,0,,
http://www.zoomena.com.ua/,2024-11-24T18:49:32.444989,0,,
http://plaw.nlu.edu.ua/,2024-11-24T18:49:33.106268,1,,
http://library-ua.at.ua/,2024-11-24T18:49:34.120922,0,,
http://odk.net.ua/,2024-11-24T18:49:35.136092,0,,
http://lonmb13.ucoz.ua,2024-11-24T18:49:35.174259,0,,
https://dumka.philosophy.ua,2024-11-24T18:49:35.464792,0,,
http://ibhb.chnu.edu.ua,2024-11-24T18:49:36.094117,0,,
http://odesskiy.com/otdih-v-odesse/memorial-geroicheskoj-oborony-odessy-411-j-beregovoj-batarei.html,2024-11-24T18:49:36.106042,0,,
https://ukrmanuscript.com/en,2024-11-24T18:49:36.130350,0,,
http://tdf.com.ua/,2024-11-24T18:49:36.165724,0,,
https://sodb.sumy.ua/,2024-11-24T18:49:36.302779,0,,
http://www.bosporuscrypt.ru/,2024-11-24T18:49:36.302792,0,,
http://www.univer.km.ua/,2024-11-24T18:49:36.314758,0,,
https://prostory.net.ua/ua/,2024-11-24T18:49:36.466434,0,,
http://garden.onu.edu.ua,2024-11-24T18:49:36.534923,0,,
http://tlaw.nlu.edu.ua/,2024-11-24T18:49:37.138297,0,,
http://www.hibm.com.ua/,2024-11-24T18:49:37.566055,0,,
http://library.cv.ua/,2024-11-24T18:49:38.186921,0,,
https://museum-pokrov.webnode.com.ua/,2024-11-24T18:49:38.312910,0,,
http://mayakovka.od.ua,2024-11-24T18:49:39.309702,0,,
https://mim.kiev.ua/en,2024-11-24T18:49:39.349767,0,,
https://moba.net.ua/,2024-11-24T18:49:40.147782,0,,
https://kpi.dcvisu.com,2024-11-24T18:49:40.171662,0,,
https://oumk.od.ua/,2024-11-24T18:49:40.204354,0,,
http://khorol-crb.edu.poltava.ua/,2024-11-24T18:49:40.204379,0,,
http://vtn.chdtu.edu.ua/index.php/2306-4412/oai,2024-11-24T18:49:40.244737,0,,
http://history.karazin.ua/nauka.html,2024-11-24T18:49:40.330715,0,,
http://www.girnyk.com.ua/,2024-11-24T18:49:40.353171,0,,
http://zfs-journal.uzhnu.uz.ua,2024-11-24T18:49:40.353225,0,,
https://obuvin.vn.ua/,2024-11-24T18:49:40.510835,0,,
http://feofaniya.kiev.ua,2024-11-24T18:49:40.622984,0,,
http://chechelnyk-mon.church.ua/,2024-11-24T18:49:40.949347,0,,
http://www.stonegrave.org/,2024-11-24T18:49:41.087266,0,,
http://ubphj.nuph.edu.ua/,2024-11-24T18:49:41.165967,0,,
http://www.kstuca.kharkov.ua/,2024-11-24T18:49:41.620154,0,,
https://kinokerch.ru/,2024-11-24T18:49:42.652233,1,,
http://medlib.dp.gov.ua,2024-11-24T18:49:43.501077,0,,
https://uamoderna.com,2024-11-24T18:49:43.562269,0,,
http://www.ksau.kherson.ua,2024-11-24T18:49:43.963311,1,,
http://www.nsiverskyi-cbs.edukit.cn.ua/pro_biblioteku/istorichna_dovidka/,2024-11-24T18:49:44.185896,0,,
http://publib.kl.com.ua/,2024-11-24T18:49:44.280309,0,,
http://cphj.nuph.edu.ua/,2024-11-24T18:49:44.280520,0,,
http://masslib.pp.ua/,2024-11-24T18:49:44.346929,0,,
http://www.archmap.ru/,2024-11-24T18:49:44.355587,0,,
http://grani.org.ua,2024-11-24T18:49:44.390177,0,,
http://kotsubinsky.vn.ua/,2024-11-24T18:49:44.553027,0,,
https://biblioteka.od.ua/,2024-11-24T18:49:44.584822,1,,
https://www.cherkasy-music-art.org.ua,2024-11-24T18:49:44.642940,0,,
http://oblfilarmonia.com/,2024-11-24T18:49:44.655705,0,,
http://www.chtei-knteu.cv.ua,2024-11-24T18:49:44.659432,0,,
http://www.nick-philharmonic.com.ua,2024-11-24T18:49:44.671775,0,,
http://zymne.org/,2024-11-24T18:49:45.026359,0,,
http://boryspilmuseum.info/,2024-11-24T18:49:45.119005,0,,
http://ophcj.nuph.edu.ua/,2024-11-24T18:49:45.197245,0,,
http://library.donetsk.ua,2024-11-24T18:49:46.504517,0,,
https://voz.gov.ua/muzeyi.html,2024-11-24T18:49:46.699601,0,,
http://medlib.lviv.pro/,2024-11-24T18:49:47.528192,0,,
http://uajcea.pgasa.dp.ua/,2024-11-24T18:49:47.595533,0,,
http://xemt.kharkov.ua,2024-11-24T18:49:48.132391,0,,
http://kyiv.man.gov.ua,2024-11-24T18:49:48.172711,0,,
http://mskifa.narod.ru/rvsp.html,2024-11-24T18:49:48.257485,0,,
http://www.othu.com.ua/,2024-11-24T18:49:48.279860,0,,
http://rt.nure.ua/index.php/0485-8972/oai,2024-11-24T18:49:48.321829,0,,
https://vinnytsia-museum.in.ua/,2024-11-24T18:49:48.382517,0,,
http://bibvas.ucoz.ua/,2024-11-24T18:49:48.382635,0,,
http://operetta.com.ua/,2024-11-24T18:49:48.420674,0,,
http://korslib.net.ua/,2024-11-24T18:49:48.586485,0,,
http://botsad.zp.ua/,2024-11-24T18:49:48.705366,0,,
http://www.kray.org.ua/,2024-11-24T18:49:48.780978,0,,
http://icaco.org/,2024-11-24T18:49:48.800283,0,,
http://pokrov.org.ua/,2024-11-24T18:49:49.065963,0,,
http://monah.com.ua/,2024-11-24T18:49:49.093431,0,,
http://nvlvet.com.ua/,2024-11-24T18:49:49.227065,0,,
https://nikopolmuseum-1919.jimdofree.com/,2024-11-24T18:49:50.521536,0,,
http://en.ufsf.com.ua/,2024-11-24T18:49:50.542907,0,,
http://library.kpi.ua/,2024-11-24T18:49:50.545302,0,,
https://voz.gov.ua/shkoli-estetichnogo-vihovannya.html,2024-11-24T18:49:50.726767,0,,
http://ocls.kyivlibs.org.ua/pushkin/golovna_pushkin.htm,2024-11-24T18:49:51.547838,0,,
http://asac.kpi.ua/,2024-11-24T18:49:52.218073,0,,
http://www.dnsgb.com.ua/,2024-11-24T18:49:52.293110,0,,
http://journals.iapmm.lviv.ua/ojs/index.php/MBSSS/oai,2024-11-24T18:49:52.354241,0,,
http://ukr-vo.org/,2024-11-24T18:49:52.404035,0,,
http://mcbs.org.ua/,2024-11-24T18:49:52.416512,0,,
https://molodyytheatre.com/,2024-11-24T18:49:52.455514,0,,
http://www.hotinbiblio.cv.ua/,2024-11-24T18:49:52.618638,0,,
http://sites.znu.edu.ua/liberal_edu/,2024-11-24T18:49:52.761729,0,,
https://profcom.znu.edu.ua/,2024-11-24T18:49:52.780085,0,,
http://ras.gov.ua/,2024-11-24T18:49:52.842965,0,,
http://www.yug.odessa.ua/,2024-11-24T18:49:52.870378,0,,
http://horodnica.ortox.ru/,2024-11-24T18:49:53.126701,0,,
http://battle-kyiv.org.ua/,2024-11-24T18:49:53.195554,0,,
http://eee.khpi.edu.ua/,2024-11-24T18:49:53.262826,0,,
https://www.vocnt.org.ua/,2024-11-24T18:49:54.581261,0,,
https://tkc.kh.ua/,2024-11-24T18:49:54.585431,0,,
https://voz.gov.ua/kz-mskiy-budinok-kulturi.html,2024-11-24T18:49:54.749926,0,,
http://academy-journals.in.ua,2024-11-24T18:49:55.446488,1,,
https://piryatin-museum.at.ua/,2024-11-24T18:49:55.643278,1,,
https://ujew.com.ua/objects/sumskaya-oblast/gluxov/muzej-istorii-evreev-gluhovshiny0,2024-11-24T18:49:55.663398,0,,
http://www.collegium.kharkov.ua/,2024-11-24T18:49:55.720050,0,,
http://ee.zntu.edu.ua/,2024-11-24T18:49:56.258671,0,,
http://tmf-museum.kiev.ua/,2024-11-24T18:49:56.410659,1,,
http://www.oridu.odessa.ua,2024-11-24T18:49:56.422090,1,,
http://kostsyushko.chersonesos.org/,2024-11-24T18:49:56.424837,0,,
http://jvestnik-politology.donnu.edu.ua/oai,2024-11-24T18:49:56.553225,1,,
http://ecocentr.edukit.te.ua,2024-11-24T18:49:56.656404,0,,
http://sites.znu.edu.ua/vchena-rada/,2024-11-24T18:49:56.804141,0,,
https://biblioigroteka.jimdofree.com/,2024-11-24T18:49:56.863681,1,,
http://www.teatr71.com/,2024-11-24T18:49:57.028631,1,,
http://www.visnyk.soc.univ.kiev.ua/,2024-11-24T18:49:57.489560,1,,
http://bereznehuvate-biblioteka.edukit.mk.ua/,2024-11-24T18:49:58.631023,1,,
https://nuernbergerhaus.kharkov.ua/,2024-11-24T18:49:58.637416,0,,
http://belosvyat.com.ua/,2024-11-24T18:49:58.784930,0,,
https://ujp.bitp.kiev.ua/index.php/ujp/oai,2024-11-24T18:49:59.488846,0,,
http://teatr-koleso.kiev.ua/,2024-11-24T18:49:59.681082,0,,
https://voronavia.at.ua/,2024-11-24T18:49:59.696971,0,,
https://cineast.com.ua/,2024-11-24T18:49:59.758756,0,,
http://journal.iasa.kpi.ua,2024-11-24T18:50:00.300304,0,,
https://judaicacenter.kiev.ua/archive/,2024-11-24T18:50:00.450388,0,,
http://nmmu.org/,2024-11-24T18:50:00.450901,0,,
http://yakubovski.kiev.ua/index.html,2024-11-24T18:50:00.473569,0,,
http://www.katedral.org.ua/,2024-11-24T18:50:00.496644,0,,
http://city-artschool.edu.kh.ua,2024-11-24T18:50:00.709506,0,,
http://www.bar-library.com/,2024-11-24T18:50:00.905609,0,,
https://ssu.gov.ua/haluzevyi-derzhavnyi-arkhiv,2024-11-24T18:50:01.057326,1,,
https://odcc.com.ua/,2024-11-24T18:50:01.123972,0,,
http://nphj.nuph.edu.ua/,2024-11-24T18:50:01.507198,0,,
https://zlatoust.dp.ua/,2024-11-24T18:50:02.681687,0,,
https://garden-karazin.blogspot.com/,2024-11-24T18:50:02.686574,0,,
http://islamkharkov.org/,2024-11-24T18:50:02.709353,0,,
http://mpk.mk.ua/,2024-11-24T18:50:02.821890,0,,
http://visnyk.nuwm.edu.ua/index.php/tehn/oai,2024-11-24T18:50:03.525352,0,,
http://ostrovskogo.com.ua/,2024-11-24T18:50:03.730329,0,,
https://www.newroute.org.ua/,2024-11-24T18:50:03.791678,0,,
http://vtn.ztu.edu.ua/,2024-11-24T18:50:04.398015,0,,
https://golodomor.kharkov.ua/,2024-11-24T18:50:04.473746,0,,
http://graffitizone.kiev.ua/,2024-11-24T18:50:04.508258,0,,
http://svmisto.com.ua/aboutcity/894-turistichno-privabliv-obyekti-svtlovodska-mskiy-krayeznavchiy-muzey.html,2024-11-24T18:50:04.529786,0,,
https://diasporiana.org.ua/category/folklor/,2024-11-24T18:50:04.611171,0,,
http://armenian-center.edu.kh.ua,2024-11-24T18:50:04.750289,0,,
https://www.univer.kharkov.ua/,2024-11-24T18:50:04.868388,0,,
https://donpt.ru/,2024-11-24T18:50:04.922823,0,,
https://www.dahmo.gov.ua/,2024-11-24T18:50:04.944364,0,,
http://librozh.at.ua/,2024-11-24T18:50:05.113904,0,,
http://teatralo4ka.odessa.ua/,2024-11-24T18:50:05.158145,0,,
http://sb-keip.kpi.ua/,2024-11-24T18:50:05.525072,0,,
http://www.vkkm.lutsk.ua/,2024-11-24T18:50:05.666092,0,,
http://ichurch.com.ua/,2024-11-24T18:50:06.720133,0,,
https://children-railway.kharkov.ua/,2024-11-24T18:50:06.741654,0,,
http://mkkm.edu.ua/,2024-11-24T18:50:06.861280,0,,
http://ways.knuba.edu.ua/index.php/2707-501X/oai,2024-11-24T18:50:07.546199,0,,
http://petropanchlibrary.moyblog.net/,2024-11-24T18:50:07.758370,0,,
https://drama-comedy.kiev.ua/,2024-11-24T18:50:07.791983,0,,
http://tnv-econom.ksauniv.ks.ua/,2024-11-24T18:50:07.832820,0,,
https://bcb.org.ua/,2024-11-24T18:50:07.853578,1,,
https://audio.ipri.kiev.ua/,2024-11-24T18:50:08.500548,0,,
"https://sportpedagogy.org.ua/html/Pedagogy/title-PD.html, https://sportpedagogy.org.ua/html/arhive-e.html",2024-11-24T18:50:08.553408,0,,
http://www.brodu.narod.ru/,2024-11-24T18:50:08.562842,0,,
http://music-school10.edu.kh.ua,2024-11-24T18:50:08.784102,0,,
https://mariupol.is/,2024-11-24T18:50:08.801170,0,,
http://www.archiveoun.info/,2024-11-24T18:50:08.819412,0,,
http://www.pntu.edu.ua/,2024-11-24T18:50:08.901509,0,,
https://pkf.donbass.name/,2024-11-24T18:50:08.972031,0,,
"http://hdauinp.org.ua/index.php/en/
http://hdauinp.org.ua/index.php/ua/",2024-11-24T18:50:08.996289,0,,
https://periscope.com.ua/vdohnovenie/memorialnyy-muzey-im-op-dovzhenko,2024-11-24T18:50:09.148756,0,,
http://cdago.gov.ua/index.php?option=com_content&view=article&id=39&Itemid=24,2024-11-24T18:50:09.256713,0,,
https://sport.vnu.edu.ua/,2024-11-24T18:50:09.555184,0,,
http://www.lunacharskiy.com/,2024-11-24T18:50:09.919082,1,,
http://mbk.mk.ua/,2024-11-24T18:50:10.892082,0,,
http://publications.lnu.edu.ua/bulletins/index.php/sociology/oai,2024-11-24T18:50:11.582828,0,,
http://rdobd.com.ua,2024-11-24T18:50:11.780148,0,,
http://uamedia.visti.net,2024-11-24T18:50:11.871643,0,,
https://mostyshche-church.org/,2024-11-24T18:50:11.884851,0,,
http://sila-duha.pp.ua/,2024-11-24T18:50:11.935450,0,,
http://escriptorium.univer.kharkov.ua/,2024-11-24T18:50:12.526978,0,,
http://jnpae.kinr.kiev.ua,2024-11-24T18:50:12.591589,0,,
http://kobzarmuseum.at.ua/,2024-11-24T18:50:12.735805,0,,
http://www.tnu.edu.ua/,2024-11-24T18:50:12.933122,0,,
http://park-podillya.com.ua/,2024-11-24T18:50:13.017925,0,,
http://www.chornobylmuseum.kiev.ua/index.php?lang=en,2024-11-24T18:50:13.289297,0,,
https://diasporiana.org.ua/?s=music,2024-11-24T18:50:13.297864,1,,
http://jems.sciview.net/,2024-11-24T18:50:13.578292,0,,
https://www.oriental-studies.org.ua/,2024-11-24T18:50:13.954543,0,,
https://museum-painting.dp.ua/,2024-11-24T18:50:14.860116,0,,
http://kosivlibrary.if.ua/,2024-11-24T18:50:14.896483,0,,
https://mdkeht.at.ua/,2024-11-24T18:50:14.926459,0,,
https://mfkuk.mk.ua/,2024-11-24T18:50:14.950225,0,,
http://ee.zntu.edu.ua/index.php/1607-6761/oai,2024-11-24T18:50:15.603390,0,,
http://rerixlib.blogspot.com/,2024-11-24T18:50:15.831266,0,,
http://grynyov.art/,2024-11-24T18:50:15.905525,0,,
https://pokrovairpin.org.ua/,2024-11-24T18:50:15.967465,0,,
http://escriptorium.univer.kharkov.ua/handle/1237075002/3,2024-11-24T18:50:16.548373,0,,
http://jrnl.nau.edu.ua/index.php/visnik,2024-11-24T18:50:16.614761,0,,
https://shtetlroutes.eu/uk/buchach-cultural-heritage-card/,2024-11-24T18:50:16.889461,0,,
http://www.npp-p.org.ua/,2024-11-24T18:50:17.132972,0,,
http://www.kolochava.com/Museum/Stare-Selo,2024-11-24T18:50:17.327418,0,,
https://e-medjournal.com/,2024-11-24T18:50:17.601863,0,,
http://www.litopys.volyn.ua/index.php/litopys/issue/archive,2024-11-24T18:50:17.989572,0,,
http://msumk.com/ua/,2024-11-24T18:50:18.273830,0,,
https://judaica.kiev.ua/,2024-11-24T18:50:18.476495,0,,
http://www.ostlibrery.com.ua/,2024-11-24T18:50:18.982751,0,,
http://actualproblems.dp.ua/index.php/index/oai,2024-11-24T18:50:19.640311,0,,
http://roklibr.at.ua/,2024-11-24T18:50:19.854448,0,,
http://www.mdt.org.ua/,2024-11-24T18:50:19.947567,0,,
http://museumparkhomivka.org.ua/,2024-11-24T18:50:19.966882,0,,
https://www.dumk.org/,2024-11-24T18:50:19.999047,0,,
https://buchachmiskrada.gov.ua,2024-11-24T18:50:20.087491,1,,
https://st-sophia.org.ua/,2024-11-24T18:50:20.513019,1,,
http://escriptorium.univer.kharkov.ua/handle/1237075002/4,2024-11-24T18:50:20.596656,0,,
"http://jsdtl.sciview.net/index.php/jsdtl, http://jsdtl.sciview.net, http://jsdtl.sciview.net/index.php/jsdtl, http://jsdtl.sciview.net",2024-11-24T18:50:20.648738,0,,
http://drbm.ru/,2024-11-24T18:50:21.177626,0,,
https://nachasi.com/creative/2017/05/16/stanytsya-luganska/,2024-11-24T18:50:21.239388,0,,
https://diasporiana.org.ua/?s=%D0%BC%D1%83%D0%B7%D0%B8%D0%BA%D0%B0,2024-11-24T18:50:21.333199,0,,
https://sinod.church.ua/,2024-11-24T18:50:21.548103,1,,
http://visnyk.nuwm.edu.ua/,2024-11-24T18:50:21.623382,0,,
http://culture-lutsk.org.ua/,2024-11-24T18:50:21.624583,1,,
http://zif.onu.edu.ua/issue/archive,2024-11-24T18:50:22.022498,0,,
http://www.zolochiv-rda.gov.ua/zamok.htm,2024-11-24T18:50:22.361857,1,,
http://www.archangel.kiev.ua/,2024-11-24T18:50:22.503283,0,,
http://www.pidvol-library.org.ua/,2024-11-24T18:50:23.022263,0,,
https://viam.ucoz.net/,2024-11-24T18:50:23.675723,0,,
http://ronmb.org.ua/,2024-11-24T18:50:23.876341,0,,
https://feldman-ecopark.com/,2024-11-24T18:50:24.022268,0,,
http://www.boryspil-eparchy.org/,2024-11-24T18:50:24.055337,0,,
http://goschakit.at.ua/,2024-11-24T18:50:24.124387,0,,
http://bucovinensia.chnu.edu.ua/,2024-11-24T18:50:24.562431,0,,
http://escriptorium.univer.kharkov.ua/handle/1237075002/6,2024-11-24T18:50:24.626210,0,,
http://pbo.ztu.edu.ua/,2024-11-24T18:50:24.751707,0,,
https://stahanov.church.ua/,2024-11-24T18:50:25.026779,0,,
http://kirgorlib.do.am/,2024-11-24T18:50:25.217887,0,,
https://odma.edu.ua/biblioteka/elektronni-resursy/,2024-11-24T18:50:25.358330,0,,
http://gurzufmuseum.com/,2024-11-24T18:50:25.571377,0,,
http://www.hst-journal.com,2024-11-24T18:50:25.647420,0,,
http://kodyma.od.ua/articles.php,2024-11-24T18:50:25.663553,0,,
http://kmhj.ukma.edu.ua/issue/archive,2024-11-24T18:50:26.056969,0,,
https://lychakiv-cemetery.virtual.ua/ua/,2024-11-24T18:50:26.394966,0,,
http://litopys.org.ua/,2024-11-24T18:50:26.527237,0,,
http://khoyub.com.ua/,2024-11-24T18:50:27.110780,0,,
http://nao.nikolaev.ua/,2024-11-24T18:50:27.710311,0,,
http://shevcbs.kiev.ua/?path=0/2/1757/9432&id=9444,2024-11-24T18:50:27.900269,0,,
http://slav-library.dn.ua/,2024-11-24T18:50:27.906567,0,,
https://drumspace.com.ua/,2024-11-24T18:50:28.054503,0,,
http://www.mpk.cn.ua/,2024-11-24T18:50:28.087867,0,,
http://zolotapektoral.te.ua/,2024-11-24T18:50:28.187930,0,,
http://kulturologiya.rv.ua/,2024-11-24T18:50:28.218979,0,,
http://history.odessa.ua,2024-11-24T18:50:28.584999,0,,
http://escriptorium.univer.kharkov.ua/handle/1237075002/7,2024-11-24T18:50:28.647249,0,,
"http://journal.sportnauka.org.ua/, http://www.nbuv.gov.ua/articles/nufvsu/, http://journal.sportnauka.org.ua/, http://www.nbuv.gov.ua/articles/nufvsu/",2024-11-24T18:50:28.791934,0,,
http://parovozy.ucoz.ua/,2024-11-24T18:50:29.266479,0,,
https://libsumy.com/,2024-11-24T18:50:29.310966,0,,
https://knmau.com.ua/nauka/napryami-naukovoyi-diyalnosti/,2024-11-24T18:50:29.379159,0,,
http://childrenbiblioteks.blogspot.com/,2024-11-24T18:50:29.619544,0,,
https://mm.terebovlia.info/,2024-11-24T18:50:29.663776,0,,
http://museum-lh.lviv.ua/,2024-11-24T18:50:29.695706,0,,
http://nrpcult.ukma.edu.ua/issue/archive,2024-11-24T18:50:30.094492,0,,
http://www.odessa-roerich-house.od.ua/,2024-11-24T18:50:30.425103,0,,
http://kachanivka.in.ua/,2024-11-24T18:50:30.550499,0,,
http://oub.com.ua/,2024-11-24T18:50:31.142230,0,,
https://firstpalace.kh.ua/,2024-11-24T18:50:31.747346,0,,
http://starobilsk-dytunat-bibl.edukit.lg.ua/Офіційна,2024-11-24T18:50:31.929742,0,,
http://kozelets-cbs.edukit.cn.ua/,2024-11-24T18:50:32.095186,0,,
http://pokrova.nezhin.org/,2024-11-24T18:50:32.121158,0,,
https://kultura.uz.ua/,2024-11-24T18:50:32.431934,0,,
http://ri-urbanhistory.org.ua/,2024-11-24T18:50:32.619143,0,,
http://dr-museum.com/museum/item/9,2024-11-24T18:50:32.635226,0,,
http://escriptorium.univer.kharkov.ua/handle/1237075002/8,2024-11-24T18:50:32.668130,0,,
https://eparhia.lg.ua/,2024-11-24T18:50:33.159388,0,,
http://gorlovka-eparhia.com.ua/,2024-11-24T18:50:33.301087,0,,
https://odma.edu.ua/biblioteka/vystavky/vystavky-vyznachnyh-muzychnyh-dat-i-podij/,2024-11-24T18:50:33.401210,0,,
http://www.nashekolo.org.ua/nk/kolo_i_navko/navkolo_podi/,2024-11-24T18:50:33.484347,0,,
https://teatrmolodi.com/,2024-11-24T18:50:33.642983,0,,
http://porohy.org/,2024-11-24T18:50:33.648221,0,,
https://svumik.sumy.ua,2024-11-24T18:50:33.688820,0,,
https://www.oldcars.com.ua/,2024-11-24T18:50:33.714414,0,,
http://nrph.ukma.edu.ua/issue/archive,2024-11-24T18:50:34.129929,0,,
http://p-space.narod.ru/index.html,2024-11-24T18:50:34.471294,0,,
http://kolochava.com/ua/selo-10-muzeiv/kolochavska-vyzkokolejka.html,2024-11-24T18:50:34.571188,0,,
http://vinkivci-crb.at.ua/,2024-11-24T18:50:35.177990,0,,
http://tr-lib.at.ua/,2024-11-24T18:50:35.953887,0,,
http://cbs.poltava.ua/,2024-11-24T18:50:36.133768,0,,
https://college.tim.ua/,2024-11-24T18:50:36.159793,0,,
http://ylibrary.zt.ua/,2024-11-24T18:50:36.292314,0,,
http://khust-sjun.edukit.uz.ua,2024-11-24T18:50:36.431896,1,,
http://rocnt.com.ua/,2024-11-24T18:50:36.465631,0,,
http://mdch.kiev.ua/,2024-11-24T18:50:36.666147,0,,
http://escriptorium.univer.kharkov.ua/handle/1237075002/9,2024-11-24T18:50:36.688391,0,,
http://vcrc.org.ua/,2024-11-24T18:50:37.160899,0,,
http://artbiblio.ucoz.org/,2024-11-24T18:50:37.332038,0,,
https://kult.km.ua/Muzey-studIya-fotomistetstva,2024-11-24T18:50:37.624405,0,,
https://lib.kr.ua/,2024-11-24T18:50:37.708303,0,,
https://petrykivka.dp.ua/c/muzeyi/,2024-11-24T18:50:37.735319,0,,
https://www.kspu.edu/About/DepartmentAndServices/Library.aspx,2024-11-24T18:50:38.196542,0,,
http://bitep2005.narod.ru/km2.htm,2024-11-24T18:50:38.498818,0,,
http://krolevets.com/museum.php,2024-11-24T18:50:38.595842,0,,
http://www.prcb.org.ua/,2024-11-24T18:50:39.213511,0,,
http://tsepcevichi-rv.ucoz.com/,2024-11-24T18:50:39.979054,0,,
http://divosvit.org/,2024-11-24T18:50:40.164644,0,,
https://chernihivregion.travel/,2024-11-24T18:50:40.191578,0,,
http://library.khnu.km.ua/,2024-11-24T18:50:40.324981,0,,
http://nyzhnia-apsha-dshm.edukit.uz.ua,2024-11-24T18:50:40.452502,0,,
https://zabytki.in.ua/,2024-11-24T18:50:40.478318,1,,
http://muzey-sevastopol.com,2024-11-24T18:50:40.689542,0,,
http://escriptorium.univer.kharkov.ua/handle/1237075002/4284,2024-11-24T18:50:40.709192,0,,
http://www.rkc.lviv.ua/,2024-11-24T18:50:41.192686,0,,
http://www.krasnoblago.dn.ua/,2024-11-24T18:50:41.363894,0,,
http://libcenter.com,2024-11-24T18:50:41.743055,0,,
http://skupka-antikvariata.com.ua/,2024-11-24T18:50:41.760038,0,,
http://eurodev.duan.edu.ua/,2024-11-24T18:50:41.979569,0,,
http://journal.kspu.edu/,2024-11-24T18:50:42.233960,0,,
http://krtmuseum.ru/,2024-11-24T18:50:42.676767,0,,
http://museum.shostka.org/,2024-11-24T18:50:42.694316,0,,
http://kremdiaz.com/,2024-11-24T18:50:42.714816,0,,
https://1majsk-bibl.ucoz.ru/,2024-11-24T18:50:43.250641,0,,
http://vollibr.org.ua/,2024-11-24T18:50:44.002920,0,,
http://volodymirec.libr.rv.ua/,2024-11-24T18:50:44.005710,0,,
https://mezinpark.com.ua/,2024-11-24T18:50:44.228265,0,,
http://library.dk.rv.ua/,2024-11-24T18:50:44.360547,0,,
http://dniprovskyi-cdut.edukit.kiev.ua,2024-11-24T18:50:44.471757,0,,
https://oleksandriya-libr.rv.ua/,2024-11-24T18:50:44.534415,0,,
https://zodub.com.ua/,2024-11-24T18:50:44.592207,0,,
https://ctdu-kiev.com.ua/,2024-11-24T18:50:44.634028,0,,
http://escriptorium.univer.kharkov.ua/handle/1237075002/4066,2024-11-24T18:50:44.738264,0,,
http://www.library.vn.ua/,2024-11-24T18:50:44.756610,0,,
https://frankolibrary.org/,2024-11-24T18:50:44.767140,0,,
https://www.catholic-kharkiv.org/,2024-11-24T18:50:45.228297,0,,
https://rodakovo.church.ua/,2024-11-24T18:50:45.243025,0,,
https://cyt.cv.ua/%d0%bc%d1%83%d0%b7%d0%b5%d0%b9-%d0%b0%d0%b2%d1%96%d0%b0%d1%86%d1%96%d1%97-%d1%82%d0%b0-%d0%ba%d0%be%d1%81%d0%bc%d0%be%d0%bd%d0%b0%d0%b2%d1%82%d0%b8%d0%ba%d0%b8/,2024-11-24T18:50:45.783537,0,,
http://docop.dp.ua/,2024-11-24T18:50:45.785657,0,,
http://library.mlt.gov.ua/,2024-11-24T18:50:45.848750,0,,
https://predtecha-hram.church.ua/,2024-11-24T18:50:45.920680,1,,
https://zeft.in.ua/,2024-11-24T18:50:46.278734,0,,
https://dkleninalg.su/,2024-11-24T18:50:46.301988,1,,
http://donmoltheatre.com/,2024-11-24T18:50:46.526622,1,,
https://bibavoska.blogspot.com/,2024-11-24T18:50:46.545985,1,,
http://bancheny-mon.church.ua,2024-11-24T18:50:46.694165,0,,
http://izmcdb.in.ua/,2024-11-24T18:50:47.470302,0,,
http://culture.if.ua/,2024-11-24T18:50:47.988640,1,,
http://www-library.univer.kharkov.ua/ukr/,2024-11-24T18:50:48.024574,0,,
http://libo.lib.zt.ua/,2024-11-24T18:50:48.396362,0,,
http://biblioteka160.edukit.kiev.ua,2024-11-24T18:50:48.496634,0,,
http://escriptorium.univer.kharkov.ua/handle/1237075002/9753,2024-11-24T18:50:48.757493,0,,
http://manlibre.at.ua/,2024-11-24T18:50:48.801505,0,,
http://www.munkacs-diocese.org/,2024-11-24T18:50:49.266362,0,,
http://teatrkukol.dp.ua/,2024-11-24T18:50:49.808396,0,,
http://obraz-ua.com.ua/,2024-11-24T18:50:49.814912,0,,
https://teleteatr.com.ua/,2024-11-24T18:50:49.816770,0,,
http://malankafest.com.ua/,2024-11-24T18:50:49.824234,0,,
http://acadrev.duan.edu.ua/,2024-11-24T18:50:50.054545,0,,
https://biblioteka23biogspot.blogspot.com/,2024-11-24T18:50:50.598556,0,,
http://kharkov.vbelous.net/ukrain/mus-lit.htm,2024-11-24T18:50:50.792661,0,,
http://kyivhistorymuseum.org/,2024-11-24T18:50:50.904711,0,,
http://tismenitsa.if.ua/,2024-11-24T18:50:51.569122,0,,
http://eparhia.dp.ua/,2024-11-24T18:50:52.022602,0,,
http://www.4uth.gov.ua/,2024-11-24T18:50:52.081343,0,,
http://bibl-malyshka.edukit.kiev.ua,2024-11-24T18:50:52.526267,0,,
http://lib.kh.ua/,2024-11-24T18:50:52.678875,0,,
http://escriptorium.univer.kharkov.ua/handle/1237075002/958,2024-11-24T18:50:52.781711,0,,
http://www.voronizh-rada.gov.ua/culture/dms.html,2024-11-24T18:50:52.962247,0,,
http://sut3.edu.kh.ua/,2024-11-24T18:50:53.290501,0,,
http://keddau.dp.ua/,2024-11-24T18:50:53.835618,0,,
http://www.castle-museum.info/,2024-11-24T18:50:53.917417,0,,
https://kld-gromada.gov.ua/biblioteki-1581329932/,2024-11-24T18:50:53.984518,0,,
http://eie.khpi.edu.ua,2024-11-24T18:50:54.095650,0,,
https://fst.onaft.edu.ua/,2024-11-24T18:50:54.116490,0,,
http://www.dytbiblioteka-dovzhenka.edukit.cn.ua/,2024-11-24T18:50:54.274324,1,,
https://rbk.cultura.kh.ua/,2024-11-24T18:50:54.368086,0,,
https://ldubgd.edu.ua/content/istorichna-pamyatka,2024-11-24T18:50:54.505800,0,,
http://bibliotekapeblik.blogspot.com/,2024-11-24T18:50:54.653515,0,,
https://karpaty.rocks/region/ivano-frankivska-oblast/dolynskyy-rayon/bolehiv/muzey-nataliyi-kobrynskoyi-filial-muzeyu-im-rskvoriya,2024-11-24T18:50:54.735938,0,,
http://hokm.ks.ua/,2024-11-24T18:50:54.821102,0,,
http://litme.com.ua/,2024-11-24T18:50:54.929516,0,,
http://lugartmuseum.com/,2024-11-24T18:50:55.075539,0,,
http://www.bibl.kharkiv.ua/,2024-11-24T18:50:56.126212,0,,
http://boryspil-lingvasch-bibl.edukit.kiev.ua,2024-11-24T18:50:56.550016,0,,
http://lib.ber.te.ua/,2024-11-24T18:50:56.724286,0,,
http://escriptorium.univer.kharkov.ua/handle/1237075002/1281,2024-11-24T18:50:56.806030,0,,
http://cpo-mriia.edu.kh.ua/,2024-11-24T18:50:57.316309,0,,
https://kamenca.net/,2024-11-24T18:50:57.948481,0,,
https://inc.dp.ua/,2024-11-24T18:50:57.989645,0,,
https://hram-nestor.church.ua/,2024-11-24T18:50:58.010348,0,,
http://www.ivasyuk.org.ua/books.php?lang=uk&id=putivnyk_po_muzeyu-2004,2024-11-24T18:50:58.281489,0,,
http://www.zhovkva-tour.info/,2024-11-24T18:50:58.310849,0,,
http://museum-konst.com/,2024-11-24T18:50:58.399425,0,,
https://museum-gallery.org/,2024-11-24T18:50:58.541403,0,,
http://bibliolujaika.blogspot.com/,2024-11-24T18:50:59.238706,1,,
https://starbib.wordpress.com/,2024-11-24T18:50:59.630539,0,,
http://ist.zolotonosha.ck.ua/,2024-11-24T18:50:59.846178,1,,
https://zoo.kiev.ua/,2024-11-24T18:51:00.133971,0,,
http://www.cbs.ho.ua/,2024-11-24T18:51:00.145379,0,,
http://brovary-rcdut.edukit.kiev.ua,2024-11-24T18:51:00.571838,0,,
http://www.archaeology.odessa.ua/,2024-11-24T18:51:00.828680,0,,
http://library-buryn.org/,2024-11-24T18:51:01.031318,0,,
https://cpostart.wixsite.com/kharkiv,2024-11-24T18:51:01.366512,0,,
http://dbmk.dp.ua/,2024-11-24T18:51:02.012694,0,,
"http://www.zgia.zp.ua/index.php?page=478&lang=ru, http://vestnikzgia.com.ua/, http://www.zgia.zp.ua/index.php?page=478&lang=ru, http://vestnikzgia.com.ua/",2024-11-24T18:51:02.188822,0,,
http://steppe.mk.ua/,2024-11-24T18:51:02.317822,0,,
http://stanislaw.in.ua/,2024-11-24T18:51:02.346676,0,,
http://osbm-buchach.org.ua/,2024-11-24T18:51:02.434192,0,,
https://museumkamyanske.com.ua/,2024-11-24T18:51:02.582187,0,,
https://mistomariupol.com.ua/uk/muzej-narodnogo-pobutu/,2024-11-24T18:51:02.776842,0,,
https://samchikmuseum.wordpress.com/,2024-11-24T18:51:02.893808,0,,
http://lviv.travel/en/lvivgalleries/galleries/~244/galereya-istorichnogo-ukrajinskogo-vijskovogo-odnostroyu,2024-11-24T18:51:03.149824,0,,
http://illi-det-biblioteka.blogspot.com/,2024-11-24T18:51:03.288627,0,,
http://lozova-ub.kh.sch.in.ua/,2024-11-24T18:51:03.666522,0,,
http://kp-cfi.km.ua/,2024-11-24T18:51:03.765308,0,,
http://biblio.grytsiv.km.ua/,2024-11-24T18:51:03.865165,0,,
https://medbook.sumy.ua/,2024-11-24T18:51:03.869579,0,,
http://eparhia-uman.org.ua/,2024-11-24T18:51:04.169194,0,,
http://www.chl.kiev.ua/,2024-11-24T18:51:04.169540,0,,
http://brovary-sch5-bibl.edukit.kiev.ua,2024-11-24T18:51:04.592407,0,,
http://church-viktor.org/,2024-11-24T18:51:04.854333,0,,
https://profy.nlu.org.ua/,2024-11-24T18:51:05.139574,0,,
http://muk.zp.ua/,2024-11-24T18:51:05.388250,0,,
https://dtrek.dp.ua/,2024-11-24T18:51:06.037865,0,,
http://pratsi.opu.ua/,2024-11-24T18:51:06.227002,0,,
https://blk.edu.ua/,2024-11-24T18:51:06.342115,0,,
https://ostriv.org/,2024-11-24T18:51:06.386647,0,,
http://www.uspenie.kiev.ua/,2024-11-24T18:51:06.404160,0,,
https://www.pedcollege.kiev.ua/,2024-11-24T18:51:06.473964,0,,
http://www.dmkd.dp.ua/node/493,2024-11-24T18:51:06.774697,0,,
https://irp.te.ua,2024-11-24T18:51:06.898819,0,,
http://museum.cult.gov.ua/sosnitskiy-literaturno-memorialniy-muzey-oleksandra-dovzhenka/,2024-11-24T18:51:06.916034,0,,
http://nt-art.net/,2024-11-24T18:51:07.178177,0,,
http://belbiblioteka.blogspot.com/,2024-11-24T18:51:07.342349,0,,
http://osmerkinmuseum.kr.ua/,2024-11-24T18:51:07.591493,1,,
http://kpik.org.ua/,2024-11-24T18:51:07.785786,0,,
https://lib.pmg17.vn.ua/,2024-11-24T18:51:07.888754,0,,
http://mirbiblio.pl.ua/,2024-11-24T18:51:07.894295,0,,
http://eparhia.od.ua/,2024-11-24T18:51:08.368954,0,,
http://www.cls.ks.ua/,2024-11-24T18:51:08.502719,0,,
http://litky-sch-bibl.kiev.sch.in.ua,2024-11-24T18:51:08.619598,0,,
https://adventist.in.ua/,2024-11-24T18:51:08.873698,0,,
https://ounuis.info,2024-11-24T18:51:09.217033,0,,
http://evrey.com.ua/ru,2024-11-24T18:51:09.246902,0,,
http://uajs.org.ua/en,2024-11-24T18:51:09.416210,0,,
https://www.kre.dp.ua/,2024-11-24T18:51:10.066006,0,,
https://elisavet.church.ua/,2024-11-24T18:51:10.125083,0,,
"http://journals.uran.ua/chseg, http://hgj.univer.kharkov.ua, http://journals.uran.ua/chseg, http://hgj.univer.kharkov.ua",2024-11-24T18:51:10.252091,0,,
https://www.bahai.kiev.ua/,2024-11-24T18:51:10.332543,0,,
http://liubech-grad.ucoz.net/,2024-11-24T18:51:10.449813,0,,
http://museum.dolyna.info/,2024-11-24T18:51:10.469621,0,,
https://afdnipro.com.ua/,2024-11-24T18:51:10.604273,0,,
http://www.hriver.com.ua/,2024-11-24T18:51:10.604423,0,,
http://teatr-romans.com.ua,2024-11-24T18:51:10.785393,1,,
https://ukrdrama.dp.ua/,2024-11-24T18:51:10.809296,0,,
https://www.travellino.net/countries/ukraine,2024-11-24T18:51:10.921578,1,,
http://vntu.edu.ua/,2024-11-24T18:51:10.983272,0,,
https://www.pharmencyclopedia.com.ua/article/5576/muzej-apteka-yevpatoriya,2024-11-24T18:51:11.000101,0,,
http://bilogorivskaz.ucoz.ua/,2024-11-24T18:51:11.247056,1,,
https://vspu.edu.ua/,2024-11-24T18:51:11.248640,1,,
http://berezbibl7.blogspot.com/,2024-11-24T18:51:11.401173,0,,
https://teatr-dndz.com/,2024-11-24T18:51:11.437911,1,,
http://pechersklibss.kiev.ua/,2024-11-24T18:51:11.472814,1,,
https://kseniya-hram.church.ua/,2024-11-24T18:51:11.487759,1,,
https://biblioteka-franko.od.ua/,2024-11-24T18:51:11.525055,1,,
https://yuriev.com.ua/,2024-11-24T18:51:11.532164,1,,
https://www.bahai.dp.ua/,2024-11-24T18:51:11.610056,0,,
http://parkmuzey.wix.com/izmail,2024-11-24T18:51:11.611042,0,,
http://www.rusdram.com.ua/ > https://lesyatheatre.com.ua/,2024-11-24T18:51:11.741178,0,,
https://octk.com.ua/,2024-11-24T18:51:11.808666,1,,
http://kpkbad.km.ua/,2024-11-24T18:51:11.814177,0,,
http://vmbiblioteka.blogspot.com/,2024-11-24T18:51:11.840592,1,,
http://www.vnmu.edu.ua/,2024-11-24T18:51:11.843470,1,,
http://library.meduniv.lviv.ua/,2024-11-24T18:51:11.914563,0,,
https://letrb.jimdofree.com/,2024-11-24T18:51:11.943213,1,,
http://memory.chornobylmuseum.kiev.ua/,2024-11-24T18:51:11.959023,1,,
http://cbs.gcn.ua/,2024-11-24T18:51:11.998465,1,,
https://irpen.net.ua/,2024-11-24T18:51:12.031787,1,,
http://odportal.com.ua/,2024-11-24T18:51:12.166394,1,,
https://bibliotekanu.jimdofree.com/,2024-11-24T18:51:12.172164,1,,
http://kultura.km.ua/,2024-11-24T18:51:12.210026,1,,
http://bibliochild.blogspot.com/,2024-11-24T18:51:12.210224,1,,
http://memory.chornobylmuseum.kiev.ua/,2024-11-24T18:51:12.302249,1,,
http://ekhsuir.kspu.edu/,2024-11-24T18:51:12.384376,1,,
https://biblchem.jimdofree.com/,2024-11-24T18:51:12.456414,1,,
http://www.desnabib.kiev.ua/,2024-11-24T18:51:12.527957,0,,
http://vpbiblioteka.blogspot.com/,2024-11-24T18:51:12.636921,1,,
http://pgasa.dp.ua/#&panel1-1,2024-11-24T18:51:12.687026,1,,
http://volodarka-rctdu.edukit.kiev.ua,2024-11-24T18:51:12.710117,0,,
http://palac.km.ua/,2024-11-24T18:51:12.981674,1,,
https://reherit.org.ua,2024-11-24T18:51:13.284313,0,,
http://www.golos.com.ua,2024-11-24T18:51:13.438297,0,,
http://prosumy.biz/,2024-11-24T18:51:14.217858,1,,
http://at.khadi.kharkov.ua/index.php/ru/,2024-11-24T18:51:14.284759,0,,
https://www.religio.org.ua/,2024-11-24T18:51:14.362745,1,,
http://www.boryspilmuseum.info/,2024-11-24T18:51:14.553477,1,,
http://memory.chornobylmuseum.kiev.ua/,2024-11-24T18:51:16.323218,0,,
http://kraeved.od.ua/,2024-11-24T18:51:16.353802,0,,
http://dubrlibr.rv.ua/,2024-11-24T18:51:16.409590,0,,
http://mp-eparhia.org.ua/,2024-11-24T18:51:16.445585,0,,
http://www.dnabb.org/,2024-11-24T18:51:16.549981,0,,
http://dspace.lvduvs.edu.ua,2024-11-24T18:51:16.624413,0,,
http://kotovskrcbs.blogspot.com/,2024-11-24T18:51:16.706191,0,,
http://obukhovychi-bibl1.edukit.kiev.ua,2024-11-24T18:51:16.766485,0,,
https://desnabib.kiev.ua/index.php?option=com_content&view=article&id=1172&Itemid=332,2024-11-24T18:51:17.061495,0,,
http://pravoslav.tv/,2024-11-24T18:51:17.508445,0,,
http://www.etno-galushkivka.com.ua/,2024-11-24T18:51:18.142513,0,,
http://www.honchar.org.ua,2024-11-24T18:51:18.577214,0,,
"http://www.tkea.com.ua/tkea/new.html, http://www.tkea.com.ua/english/tkea/new.html, http://www.tkea.com.ua/tkea/new.html, http://www.tkea.com.ua/english/tkea/new.html",2024-11-24T18:51:18.609226,0,,
http://www-museum.univer.kharkov.ua/,2024-11-24T18:51:18.610963,0,,
http://memory.chornobylmuseum.kiev.ua/,2024-11-24T18:51:20.351966,0,,
http://biblio.uad.lviv.ua/,2024-11-24T18:51:20.432022,0,,
https://alexandria-eparhia.org.ua/,2024-11-24T18:51:20.475467,0,,
http://www.franko.crimea.ua/,2024-11-24T18:51:20.581436,0,,
http://www.dridu.dp.ua/,2024-11-24T18:51:20.748555,0,,
https://bibliotekarozdilna.blogspot.com/,2024-11-24T18:51:20.759116,0,,
http://ks-rmc-bibl.edukit.kiev.ua,2024-11-24T18:51:20.839142,0,,
https://www.pomisna.info/,2024-11-24T18:51:20.954694,0,,
https://verkhovyna.life/franko,2024-11-24T18:51:21.135558,0,,
https://karaimkharkiv.wordpress.com/,2024-11-24T18:51:21.348840,0,,
https://ukrainianart.com/,2024-11-24T18:51:21.525526,0,,
http://verim.dp.ua/,2024-11-24T18:51:22.170424,0,,
http://www.lhm.lviv.ua/ekspozyciyi/muzey_shuhevycha.html,2024-11-24T18:51:22.605841,0,,
http://www.problecon.com,2024-11-24T18:51:22.639388,0,,
https://www.olbio.com.ua/ru/html/,2024-11-24T18:51:23.100853,1,,
https://dnipro.islam.ua/,2024-11-24T18:51:24.066987,1,,
http://memory.chornobylmuseum.kiev.ua/,2024-11-24T18:51:24.378154,0,,
https://elfa.archives.gov.ua/uk/poshuk/fund-by-types#,2024-11-24T18:51:24.392085,0,,
https://biblioteka-zolota2015.jimdofree.com/,2024-11-24T18:51:24.536377,0,,
http://www.kobu.kiev.ua,2024-11-24T18:51:24.604214,0,,
http://www.kuzneclib.in.ua,2024-11-24T18:51:24.608112,0,,
http://repo.dma.dp.ua/,2024-11-24T18:51:24.733853,0,,
http://www.historians.in.ua/index.php/en/ukrajina-moderna-2007-2010/,2024-11-24T18:51:24.785862,0,,
http://rozdilna-biblioteka.blogspot.com/,2024-11-24T18:51:24.812498,0,,
http://zhytomyr-eparchy.org.ua/,2024-11-24T18:51:24.870641,1,,
http://vyshneve-sch2-bibl.edukit.kiev.ua,2024-11-24T18:51:24.891760,0,,
https://roerich-podillya.com/,2024-11-24T18:51:25.285262,1,,
https://cwf.com.ua/,2024-11-24T18:51:25.560848,0,,
http://www.niez.com.ua/,2024-11-24T18:51:26.630501,0,,
http://cirk.dn.ua/,2024-11-24T18:51:26.828681,0,,
http://eejpl.vnu.edu.ua,2024-11-24T18:51:27.703092,0,,
http://palac.dp.ua/,2024-11-24T18:51:28.086641,0,,
http://memory.chornobylmuseum.kiev.ua/,2024-11-24T18:51:28.399577,0,,
https://crimea-is-ukraine.org,2024-11-24T18:51:28.452320,0,,
http://www.laginlib.org.ua/,2024-11-24T18:51:28.630079,0,,
https://www.oa.edu.ua/,2024-11-24T18:51:28.855199,0,,
https://bibliotekaliman.blogspot.com/,2024-11-24T18:51:28.867907,0,,
https://www.llitvinova.com/,2024-11-24T18:51:28.873557,0,,
http://volod-library.at.ua/,2024-11-24T18:51:28.908241,0,,
https://lgnau.edu.ua/,2024-11-24T18:51:29.107782,0,,
http://www.htek.km.ua/,2024-11-24T18:51:29.306564,0,,
https://dzhereltse-mudrosti.webnode.com.ua/,2024-11-24T18:51:29.423726,0,,
http://www.circus.zp.ua/,2024-11-24T18:51:30.866459,0,,
http://www.myvin.com.ua/ua/news/useful/53572.html; https://sites.google.com/view/babyni-yary-vinnychchyny/%D0%B2%D1%96%D0%BD%D0%BD%D0%B8%D1%86%D1%8C%D0%BA%D0%B5-%D0%BE%D0%B1%D0%BB%D0%B0%D1%81%D0%BD%D0%B5-%D1%82%D0%BE%D0%B2%D0%B0%D1%80%D0%B8%D1%81%D1%82%D0%B2%D0%BE-%D1%94%D0%B2%D1%80%D0%B5%D0%B9%D1%81%D1%8C%D0%BA%D0%BE%D1%97-%D0%BC%D0%BE%D0%B2%D0%B8-%D1%82%D0%B0-%D0%BA%D1%83%D0%BB%D1%8C%D1%82%D1%83%D1%80%D0%B8,2024-11-24T18:51:31.426817,0,,
http://music-school12.edu.kh.ua,2024-11-24T18:51:31.730498,0,,
https://www.palace.dp.ua/,2024-11-24T18:51:32.107387,0,,
http://boyarka-sch4-bibl.edukit.kiev.ua,2024-11-24T18:51:32.128895,1,,
http://memory.chornobylmuseum.kiev.ua/,2024-11-24T18:51:32.422284,0,,
https://nmiu.org/,2024-11-24T18:51:32.486068,0,,
http://www.lib.kherson.ua/,2024-11-24T18:51:32.673893,0,,
https://libfil1.wixsite.com/krupska-1,2024-11-24T18:51:32.926558,0,,
http://www.chornobyl.net/,2024-11-24T18:51:32.964090,0,,
https://ivankiv-museum.site,2024-11-24T18:51:33.053117,0,,
https://old.library.kr.ua/,2024-11-24T18:51:33.152750,0,,
http://muz.km.ua/,2024-11-24T18:51:33.334836,0,,
http://book5.ucoz.ru/,2024-11-24T18:51:33.465521,0,,
http://byzantina.wordpress.com/,2024-11-24T18:51:33.625470,0,,
http://www.odessatourism.org/en/do/museums/muzej_partizanskoj_slavy_katakomby,2024-11-24T18:51:34.721360,0,,
http://www.puppet.kharkov.ua,2024-11-24T18:51:34.735003,0,,
http://www.lvivcirk.com/,2024-11-24T18:51:34.960330,0,,
https://babynyar.org/en/library/collection/31,2024-11-24T18:51:35.162732,0,,
http://www.irbis-nbuv.gov.ua/cgi-bin/irbis_nbuv/cgiirbis_64.exe?Z21ID=&I21DBN=UJRN&P21DBN=UJRN&S21STN=1&S21REF=10&S21FMT=juu_all&C21COM=S&S21CNR=20&S21P01=0&S21P02=0&S21P03=PREF=&S21COLORTERMS=0&S21STR=apvchzu,2024-11-24T18:51:35.449634,0,,
http://balakliya-sun.edu.kh.ua,2024-11-24T18:51:35.759501,0,,
http://memory.chornobylmuseum.kiev.ua/,2024-11-24T18:51:35.788137,1,,
http://skvyra-artschool.edukit.kiev.ua,2024-11-24T18:51:36.183558,0,,
http://www.lib.nau.edu.ua,2024-11-24T18:51:36.300249,1,,
http://philharmonic.lg.ua/about,2024-11-24T18:51:36.506816,0,,
https://umanska.jimdofree.com/,2024-11-24T18:51:36.609215,0,,
https://drohobych-museum.com/biblioteka/,2024-11-24T18:51:36.675068,1,,
http://dpc.edu.ua/,2024-11-24T18:51:36.969355,1,,
https://diklib.blogspot.com/,2024-11-24T18:51:37.058160,0,,
http://zapovidnyk.org.ua/,2024-11-24T18:51:37.067673,0,,
http://www.kremenchug.su/,2024-11-24T18:51:37.166232,0,,
https://catalog.gallery.pl.ua/,2024-11-24T18:51:37.202524,0,,
http://hmu.km.ua/,2024-11-24T18:51:37.504794,0,,
http://biblioteka13.zp.sch.in.ua/,2024-11-24T18:51:37.610916,0,,
http://www.repin.in.ua,2024-11-24T18:51:38.757948,0,,
https://korolenko.kharkov.com/,2024-11-24T18:51:39.185209,0,,
http://balakliya-cdut.edu.kh.ua,2024-11-24T18:51:39.786035,0,,
http://memory.chornobylmuseum.kiev.ua/,2024-11-24T18:51:39.813195,0,,
http://dytbiblioteka.edukit.kr.ua,2024-11-24T18:51:40.322671,0,,
http://www.lib.onu.edu.ua/,2024-11-24T18:51:40.361516,0,,
https://authenticukraine.com.ua/,2024-11-24T18:51:40.547834,0,,
http://librasakohertz.ucoz.ru/,2024-11-24T18:51:40.651030,0,,
http://www.ilnan.gov.ua,2024-11-24T18:51:40.928266,0,,
http://dtkddtu.dp.ua/,2024-11-24T18:51:40.995344,0,,
http://lplaces.com/ua,2024-11-24T18:51:41.107263,0,,
http://dik-library.blogspot.com/,2024-11-24T18:51:41.200147,0,,
http://hutsul.museum/,2024-11-24T18:51:41.254505,0,,
http://opera.lviv.ua,2024-11-24T18:51:41.319688,0,,
http://www.uniep.km.ua/,2024-11-24T18:51:41.520722,0,,
https://naukovizbirkylnma.wordpress.com/,2024-11-24T18:51:41.693830,0,,
https://www.circus.kiev.ua/,2024-11-24T18:51:43.085188,0,,
https://www.martechlicey.com/,2024-11-24T18:51:43.125585,0,,
http://www.rv.gov.ua/sitenew/kostopilsk/ua/publication/print/3001.htm,2024-11-24T18:51:43.166161,0,,
http://olbio.com.ua/,2024-11-24T18:51:43.206939,0,,
http://andriivka-bdut.edu.kh.ua,2024-11-24T18:51:43.866061,0,,
http://memory.chornobylmuseum.kiev.ua/,2024-11-24T18:51:43.867174,0,,
http://www.libr.dp.ua/,2024-11-24T18:51:44.400191,0,,
http://biblioteka-filiya6.edukit.kr.ua,2024-11-24T18:51:44.454634,0,,
http://www.college-business.dp.ua/,2024-11-24T18:51:45.020174,0,,
https://vkruglov2013.wixsite.com/livepripyat,2024-11-24T18:51:45.234519,0,,
http://biblioteka2012.blogspot.com/,2024-11-24T18:51:45.275627,0,,
https://www.quellen.org.ua/,2024-11-24T18:51:45.486320,0,,
https://www.djc.com.ua/,2024-11-24T18:51:45.688480,0,,
http://www.kgpa.km.ua/,2024-11-24T18:51:45.824176,0,,
https://le-theatre-francais.wixsite.com/deep-theatre,2024-11-24T18:51:47.191728,0,,
http://www.sde.org.ua/muzei.html,2024-11-24T18:51:47.191877,0,,
http://kurulka-biblioteka.edu.kh.ua,2024-11-24T18:51:47.894605,0,,
http://memory.chornobylmuseum.kiev.ua/,2024-11-24T18:51:48.227498,1,,
http://www.library.chnu.edu.ua,2024-11-24T18:51:48.445978,0,,
http://biblioteka-filiya12.edukit.kr.ua,2024-11-24T18:51:48.523312,0,,
https://ukrainianjewishencounter.org/en/,2024-11-24T18:51:48.628264,0,,
https://cmbcbschernivci.wordpress.com/,2024-11-24T18:51:48.716814,0,,
http://ukrainianweek.com,2024-11-24T18:51:49.004035,0,,
http://nkddau.dp.ua/,2024-11-24T18:51:49.042014,0,,
https://ic-chernobyl.kiev.ua/,2024-11-24T18:51:49.292330,0,,
http://kelmentsi-lib.blogspot.com/,2024-11-24T18:51:49.338248,0,,
https://www.quellen.org.ua/,2024-11-24T18:51:49.515247,0,,
http://ukrpolnauka.wordpress.com/,2024-11-24T18:51:49.763651,0,,
https://www.netishynrada.gov.ua/%D1%81%D0%BE%D1%86%D1%96%D0%B0%D0%BB%D1%8C%D0%BD%D0%BE-%D0%B3%D1%83%D0%BC%D0%B0%D0%BD%D1%96%D1%82%D0%B0%D1%80%D0%BD%D0%B0-%D1%81%D1%84%D0%B5%D1%80%D0%B0/kyltyra/,2024-11-24T18:51:49.897382,0,,
http://www.sholomaleichemmuseum.com,2024-11-24T18:51:50.390215,1,,
https://nlu.org.ua/,2024-11-24T18:51:50.539555,1,,
http://golden-lion.com.ua/,2024-11-24T18:51:51.245114,0,,
http://valky-artschool.edu.kh.ua,2024-11-24T18:51:51.925545,0,,
https://portal11.com.ua/,2024-11-24T18:51:52.269102,0,,
http://www.library.kr.ua,2024-11-24T18:51:52.485076,0,,
http://www.library.lviv.ua/,2024-11-24T18:51:52.624235,0,,
http://biblioteka-filiya13.edukit.kr.ua,2024-11-24T18:51:52.754877,0,,
http://ethnology.lviv.ua,2024-11-24T18:51:52.760608,0,,
http://www.sokolov.odessa.ua/,2024-11-24T18:51:52.817501,0,,
http://nkkep.com/,2024-11-24T18:51:53.067395,0,,
http://www.chtyvo.org.ua,2024-11-24T18:51:53.077510,0,,
https://chernobylpeople.ucoz.ua/,2024-11-24T18:51:53.328743,0,,
https://pustunchik.ua/,2024-11-24T18:51:53.356709,0,,
http://iza-mon.church.ua/,2024-11-24T18:51:53.415474,0,,
http://bukpolonia.cv.ua/,2024-11-24T18:51:53.952676,0,,
http://www.shymanovskymuseum.region.in.ua/,2024-11-24T18:51:54.590284,0,,
https://jewishheritageguide.net/,2024-11-24T18:51:54.662237,0,,
https://babynyar.org/en/library/collection/30,2024-11-24T18:51:55.267197,0,,
http://www.puppet.lviv.ua/,2024-11-24T18:51:55.284848,0,,
http://vburluk-cdut.edu.kh.ua,2024-11-24T18:51:55.998706,0,,
https://rohatynjewishheritage.org/,2024-11-24T18:51:56.303615,0,,
http://www.library.onua.edu.ua/,2024-11-24T18:51:56.665344,0,,
http://lvivpharmacy.org.ua/,2024-11-24T18:51:56.794968,0,,
http://pyriatyn-crb.edu.poltava.ua/,2024-11-24T18:51:56.907252,0,,
http://www.neu.edu.ua/,2024-11-24T18:51:57.091305,0,,
https://www.pisni.org.ua,2024-11-24T18:51:57.131906,0,,
https://pripyat-info.at.ua/,2024-11-24T18:51:57.355635,0,,
http://nppsvyatygory.org.ua/,2024-11-24T18:51:57.379735,0,,
http://verkhovyna.life/dovbush,2024-11-24T18:51:57.440716,0,,
https://my.matterport.com/show/?m=XxDnKGZfXJG,2024-11-24T18:51:57.598588,0,,
http://villancicosucranianos.wordpress.com/,2024-11-24T18:51:57.836800,0,,
http://www.obnova-fest.cv.ua/,2024-11-24T18:51:57.980374,0,,
http://www.skovoroda.in.ua/index.php?option=com_content&view=article&id=4&Itemid=6,2024-11-24T18:51:58.615145,0,,
http://drc.usask.ca/projects/pcuh/transformation/eng,2024-11-24T18:51:59.252757,0,,
https://history.korolenko.kharkov.com/istoriografija/,2024-11-24T18:51:59.293037,0,,
http://dergachi-bdut.edu.kh.ua,2024-11-24T18:52:00.025725,0,,
http://www.tavrida.museum.crimea.ua,2024-11-24T18:52:00.703957,1,,
http://www.library.pl.ua,2024-11-24T18:52:00.749150,0,,
http://www.starlibrari.at.ua/,2024-11-24T18:52:00.827354,0,,
https://krc.academy,2024-11-24T18:52:00.847906,0,,
https://dcvisu.pokutia.com/,2024-11-24T18:52:00.908147,0,,
https://lkmpikt.org/,2024-11-24T18:52:01.112619,0,,
https://risu.ua/,2024-11-24T18:52:01.206246,1,,
https://www.chernobyl.one/,2024-11-24T18:52:01.380530,0,,
https://goscha-bibl.at.ua/,2024-11-24T18:52:01.409525,0,,
https://imuseum.ucoz.ua/,2024-11-24T18:52:01.474927,0,,
http://aviamuseum.com.ua/,2024-11-24T18:52:02.108901,1,,
http://irpinculture.org.ua/about/zaklady-kul-tury/istory-ko-krayeznavchy-j-muzej/,2024-11-24T18:52:02.920679,1,,
https://history.korolenko.kharkov.com/hronika-osnovnyh-podij/,2024-11-24T18:52:03.312961,0,,
http://zelyonka.space/,2024-11-24T18:52:03.380088,0,,
https://elib.nlu.org.ua/object.html?id=993,2024-11-24T18:52:03.652729,1,,
http://dergachi-cbs.edu.kh.ua,2024-11-24T18:52:04.042977,0,,
https://ubi.org.ua/uk,2024-11-24T18:52:04.394783,0,,
http://www.tokm.com.ua,2024-11-24T18:52:04.727381,0,,
http://rivnelibr.rv.ua/,2024-11-24T18:52:04.979862,0,,
http://www.library.te.ua/,2024-11-24T18:52:04.990368,0,,
http://ndippp.gov.ua,2024-11-24T18:52:05.025890,0,,
http://lgket.com/,2024-11-24T18:52:05.133067,0,,
http://www.ulif.org.ua,2024-11-24T18:52:05.263118,0,,
http://nppd.com.ua/,2024-11-24T18:52:05.400884,0,,
http://gd-biblioteka.do.am/,2024-11-24T18:52:05.433101,0,,
http://berdichev.org/,2024-11-24T18:52:05.484270,0,,
https://vyzhnytskyi-park.in.ua/,2024-11-24T18:52:06.102815,0,,
http://al.ukma.edu.ua/,2024-11-24T18:52:06.171038,0,,
https://sunic.com.ua/museums/137; http://www.pushkinmuseum.ru/?q=com-push-mus/literaturno-memorialnyy-muzey-pushkina-filial-odesskogo-literaturnogo-muzeya,2024-11-24T18:52:07.103044,0,,
https://history.korolenko.kharkov.com/budivlja-biblioteki/,2024-11-24T18:52:07.347993,0,,
https://kyivmodernballet.com/,2024-11-24T18:52:07.500503,0,,
http://gprystan-crb.edukit.kherson.ua,2024-11-24T18:52:08.065321,0,,
http://muzejew.org.ua/,2024-11-24T18:52:08.433353,0,,
http://www.library.univ.kiev.ua/ukr/title4.php3,2024-11-24T18:52:09.014147,0,,
http://ndiiv.org.ua,2024-11-24T18:52:09.177315,0,,
https://lksep.com/,2024-11-24T18:52:09.217328,0,,
http://vidrodzhennya.org.ua,2024-11-24T18:52:09.345990,0,,
http://younglibzp.com.ua/,2024-11-24T18:52:09.422499,0,,
https://islam-zp.info/,2024-11-24T18:52:09.429736,0,,
http://www.dumkacapella.com.ua/,2024-11-24T18:52:09.454277,0,,
https://seedsandroots.net/category/biblioteka/,2024-11-24T18:52:09.520255,0,,
http://frankolive.wordpress.com/,2024-11-24T18:52:09.950776,0,,
https://sadigura.org/,2024-11-24T18:52:10.120875,0,,
http://dig-content.com.ua,2024-11-24T18:52:10.290200,0,,
http://lib.npu.edu.ua/,2024-11-24T18:52:11.131653,0,,
https://history.korolenko.kharkov.com/personality/pershi-bibliotekari/,2024-11-24T18:52:11.368583,0,,
https://nut.kiev.ua/,2024-11-24T18:52:11.539680,0,,
https://hramlavd.church.ua/,2024-11-24T18:52:11.703189,0,,
http://okm.km.ua/,2024-11-24T18:52:11.765230,0,,
http://bht.edukit.kherson.ua,2024-11-24T18:52:12.087051,0,,
http://nplu.org/,2024-11-24T18:52:12.466482,0,,
https://tsdkffa.archives.gov.ua/,2024-11-24T18:52:12.499172,0,,
http://www.vynnyky.com.ua/,2024-11-24T18:52:12.841225,0,,
http://www.zamnap.org.ua/,2024-11-24T18:52:12.849398,0,,
https://lanvjets-ka-tsbs.webnode.com.ua/,2024-11-24T18:52:13.054806,0,,
https://ulibrv.com.ua/,2024-11-24T18:52:13.210356,0,,
https://770.com.ua/,2024-11-24T18:52:13.239462,0,,
http://www.libr.dp.ua,2024-11-24T18:52:13.367309,0,,
https://knigagalina.jimdofree.com/,2024-11-24T18:52:13.407260,1,,
http://zbmk.zp.ua/,2024-11-24T18:52:13.454149,0,,
http://bibl8zoya.ucoz.ua,2024-11-24T18:52:13.474503,0,,
https://www.nochildrenstories.com,2024-11-24T18:52:13.592016,0,,
http://www.dktd.dp.ua/,2024-11-24T18:52:14.330408,1,,
https://bokshaymuseum.com.ua/app.js,2024-11-24T18:52:14.442282,0,,
http://izbornyk.org.ua/,2024-11-24T18:52:14.898880,1,,
https://artkvadrat.com/,2024-11-24T18:52:15.153575,1,,
http://ichistory.org.ua/,2024-11-24T18:52:15.298297,1,,
http://www.culture.lutsk.ua/,2024-11-24T18:52:15.333781,1,,
https://www.hudakivillageband.com,2024-11-24T18:52:15.394886,1,,
http://gulgorod.com/,2024-11-24T18:52:15.844940,0,,
http://library.dudaryk.ua,2024-11-24T18:52:15.915905,0,,
https://www.mnp.org.ua/,2024-11-24T18:52:16.532739,0,,
http://www.lonpb.com.ua,2024-11-24T18:52:17.086458,0,,
http://www.irbis-nbuv.gov.ua,2024-11-24T18:52:17.396664,0,,
http://kpmu.km.ua/,2024-11-24T18:52:17.477280,0,,
http://dobr-bib-fil1.ucoz.ua,2024-11-24T18:52:17.498165,0,,
https://history.korolenko.kharkov.com/nagorody-biblioteky/,2024-11-24T18:52:17.799750,1,,
http://kyivstones.org,2024-11-24T18:52:17.845314,0,,
http://pryluky-cmb.edukit.cn.ua,2024-11-24T18:52:18.278882,1,,
https://www.bethana.org.ua/,2024-11-24T18:52:18.351749,0,,
https://lipesdatabase.com,2024-11-24T18:52:18.489563,0,,
https://gulyaypolemuseu.at.ua/,2024-11-24T18:52:18.946094,0,,
http://babylibrarivolodymyrec.org.ua/,2024-11-24T18:52:19.332327,0,,
http://biblioteka-filiya16.edukit.kr.ua,2024-11-24T18:52:19.407442,0,,
http://baturin-capital.gov.ua/,2024-11-24T18:52:19.954061,0,,
https://kiev-stolpnik.org.ua/,2024-11-24T18:52:19.973354,0,,
http://en.uartlib.org,2024-11-24T18:52:20.520989,0,,
http://www.lyl.lg.ua,2024-11-24T18:52:21.134885,0,,
http://www.medlib.zp.ua,2024-11-24T18:52:21.265670,0,,
http://en.fpri.kiev.ua,2024-11-24T18:52:21.446853,0,,
http://zbs.com.ua/,2024-11-24T18:52:21.493788,0,,
https://library.korolenko.kharkov.com/digital-education-hub/,2024-11-24T18:52:21.821631,0,,
http://dytbiblioteka-filiya2.edukit.cn.ua,2024-11-24T18:52:22.319879,0,,
https://fil8-cbs-lg.at.ua/,2024-11-24T18:52:22.381028,0,,
https://bokshaymuseum.com.ua/collection/?c=ZH&m=ABCD,2024-11-24T18:52:22.515295,0,,
http://culturelandshaft.wordpress.com/,2024-11-24T18:52:23.084426,0,,
http://biblioteka-filiya19.edukit.kr.ua,2024-11-24T18:52:23.478867,0,,
https://khsms.com/,2024-11-24T18:52:24.006512,0,,
http://museum.depo.vn.ua/,2024-11-24T18:52:24.102332,0,,
https://cv.archives.gov.ua/index.html,2024-11-24T18:52:24.597557,0,,
http://museum.ck.ua/,2024-11-24T18:52:24.733918,0,,
http://www.rare.univ.kiev.ua/eng/index.php3,2024-11-24T18:52:25.467449,0,,
https://sutbibl.wordpress.com/,2024-11-24T18:52:25.514715,0,,
http://epkznu.com/,2024-11-24T18:52:25.515497,0,,
https://doumck.wordpress.com/,2024-11-24T18:52:25.532111,0,,
http://www.mtlib.org.ua,2024-11-24T18:52:25.576837,0,,
https://jewish.km.ua/,2024-11-24T18:52:25.769316,0,,
https://nnph.if.ua/,2024-11-24T18:52:25.771695,0,,
http://www.nbuv.gov.ua/node/546,2024-11-24T18:52:25.876532,0,,
https://biblioteka-nserogozy.blogspot.com/,2024-11-24T18:52:26.115664,1,,
http://gorodnia-cdut.edukit.cn.ua,2024-11-24T18:52:26.354966,0,,
https://bokshaymuseum.com.ua/collection/?c=G&m=ABCD,2024-11-24T18:52:26.542964,0,,
http://library.khpg.org/,2024-11-24T18:52:27.431907,0,,
http://karlivka-biblioteka.edu.poltava.ua,2024-11-24T18:52:27.560238,0,,
http://www.pravoslavya.sumy.ua,2024-11-24T18:52:28.038301,0,,
http://kazkovahatynka.blogspot.com/,2024-11-24T18:52:28.246452,1,,
http://poshyvailo-potters.gov.ua,2024-11-24T18:52:28.779122,0,,
http://www.zkmuseum.com/,2024-11-24T18:52:28.924544,0,,
http://www.znamenka.org.ua/sport.html,2024-11-24T18:52:28.931863,0,,
http://www.arhive.ceramology.gov.ua/,2024-11-24T18:52:28.997271,0,,
http://www.odb.km.ua/,2024-11-24T18:52:29.745658,0,,
http://nsku.org.ua,2024-11-24T18:52:29.766827,0,,
https://library.korolenko.kharkov.com/jak-zapysatysja/,2024-11-24T18:52:29.897485,0,,
http://gorodnia-dkz.edukit.cn.ua,2024-11-24T18:52:30.387714,0,,
https://bokshaymuseum.com.ua/collection/?c=S&m=ABCD,2024-11-24T18:52:30.562465,0,,
http://nbukids.wordpress.com/,2024-11-24T18:52:31.153700,0,,
https://pk.khnnra.edu.ua/,2024-11-24T18:52:31.187452,0,,
http://alchevsk-cdut.edukit.lg.ua,2024-11-24T18:52:31.204254,1,,
https://cityface.karazin.ua/,2024-11-24T18:52:31.465774,0,,
https://kehilalinks.jewishgen.org/stavishche/resources.html,2024-11-24T18:52:32.168976,0,,
https://hanicki-school.at.ua/,2024-11-24T18:52:32.267824,0,,
https://dp.archives.gov.ua/,2024-11-24T18:52:32.671493,0,,
https://crashmuseum.in.ua/,2024-11-24T18:52:32.952875,0,,
http://www.odnb.odessa.ua/,2024-11-24T18:52:33.781516,0,,
https://kyivmural.com/,2024-11-24T18:52:33.961160,0,,
https://bibliotekaostrovsk.wordpress.com/,2024-11-24T18:52:34.153680,0,,
http://mena-crb.edukit.cn.ua/,2024-11-24T18:52:34.420795,0,,
https://izum.church.ua/,2024-11-24T18:52:34.481821,0,,
http://spmm.church/,2024-11-24T18:52:34.488968,0,,
https://bokshaymuseum.com.ua/collection/?c=DPM&m=ABCD,2024-11-24T18:52:34.585843,0,,
https://www.prekrasastudio.com/,2024-11-24T18:52:35.099745,0,,
http://melitopol.islam.ua/,2024-11-24T18:52:35.228125,0,,
http://homezoo.com.ua/,2024-11-24T18:52:35.247044,0,,
http://oblenc.edukit.lg.ua,2024-11-24T18:52:35.290988,0,,
http://chigirinzapovidnyk.org.ua,2024-11-24T18:52:36.188987,0,,
http://biblioyar.at.ua/,2024-11-24T18:52:36.287567,0,,
https://faeton.zp.ua/,2024-11-24T18:52:36.995985,0,,
http://shevchenko-museum.com.ua/,2024-11-24T18:52:37.055089,0,,
https://dnab.archives.gov.ua/,2024-11-24T18:52:37.867056,0,,
http://www.history.odessa.ua/,2024-11-24T18:52:37.886970,0,,
https://cdiak.archives.gov.ua/spysok_fondiv/1164/0001/,2024-11-24T18:52:37.973802,0,,
https://library.vnu.edu.ua/,2024-11-24T18:52:38.485220,0,,
https://myizyum.in.ua/2015/06/19/%D0%BC%D1%83%D0%B7%D0%B5%D0%B9-%D0%BF%D0%BE%D0%B4-%D0%BE%D1%82%D0%BA%D1%80%D1%8B%D1%82%D1%8B%D0%BC-%D0%BD%D0%B5%D0%B1%D0%BE%D0%BC-%D0%B2-%D0%B8%D0%B7%D1%8E%D0%BC%D0%B5/,2024-11-24T18:52:38.511077,0,,
https://www.museum.lviv.ua/,2024-11-24T18:52:38.714315,0,,
https://kau.com.ua/,2024-11-24T18:52:39.192440,0,,
http://svoye.wordpress.com/,2024-11-24T18:52:39.221656,0,,
http://popasna-bdut.edukit.lg.ua,2024-11-24T18:52:39.379235,0,,
http://dic.com.ua/,2024-11-24T18:52:39.477488,0,,
http://sumy-sob.church.ua/,2024-11-24T18:52:40.127429,0,,
https://nml.com.ua/en/,2024-11-24T18:52:40.755805,0,,
http://kotsubinsky.org/,2024-11-24T18:52:41.115927,0,,
https://kochur.do.am/,2024-11-24T18:52:41.116920,0,,
http://museum.cult.gov.ua/istoryko-arheolohichnyj-muzejnyj-kompleks-drevnij-lyubech/,2024-11-24T18:52:41.895303,0,,
http://www.rare.univ.kiev.ua/ukr/,2024-11-24T18:52:41.998733,0,,
https://rozmova.wordpress.com/,2024-11-24T18:52:42.029370,0,,
https://bibliotekavln.wordpress.com/,2024-11-24T18:52:42.197007,0,,
http://www.dobrabiblioteka.cv.ua/,2024-11-24T18:52:42.212145,0,,
http://kultura.sm.gov.ua/,2024-11-24T18:52:42.534038,0,,
http://www.museum.mk.ua,2024-11-24T18:52:42.777111,0,,
http://hnlib.vn.ua/,2024-11-24T18:52:42.854174,0,,
http://vin-rbk.at.ua/,2024-11-24T18:52:43.398234,0,,
https://ifnnim.wunu.edu.ua/,2024-11-24T18:52:43.412800,0,,
http://www.utei-knteu.org.ua/,2024-11-24T18:52:43.453572,0,,
https://chnpp.gov.ua/,2024-11-24T18:52:43.518895,0,,
https://19111988.jimdofree.com,2024-11-24T18:52:43.551025,0,,
https://travel.trostyanets.com/,2024-11-24T18:52:44.231013,0,,
https://my.matterport.com/show/?m=ekRQmewCeg4,2024-11-24T18:52:44.232250,0,,
https://ludkevytch.in.ua/,2024-11-24T18:52:45.265794,0,,
http://museum.cult.gov.ua/osterskyj-krajeznavchyj-muzej/,2024-11-24T18:52:45.922127,0,,
https://kray.korolenko.kharkov.com/,2024-11-24T18:52:46.020929,0,,
https://ukrarchipedia.com/,2024-11-24T18:52:46.134278,0,,
https://bilozerkacbs.blogspot.com/,2024-11-24T18:52:46.263511,0,,
http://lib.puet.edu.ua,2024-11-24T18:52:46.408029,0,,
https://kultura.dn.gov.ua/,2024-11-24T18:52:46.587168,0,,
https://dovzhenkocentre.org/,2024-11-24T18:52:46.869814,0,,
http://radoshivskasb.at.ua/,2024-11-24T18:52:47.418828,0,,
http://lubny-bibl-malyka.edu.poltava.ua,2024-11-24T18:52:47.464120,0,,
https://sofievka.org/,2024-11-24T18:52:47.590693,0,,
https://skadovsk.delfinarium.com.ua/,2024-11-24T18:52:47.626287,0,,
https://www.fjc.org.ua/,2024-11-24T18:52:47.634355,0,,
http://2018.hubs.org.ua/index-en.html,2024-11-24T18:52:47.771000,0,,
http://holocaust.kiev.ua/,2024-11-24T18:52:48.338437,0,,
https://dn.archives.gov.ua/spysok-metrychnyh-knyg/,2024-11-24T18:52:48.796796,0,,
https://kramatmuseum.wordpress.com,2024-11-24T18:52:49.219505,0,,
https://composersukraine.org/,2024-11-24T18:52:49.414032,0,,
http://museum.cult.gov.ua/horodnyanskyj-istoryko-krajeznavchyj-muzej/,2024-11-24T18:52:49.941325,0,,
https://library.korolenko.kharkov.com/proekty-ta-granty/,2024-11-24T18:52:50.041958,0,,
https://verkhovyna.life,2024-11-24T18:52:50.158101,0,,
https://www.olexkkim.com/,2024-11-24T18:52:50.283626,0,,
https://yermilovcentre.org/,2024-11-24T18:52:50.441550,0,,
https://kultura-poltava.gov.ua/,2024-11-24T18:52:50.616214,0,,
http://vgpk.com.ua/,2024-11-24T18:52:50.965701,0,,
http://izrdb.at.ua/,2024-11-24T18:52:51.440114,0,,
https://city-library.uz.ua/,2024-11-24T18:52:51.577243,0,,
https://chersonesos-sev.ru/,2024-11-24T18:52:51.627446,0,,
http://libraryskad.blogspot.com/,2024-11-24T18:52:51.679560,0,,
http://www.muzdepartament.uz.ua/,2024-11-24T18:52:51.695977,0,,
http://retro.zp.ua/,2024-11-24T18:52:51.809452,0,,
http://library.sokal.lviv.ua/,2024-11-24T18:52:52.464740,0,,
https://libnadvirna.if.ua/,2024-11-24T18:52:52.854789,1,,
https://www.memo.ru,2024-11-24T18:52:53.000423,1,,
http://krolevets.com/museum.php,2024-11-24T18:52:53.437369,0,,
https://judaica.kiev.ua/old/eng/indexEng.html,2024-11-24T18:52:54.067068,0,,
http://www.terebovlia-biblioteka.edukit.te.ua/,2024-11-24T18:52:54.207835,0,,
https://nuau1938.wixsite.com/nuau/home,2024-11-24T18:52:54.211523,0,,
https://biblio-pravo.wixsite.com/biblio-pravo,2024-11-24T18:52:54.336462,0,,
http://www.photosed.net/,2024-11-24T18:52:54.638340,0,,
http://sd.maup.com.ua/,2024-11-24T18:52:54.644566,0,,
https://dal.lg.ua/,2024-11-24T18:52:55.014425,0,,
http://trening-center.edukit.lviv.ua/,2024-11-24T18:52:55.049004,0,,
http://klubivskasb.at.ua/,2024-11-24T18:52:55.468532,0,,
http://www.kharkov.ua/culture/architec.htm,2024-11-24T18:52:55.663766,0,,
https://kultura-zak.gov.ua/,2024-11-24T18:52:55.731220,0,,
https://cultua.org/,2024-11-24T18:52:55.754047,0,,
https://nuart.com.ua/,2024-11-24T18:52:55.901080,0,,
https://panteleimon-od.church.ua/,2024-11-24T18:52:56.359669,0,,
https://www.angelfire.com/tn/tysovska/,2024-11-24T18:52:56.510628,0,,
https://lnulibrary.lviv.ua/,2024-11-24T18:52:56.840011,0,,
http://klevanlibr.rv.ua/,2024-11-24T18:52:56.893346,0,,
https://glassmuseuminlviv.org/,2024-11-24T18:52:57.254487,0,,
http://gender.at.ua/,2024-11-24T18:52:57.471815,0,,
https://libenc.korolenko.kharkov.com/,2024-11-24T18:52:58.101392,0,,
http://artmuseum.lebedyn.org/,2024-11-24T18:52:58.247208,0,,
https://www.museumsun.org/,2024-11-24T18:52:58.254674,0,,
https://cdut-energodar.wixsite.com/cdut-energodar,2024-11-24T18:52:58.393521,0,,
http://if.archives.gov.ua/,2024-11-24T18:52:58.503911,0,,
https://tsdazu.archives.gov.ua/,2024-11-24T18:52:58.533354,0,,
https://sed-eparhia.com/,2024-11-24T18:52:58.900170,0,,
https://biomed.knu.ua/fotohalereia/shkoliaram.html,2024-11-24T18:52:59.109159,0,,
http://plugnenskasb.at.ua/,2024-11-24T18:52:59.492864,0,,
http://cantuschoir.org/,2024-11-24T18:52:59.811652,0,,
https://museum.zp.ua/,2024-11-24T18:52:59.885625,0,,
http://www.hansaray.crimea.com/,2024-11-24T18:52:59.926422,0,,
https://homin.etnoua.info/,2024-11-24T18:53:00.400858,0,,
http://www.smila-mcb.edukit.ck.ua/,2024-11-24T18:53:00.646497,0,,
http://kovelbook.com.ua/,2024-11-24T18:53:01.060266,0,,
https://dobrabiblioteka.cv.ua/ua,2024-11-24T18:53:01.279910,0,,
http://museums.lnu.edu.ua/,2024-11-24T18:53:01.288551,0,,
http://www.belinskogo.kh.ua/,2024-11-24T18:53:01.507874,0,,
http://holocaustmuseum.kharkov.ua/,2024-11-24T18:53:02.182663,0,,
https://www.museum-ukraine.info,2024-11-24T18:53:02.337000,0,,
https://bcdutosvitazp.wixsite.com/cdut,2024-11-24T18:53:02.450190,0,,
http://solzhenitsyn-exhibition.ru/exposition/index.php,2024-11-24T18:53:02.641308,0,,
https://cbs.rv.ua/,2024-11-24T18:53:03.120426,0,,
http://museumkiev.org/,2024-11-24T18:53:03.128759,0,,
http://khrystivska-sb.at.ua/,2024-11-24T18:53:03.515282,0,,
https://zakchoir.com.ua/,2024-11-24T18:53:03.844512,0,,
https://spadok.org.ua/,2024-11-24T18:53:03.989196,0,,
https://detskayadoroga-zp.jimdofree.com/,2024-11-24T18:53:04.153143,1,,
http://www.zoloti-vorota.cc.ua/,2024-11-24T18:53:04.440585,0,,
http://www.symonenkolib.ck.ua/,2024-11-24T18:53:04.876153,0,,
https://cbsdarniza.kiev.ua/,2024-11-24T18:53:05.133276,0,,
https://goldenukr.com.ua/,2024-11-24T18:53:05.307537,0,,
http://www.lib.uzhnu.edu.ua/,2024-11-24T18:53:05.351454,0,,
http://naukvisnyknmau.com.ua/,2024-11-24T18:53:05.749017,0,,
http://www.jewish-museum-marmer.dp.ua,2024-11-24T18:53:05.882629,0,,
https://www.olbio.com.ua/ua/html/,2024-11-24T18:53:06.202122,0,,
http://theschoolofkyiv.org/,2024-11-24T18:53:06.409026,0,,
http://othk.com.ua/,2024-11-24T18:53:06.473109,0,,
http://www.ounb.km.ua/,2024-11-24T18:53:07.169071,0,,
http://bilivska-sb.ucoz.net/,2024-11-24T18:53:07.538317,0,,
http://teatr-khust.com.ua/,2024-11-24T18:53:07.966280,0,,
http://www.tovtry.com/,2024-11-24T18:53:08.002772,0,,
http://www.teatr.pl.ua/,2024-11-24T18:53:08.268118,0,,
http://library.uipa.edu.ua/,2024-11-24T18:53:08.404911,0,,
https://pavlomuravskyi.com/,2024-11-24T18:53:08.477241,0,,
http://kyiv-credo-choir.com/,2024-11-24T18:53:08.730142,0,,
https://kazky.org.ua/,2024-11-24T18:53:08.915425,0,,
http://www.dzvinochok.kiev.ua/,2024-11-24T18:53:09.144869,1,,
https://lmcbs.lutsk.ua/,2024-11-24T18:53:09.175734,0,,
http://muzeum.in.ua/,2024-11-24T18:53:10.060650,0,,
http://memory.chornobylmuseum.kiev.ua/,2024-11-24T18:53:10.225363,0,,
https://biblioteka-sl-dorosla.jimdofree.com,2024-11-24T18:53:10.318711,0,,
https://vufku.org/,2024-11-24T18:53:10.445943,0,,
https://donyns.e-schools.info/,2024-11-24T18:53:10.492873,0,,
https://www.history.az/en/,2024-11-24T18:53:10.742499,0,,
https://mitrofan.church.ua/,2024-11-24T18:53:11.001313,0,,
http://ripkivska-sb.at.ua/,2024-11-24T18:53:11.568523,0,,
http://shpark.com.ua/,2024-11-24T18:53:12.098256,0,,
http://www.stknuft.com.ua/,2024-11-24T18:53:12.105224,0,,
https://krystynopol.info/,2024-11-24T18:53:12.545578,0,,
http://fest-mg.in.ua/,2024-11-24T18:53:12.705249,0,,
http://www.mashke.org/kievtram/museum/index.html,2024-11-24T18:53:12.955611,0,,
http://revutsky.at.ua/,2024-11-24T18:53:13.182887,0,,
http://shchedryk.in.ua/,2024-11-24T18:53:13.189688,0,,
https://www.mundm.kiev.ua/,2024-11-24T18:53:13.372434,0,,
https://ui.org.ua/en,2024-11-24T18:53:13.463997,0,,
http://memory.chornobylmuseum.kiev.ua/,2024-11-24T18:53:14.251576,0,,
http://www.ukrbook.net,2024-11-24T18:53:14.360334,0,,
http://kuzneclib.in.ua,2024-11-24T18:53:14.418807,0,,
https://rajjsjun.e-schools.info/,2024-11-24T18:53:14.513629,0,,
https://oralhistory.com.ua,2024-11-24T18:53:14.784378,0,,
http://www.lisugol.com/Musei.aspx,2024-11-24T18:53:15.042583,0,,
http://lia.lvivcenter.org/,2024-11-24T18:53:15.205496,0,,
http://ladyzhyn-mon.church.ua/,2024-11-24T18:53:15.207695,0,,
http://storinkamiukraini.blogspot.com/,2024-11-24T18:53:15.628332,0,,
https://nppg.gov.ua/,2024-11-24T18:53:16.187673,0,,
http://www.monada-khust.com.ua/,2024-11-24T18:53:16.249174,0,,
http://feldmanmuseum.org/,2024-11-24T18:53:16.478069,0,,
https://museum.mandarinclubhouse.com.ua/,2024-11-24T18:53:16.500426,0,,
https://limpopo-zoo.com.ua/,2024-11-24T18:53:16.955173,1,,
http://ukrlife.org/,2024-11-24T18:53:17.110007,0,,
http://siver.org.ua/,2024-11-24T18:53:17.209820,0,,
https://jmhum.org/,2024-11-24T18:53:17.415605,0,,
https://hortica.zp.ua/ua/,2024-11-24T18:53:17.637989,0,,
http://oralhistory.org.ua/,2024-11-24T18:53:18.116068,0,,
https://korolenko.kharkov.com/virtual_vistavki/pisanki/index1.html,2024-11-24T18:53:18.277716,0,,
https://baturin-capital.gov.ua/,2024-11-24T18:53:18.445606,0,,
https://korabelniy.wordpress.com/,2024-11-24T18:53:18.521912,0,,
https://denc.e-schools.info/,2024-11-24T18:53:18.535106,0,,
http://library.zu.edu.ua/,2024-11-24T18:53:18.821012,0,,
http://www.museumkiev.org/paleontology.html,2024-11-24T18:53:19.230136,0,,
https://www.06452.com.ua/news/2860377/istoria-odnogo-zdania-dvorec-kultury-himikov,2024-11-24T18:53:19.252045,1,,
http://vivatbiblio.blogspot.com/,2024-11-24T18:53:20.307459,0,,
https://aptekanarodmed.com.ua/,2024-11-24T18:53:20.592750,0,,
http://saxalin.com.ua/,2024-11-24T18:53:20.610266,0,,
http://www.sokal.lviv.ua/halereia-galery.html,2024-11-24T18:53:21.043656,0,,
https://dayting.com.ua/uk/,2024-11-24T18:53:21.231114,0,,
http://pridunavie.com.ua,2024-11-24T18:53:21.243468,0,,
http://liman-mon.church.ua/,2024-11-24T18:53:21.266150,0,,
https://chinese-studies.com.ua/,2024-11-24T18:53:21.559319,0,,
https://ukr.sovfarfor.com/,2024-11-24T18:53:21.754410,0,,
https://korolenko.kharkov.com/virtual_vistavki/Havkina/titl3.html,2024-11-24T18:53:22.300273,0,,
http://polonne-crb.at.ua/,2024-11-24T18:53:22.491321,0,,
https://donoenc.e-schools.info/,2024-11-24T18:53:22.555530,0,,
"http://ejournal.diit.edu.ua:81/ojs/index.php/AVFD, http://ampr.diit.edu.ua/, http://ejournal.diit.edu.ua:81/ojs/index.php/AVFD, http://ampr.diit.edu.ua/",2024-11-24T18:53:22.681726,0,,
http://www.buchachlibrary.te.ua/,2024-11-24T18:53:22.857082,0,,
http://chobd.ck.ua/index.php/,2024-11-24T18:53:23.328126,0,,
http://inter.kpi.ua/,2024-11-24T18:53:23.356839,0,,
http://ukrfamily.com.ua,2024-11-24T18:53:23.361040,0,,
https://kmcbsf7.wordpress.com/,2024-11-24T18:53:23.667887,0,,
https://karpatskyi-park.in.ua/,2024-11-24T18:53:24.297747,0,,
http://vin-rdb.blogspot.com/,2024-11-24T18:53:24.359581,0,,
http://zolo.gov.ua/istory-chni-pam-yatky-zolotonoshi/,2024-11-24T18:53:25.082007,0,,
https://libgonchar.org,2024-11-24T18:53:25.277248,0,,
https://jmhum.org/,2024-11-24T18:53:25.592617,0,,
https://monasteries.org.ua/,2024-11-24T18:53:25.877103,0,,
https://korolenko.kharkov.com/virtual_vistavki/Mosaika/Borman.html,2024-11-24T18:53:26.321030,0,,
http://dtdu.ucoz.ua/,2024-11-24T18:53:26.574742,0,,
https://delibfive.wordpress.com/,2024-11-24T18:53:26.588469,0,,
http://chemistry.dnu.dp.ua/,2024-11-24T18:53:26.709724,0,,
https://www.brodyhistory.org.ua/photo/pamyatky-arheologiyi/,2024-11-24T18:53:26.954365,0,,
http://lyadov-mon.church.ua/,2024-11-24T18:53:27.315078,0,,
https://namumuseum.business.site,2024-11-24T18:53:27.419396,0,,
http://library.kharkov.ua/source/exposition/?id=59,2024-11-24T18:53:27.520370,0,,
http://bibliokid.if.ua/,2024-11-24T18:53:27.563039,0,,
http://muk-cdb.blogspot.com/,2024-11-24T18:53:28.414654,0,,
http://teatr-neft.com/ua,2024-11-24T18:53:28.682087,0,,
http://levch.ho.ua/top.html,2024-11-24T18:53:29.081451,1,,
https://www.roippo.org.ua/,2024-11-24T18:53:29.139813,0,,
https://byshiv-rada.gov.ua/zakladi-kulturi-11-22-25-04-06-2021/,2024-11-24T18:53:29.300881,0,,
https://mpk-chayka.org.ua/,2024-11-24T18:53:29.306141,0,,
http://art14.com.ua/en/test/,2024-11-24T18:53:29.638039,0,,
https://korolenko.kharkov.com/virtual_vistavki/Rarytety/r1.html,2024-11-24T18:53:30.343313,0,,
http://babynyar.gov.ua/,2024-11-24T18:53:30.594492,0,,
https://centerorfey.wixsite.com//mysite,2024-11-24T18:53:30.646846,0,,
http://pharmed.zsmu.edu.ua,2024-11-24T18:53:30.733216,0,,
http://library.kharkov.ua/source/exposition/?id=58,2024-11-24T18:53:31.543381,0,,
http://dihm.pp.ua/,2024-11-24T18:53:31.548845,0,,
https://www.library.kpi.ua/,2024-11-24T18:53:31.705224,0,,
http://memorial.kiev.ua/,2024-11-24T18:53:32.404255,0,,
https://dut5biblioteka.blogspot.com/,2024-11-24T18:53:32.469472,0,,
http://www.zapereval.ru/,2024-11-24T18:53:32.498170,0,,
http://www.delcc.donetsk.ua/,2024-11-24T18:53:32.518310,0,,
http://www.mari.kiev.ua/,2024-11-24T18:53:32.862373,0,,
http://hm-library.com.ua/,2024-11-24T18:53:33.119802,0,,
http://zoopark.rv.ua/,2024-11-24T18:53:33.243489,0,,
http://www.bkm.zp.ua/,2024-11-24T18:53:33.315433,0,,
http://ukrdim.com.ua/,2024-11-24T18:53:33.419234,0,,
https://korolenko.kharkov.com/virtual_vistavki/Journals/J0.html,2024-11-24T18:53:34.367512,0,,
https://lcnttum.wixsite.com/lcnttum,2024-11-24T18:53:34.697176,0,,
http://pat.zsmu.edu.ua,2024-11-24T18:53:34.760656,0,,
https://mkrada.gov.ua/content/kulturni-zakladi.html,2024-11-24T18:53:34.799254,0,,
https://www.ifnmu.edu.ua/uk/medychni-vystavky,2024-11-24T18:53:35.019262,0,,
http://library.kharkov.ua/source/exposition/?id=57,2024-11-24T18:53:35.567289,0,,
https://m17.kiev.ua/,2024-11-24T18:53:35.633655,0,,
https://slavuta-mpk.jimdofree.com/,2024-11-24T18:53:35.759314,0,,
https://castles.com.ua/,2024-11-24T18:53:35.833532,0,,
http://perdutbibl.blogspot.com/,2024-11-24T18:53:36.521408,0,,
http://donnuet.education/,2024-11-24T18:53:36.846067,0,,
http://resource.history.org.ua/,2024-11-24T18:53:37.014273,0,,
http://www.ounb.km.ua/,2024-11-24T18:53:37.140345,0,,
http://bizukov.org.ua/,2024-11-24T18:53:37.226934,0,,
https://heritageua.dcvisu.com/,2024-11-24T18:53:37.338083,0,,
https://dubno.uu.edu.ua/,2024-11-24T18:53:37.366093,0,,
https://artmuseum.kh.ua/,2024-11-24T18:53:37.442015,0,,
https://dp.archives.gov.ua,2024-11-24T18:53:37.681344,0,,
https://aviamuseum.com.ua/3d.html,2024-11-24T18:53:38.387569,0,,
http://zmj.zsmu.edu.ua,2024-11-24T18:53:38.783503,0,,
https://cvrhm1978.wixsite.com/lisichanskcvrhm,2024-11-24T18:53:38.787696,0,,
"http://visnyk-mmi.kpi.ua, http://journal.mmi.kpi.ua/old, http://visnyk-mmi.kpi.ua, http://journal.mmi.kpi.ua/old",2024-11-24T18:53:38.792130,0,,
http://ofam.od.ua/publications/,2024-11-24T18:53:39.040073,0,,
https://mfkti.mk.ua/,2024-11-24T18:53:39.078709,0,,
https://sites.google.com/site/severcentrturizma/,2024-11-24T18:53:39.147087,1,,
http://galaykovtsy-mon.church.ua/,2024-11-24T18:53:39.398254,0,,
http://library.kharkov.ua/source/exposition/?id=56,2024-11-24T18:53:39.588584,0,,
http://bkm.in.ua/,2024-11-24T18:53:39.734786,0,,
https://avdvca.gov.ua/index.php?option=com_content&view=category&layout=blog&id=86&Itemid=219,2024-11-24T18:53:39.781817,0,,
http://antracit.glo.ua,2024-11-24T18:53:39.786705,0,,
http://history-malyn.in.ua,2024-11-24T18:53:39.818630,0,,
https://korsunzapovidnyk.com.ua/,2024-11-24T18:53:39.855884,0,,
http://stepanovka-mon.church.ua/,2024-11-24T18:53:40.462247,0,,
http://bilunbiblioteka.blogspot.com/,2024-11-24T18:53:40.575619,0,,
http://phd.znu.edu.ua/,2024-11-24T18:53:40.884891,0,,
https://panteleimon-od.church.ua/,2024-11-24T18:53:41.214958,1,,
https://dof.myart.org.ua/,2024-11-24T18:53:41.361793,1,,
http://educom.org.ua/,2024-11-24T18:53:41.462370,0,,
http://zvcaves.kiev.ua/,2024-11-24T18:53:41.466674,1,,
https://www.tkfk.te.ua/,2024-11-24T18:53:41.478653,0,,
https://museum.net.ua/,2024-11-24T18:53:41.573437,0,,
http://nvimu.com.ua/,2024-11-24T18:53:41.705342,0,,
http://zoo.nikolaev.ua/,2024-11-24T18:53:41.789519,1,,
http://eehb.dspu.edu.ua/article/view/246900,2024-11-24T18:53:41.823712,1,,
http://jinrohcircus.com/,2024-11-24T18:53:41.873532,1,,
http://joseph.org.ua/,2024-11-24T18:53:41.972163,0,,
http://www.eparhia.mk.ua/,2024-11-24T18:53:42.149734,1,,
https://cultura.mkrada.gov.ua/,2024-11-24T18:53:42.681279,1,,
https://zovorychi.church.ua/,2024-11-24T18:53:42.944220,1,,
https://tetyanivka-mon.church.ua/,2024-11-24T18:53:43.021708,1,,
https://library.nlu.edu.ua/,2024-11-24T18:53:43.146144,1,,
http://www.museum.ck.ua/,2024-11-24T18:53:43.799429,0,,
http://www.niez.com.ua,2024-11-24T18:53:43.837299,0,,
http://tmc.te.ua/,2024-11-24T18:53:43.985534,1,,
http://www.batjkivshhyna-tarasa.com.ua/index.html,2024-11-24T18:53:44.248800,0,,
http://dilovebiblioteka.blogspot.com/,2024-11-24T18:53:44.639778,0,,
http://www.lnau.lviv.ua,2024-11-24T18:53:45.703843,0,,
http://database.jewishheritage.org.ua/en/,2024-11-24T18:53:45.744687,0,,
http://zoctkum.ucoz.ua/,2024-11-24T18:53:45.898541,0,,
http://royaldanceteam.com.ua/,2024-11-24T18:53:45.908193,0,,
http://csic.com.ua/en/about-the-journal,2024-11-24T18:53:46.964174,0,,
https://youthcenters.net.ua,2024-11-24T18:53:46.970467,0,,
http://library.znu.edu.ua/,2024-11-24T18:53:47.039396,0,,
http://lvivgallery.org.ua,2024-11-24T18:53:47.182578,0,,
http://mayakovka.od.ua,2024-11-24T18:53:47.856816,0,,
http://olha-church.org.ua/web/,2024-11-24T18:53:47.862400,0,,
http://www.yunilibr.rv.ua/,2024-11-24T18:53:47.920707,0,,
https://mgallery.kharkov.ua/en/,2024-11-24T18:53:47.988528,0,,
https://culture.te.gov.ua/,2024-11-24T18:53:48.079158,0,,
https://www.iananu.org.ua/vidannya/naukovi-monografiji,2024-11-24T18:53:48.274530,0,,
http://kostulivkabiblioteka.blogspot.com/,2024-11-24T18:53:48.698052,0,,
http://www.paustovskiy.od.ua/,2024-11-24T18:53:49.821729,0,,
http://archaeologicalmuseum.ra.ck.ua/,2024-11-24T18:53:49.895736,0,,
https://cdiak.archives.gov.ua/daparat.php,2024-11-24T18:53:49.896990,0,,
https://www.katakomby.pro/en/odessa-catacombs/,2024-11-24T18:53:49.932552,0,,
http://www.buzkiy-gard.org/,2024-11-24T18:53:50.866102,0,,
https://constructivism-kharkiv.com/,2024-11-24T18:53:51.003302,0,,
http://vislib.onu.edu.ua/,2024-11-24T18:53:51.005748,0,,
https://web.znu.edu.ua/NIS/,2024-11-24T18:53:51.107396,0,,
http://baturinmaklay.com,2024-11-24T18:53:51.273397,0,,
http://kultura-mih.at.ua/,2024-11-24T18:53:51.890036,0,,
http://resource.history.org.ua/cgi-bin/eiu/history.exe?I21DBN=EJRN&P21DBN=EJRN&S21SRW=name&S21SRD=UP&S21REF=10&S21CNR=50&S21STN=1&S21FMT=j_brief&C21COM=S&2_S21P03=VTYP=&2_S21STR=J,2024-11-24T18:53:52.013380,0,,
https://knteu.kiev.ua/blog/read/?pid=7240&uk,2024-11-24T18:53:52.023549,0,,
http://www.neuhausmuseum.region.in.ua/,2024-11-24T18:53:52.166018,0,,
https://lutsk.uu.edu.ua/,2024-11-24T18:53:52.321881,0,,
http://www.niklib.com,2024-11-24T18:53:52.352071,0,,
http://librarykazka.blogspot.com/,2024-11-24T18:53:52.765124,0,,
http://eehb.dspu.edu.ua/issue/archive,2024-11-24T18:53:53.922769,0,,
https://marinovka-mon.church.ua/,2024-11-24T18:53:53.923395,1,,
http://stancia.at.ua/,2024-11-24T18:53:53.951490,0,,
http://museumlit.org.ua/,2024-11-24T18:53:54.039831,0,,
https://igu.org.ua/books,2024-11-24T18:53:54.122383,0,,
https://libsed.wixsite.com/libsed/,2024-11-24T18:53:54.161267,1,,
http://sloboda-mon.church.ua/,2024-11-24T18:53:54.564290,0,,
http://www.artmuseum.zp.ua/,2024-11-24T18:53:54.759435,1,,
http://dolyna-mon.church.ua/,2024-11-24T18:53:55.127099,0,,
https://scientific-rating.znu.edu.ua,2024-11-24T18:53:55.148993,0,,
http://idvamnu.com.ua/,2024-11-24T18:53:55.152583,0,,
http://yu.mk.ua/show/kultura,2024-11-24T18:53:55.203144,0,,
http://nazaret.in.ua/,2024-11-24T18:53:55.432503,0,,
http://ounb.lutsk.ua/,2024-11-24T18:53:56.272665,0,,
http://lib.ru/,2024-11-24T18:53:56.391527,0,,
http://www.kmk-kovel.in.ua/,2024-11-24T18:53:56.442783,0,,
http://utek.uz.ua/,2024-11-24T18:53:56.805916,0,,
http://mvk.zp.ua/,2024-11-24T18:53:57.984860,0,,
http://www.pyrohiv.com/,2024-11-24T18:53:58.016274,0,,
http://www.pkm.poltava.ua/eng/,2024-11-24T18:53:58.062267,0,,
http://agnoncenter.org,2024-11-24T18:53:58.197726,0,,
http://bibod24qwe.blogspot.com/,2024-11-24T18:53:58.217839,0,,
https://uaznavstvo.univ.kiev.ua/,2024-11-24T18:53:59.055283,0,,
http://teatrkulisha.org/,2024-11-24T18:53:59.086322,0,,
http://sh19kamensk.do.am,2024-11-24T18:53:59.170777,0,,
http://sites.znu.edu.ua/stud-sci-soc/,2024-11-24T18:53:59.207275,0,,
https://ifds.org.ua/,2024-11-24T18:53:59.247228,0,,
https://planet.org.ua/,2024-11-24T18:53:59.302283,0,,
http://www.niez-pereyaslav.com.ua/m-11,2024-11-24T18:54:00.267743,0,,
http://www.msmb.org.ua,2024-11-24T18:54:00.355123,0,,
https://aviamuseum.com.ua/,2024-11-24T18:54:00.412040,0,,
http://www.bcmc.kiev.ua/,2024-11-24T18:54:00.484089,0,,
http://mklibrary.ucoz.org/,2024-11-24T18:54:00.840542,0,,
https://www.alexanderyakovlev.org/,2024-11-24T18:54:02.009625,0,,
http://pivdenne-cdut.edu.kh.ua/,2024-11-24T18:54:02.009754,0,,
https://shustoff.com/,2024-11-24T18:54:02.070879,0,,
https://igu.org.ua/books,2024-11-24T18:54:02.222286,0,,
http://bibodessa45.blogspot.com/,2024-11-24T18:54:02.272079,0,,
http://dymchuk.com/,2024-11-24T18:54:02.842566,0,,
http://library.kharkov.ua/source/exposition/?id=55,2024-11-24T18:54:03.086746,0,,
http://www.marlicey.com.ua,2024-11-24T18:54:03.193328,0,,
http://mlicey.com.ua,2024-11-24T18:54:03.199217,0,,
https://essuir.sumdu.edu.ua,2024-11-24T18:54:03.303065,0,,
https://planetarium.com.ua/uk/,2024-11-24T18:54:03.359412,0,,
https://www.nezhin-dram.in.ua,2024-11-24T18:54:03.367478,0,,
https://opera.odessa.ua/,2024-11-24T18:54:03.514820,0,,
http://www.uabs.org.ua/,2024-11-24T18:54:03.548591,0,,
https://sites.google.com/a/belovodsk.info/belovodskij-muzej/,2024-11-24T18:54:04.296516,0,,
http://az.gay.ru/,2024-11-24T18:54:04.504585,0,,
http://kievhesed.org.ua/,2024-11-24T18:54:04.622594,0,,
http://eehb.dspu.edu.ua/index,2024-11-24T18:54:06.095525,0,,
http://www.lepkiy.te.ua,2024-11-24T18:54:06.192861,0,,
http://cgbmgorkyi.blogspot.com/,2024-11-24T18:54:06.329644,0,,
http://artmuseum.dp.ua/,2024-11-24T18:54:06.352244,0,,
http://ungvar.vox.com.ua/,2024-11-24T18:54:06.447559,0,,
http://faeton.zp.ua/,2024-11-24T18:54:06.595018,1,,
http://pok-sun.blogspot.com/,2024-11-24T18:54:06.789731,1,,
http://library.kharkov.ua/source/exposition/?id=53,2024-11-24T18:54:07.111689,0,,
https://ibs.org.ua/,2024-11-24T18:54:07.229516,0,,
http://mihnovsky-mon.church.ua/,2024-11-24T18:54:07.318944,1,,
http://library.tntu.edu.ua/,2024-11-24T18:54:07.397721,0,,
https://relint.vnu.edu.ua/,2024-11-24T18:54:07.398472,0,,
https://artmuseum.kh.ua/,2024-11-24T18:54:07.578944,0,,
https://polinaraiko.com/,2024-11-24T18:54:07.629149,1,,
https://www.mironova-gallery.com/,2024-11-24T18:54:07.829925,1,,
https://choircommunity.com.ua/,2024-11-24T18:54:07.996248,1,,
https://usadbabaryatinsky.ru/,2024-11-24T18:54:08.421845,0,,
http://www.pirogov.com.ua/,2024-11-24T18:54:08.585333,0,,
https://www.gulag.su,2024-11-24T18:54:08.620258,0,,
http://bkeipr.com/,2024-11-24T18:54:08.683998,0,,
http://ua.bykivnya.org/,2024-11-24T18:54:08.824060,0,,
http://www.museum.com.ua,2024-11-24T18:54:10.100534,0,,
http://eehb.dspu.edu.ua/index,2024-11-24T18:54:10.114561,0,,
http://kotovsk-crb.ucoz.ua/,2024-11-24T18:54:10.360951,0,,
http://www.szymanowskimuseum.region.in.ua/,2024-11-24T18:54:10.390980,0,,
http://zamki-kreposti.com.ua/,2024-11-24T18:54:10.530241,0,,
https://www.projectkesher.org.ua,2024-11-24T18:54:11.010641,0,,
http://library.kharkov.ua/source/exposition/?id=52,2024-11-24T18:54:11.131694,0,,
https://visitdonbass.info/,2024-11-24T18:54:11.253209,0,,
http://www.lv.ukrstat.gov.ua,2024-11-24T18:54:11.446774,0,,
http://www.teatr.vn.ua,2024-11-24T18:54:11.597534,0,,
https://www.omr.gov.ua/,2024-11-24T18:54:11.798558,0,,
https://aviamuseum.com.ua/en/exposition,2024-11-24T18:54:11.853775,0,,
http://library.vnmu.edu.ua/bibliotechnomu-fahivtsyu/publikatsiyi-pratsivnykiv-biblioteky,2024-11-24T18:54:11.877842,0,,
http://www.vinspilka.vn.ua/,2024-11-24T18:54:12.137475,0,,
http://www.mazepa.name/,2024-11-24T18:54:12.584963,0,,
http://www.bosporuscrypt.ru/,2024-11-24T18:54:12.612850,0,,
https://eti.edu.ua/,2024-11-24T18:54:12.960699,0,,
http://museum.mk.ua/2016-01-25-15-13-20/muzej-sudnobuduvannya-ta-flotu,2024-11-24T18:54:14.120832,0,,
http://eehb.dspu.edu.ua/issue/archive,2024-11-24T18:54:14.138478,0,,
https://suspilne.radio/,2024-11-24T18:54:14.382699,0,,
https://artmuseum.org.ua/,2024-11-24T18:54:14.414330,0,,
https://khreschatykchoir.com/,2024-11-24T18:54:14.634216,0,,
http://kraevedodessa.blogspot.com/,2024-11-24T18:54:14.973454,1,,
http://library.kharkov.ua/source/exposition/?id=47,2024-11-24T18:54:15.150452,0,,
http://art-school.ks.ua/,2024-11-24T18:54:15.355296,0,,
http://iver-doneck-mon.church.ua/,2024-11-24T18:54:15.375403,0,,
http://hfcodessa.org,2024-11-24T18:54:15.954985,0,,
http://www.smoloskyp.org.ua/,2024-11-24T18:54:15.957641,0,,
https://bibliomiste4ko.kharkiv.ua/,2024-11-24T18:54:16.123269,0,,
http://ukmuseum.com.ua/,2024-11-24T18:54:16.329698,0,,
https://velikijhutir.cherkassy.ua,2024-11-24T18:54:16.336514,0,,
http://bibl-ostr.ucoz.ua/,2024-11-24T18:54:16.634949,0,,
https://kdpu.edu.ua/biblioteka/,2024-11-24T18:54:16.689019,0,,
https://dubno-adm.gov.ua/dubenchaninu/kultura.html,2024-11-24T18:54:17.006922,0,,
http://www.nbuv.gov.ua/node/545,2024-11-24T18:54:18.150450,0,,
http://museum.mk.ua/,2024-11-24T18:54:18.164762,0,,
https://city-izyum.gov.ua/,2024-11-24T18:54:18.557312,1,,
http://www.nrcu.gov.ua/en/symphony_orchestra,2024-11-24T18:54:18.670355,0,,
http://kadetka.sumy.ua/,2024-11-24T18:54:18.776550,0,,
http://metodistodessa.blogspot.com/,2024-11-24T18:54:19.026485,0,,
http://library.kharkov.ua/source/exposition/?id=46,2024-11-24T18:54:19.181796,0,,
http://staroselsky-mon.church.ua/,2024-11-24T18:54:19.402726,0,,
https://knmc.org.ua/,2024-11-24T18:54:19.681495,0,,
http://www.prilukiart.al.ru,2024-11-24T18:54:20.104246,0,,
http://pamjatky.org.ua/,2024-11-24T18:54:20.171943,0,,
http://www.tmf-museum.kiev.ua,2024-11-24T18:54:20.193259,0,,
https://opishne-museum.gov.ua/,2024-11-24T18:54:20.346646,0,,
https://vestnmath.dnu.dp.ua,2024-11-24T18:54:20.357131,0,,
http://archeos.org.ua,2024-11-24T18:54:20.554889,1,,
https://library.kpnu.edu.ua/,2024-11-24T18:54:20.680536,0,,
https://cdnta.archives.gov.ua,2024-11-24T18:54:20.691937,0,,
https://www.artluhansk.com/,2024-11-24T18:54:20.746208,0,,
https://www.btsau.edu.ua/,2024-11-24T18:54:21.046656,0,,
http://ethnology.lviv.ua,2024-11-24T18:54:22.176129,0,,
http://www.kyivclassic.com/,2024-11-24T18:54:22.742972,0,,
http://pravobiblio.blogspot.com/,2024-11-24T18:54:23.087366,0,,
http://library.kharkov.ua/source/exposition/?id=33,2024-11-24T18:54:23.205161,0,,
http://ethnology.lviv.ua/,2024-11-24T18:54:24.199489,0,,
https://ostrohcastle.com.ua/output/LutskPanoTour.html,2024-11-24T18:54:24.260136,0,,
https://uinp.gov.ua/,2024-11-24T18:54:24.274452,0,,
https://sumy-tyuz.org/,2024-11-24T18:54:24.503229,0,,
https://museum-portal.com/,2024-11-24T18:54:24.651240,0,,
https://history.korolenko.kharkov.com/virtualni-vystavky/,2024-11-24T18:54:24.781922,0,,
http://www.library.kharkov.ua/,2024-11-24T18:54:25.082373,0,,
https://slovoigolos.com/,2024-11-24T18:54:25.106130,0,,
https://cdiak.archives.gov.ua/full_files/,2024-11-24T18:54:26.230231,0,,
https://www.anton-chehov.info/,2024-11-24T18:54:26.233347,0,,
https://warmuseum.kiev.ua/_eng/museum/monument/,2024-11-24T18:54:26.259714,0,,
http://lia.lvivcenter.org/en/storymaps/jewish-lviv/,2024-11-24T18:54:26.687850,0,,
http://orpheus.com.ua/,2024-11-24T18:54:26.860898,0,,
http://www.kaydakskiy.dp.ua/,2024-11-24T18:54:26.903554,0,,
http://massovoodessa.blogspot.com/,2024-11-24T18:54:27.150877,0,,
http://library.kharkov.ua/source/exposition/?id=28,2024-11-24T18:54:27.228727,0,,
https://radistdance.com.ua/,2024-11-24T18:54:27.351556,0,,
http://bogorodychne-mon.church.ua/,2024-11-24T18:54:27.461086,0,,
http://ipkotlyarevsky.narod.ru/,2024-11-24T18:54:28.305655,0,,
http://incognita.day.kyiv.ua/exposition,2024-11-24T18:54:28.411392,0,,
https://pysanka.museum,2024-11-24T18:54:28.440705,0,,
https://baturin-capital.gov.ua/,2024-11-24T18:54:28.528145,0,,
https://museum-portal.com/,2024-11-24T18:54:28.673832,0,,
https://library.diit.edu.ua/,2024-11-24T18:54:28.761934,0,,
https://dazo.gov.ua/,2024-11-24T18:54:28.820919,0,,
http://voskresinnia.eu/,2024-11-24T18:54:29.190744,0,,
http://www.library.ck.ua/,2024-11-24T18:54:29.428241,0,,
http://museumkiev.org/zoology.html,2024-11-24T18:54:30.257388,0,,
http://anm.odessa.ua/,2024-11-24T18:54:30.352921,0,,
https://cdago.gov.ua,2024-11-24T18:54:30.527843,0,,
http://librarybelop.at.ua/publ/muzej_im_o_olesja/pro_muzej_im_o_olesja/30-1-0-11,2024-11-24T18:54:30.729952,0,,
http://nrph.ukma.edu.ua/issue/archive,2024-11-24T18:54:30.966180,0,,
http://popasna-bdut.edukit.lg.ua/,2024-11-24T18:54:31.180064,0,,
https://monasteries.org.ua/objects/map/?lang=uk,2024-11-24T18:54:31.256252,0,,
http://prolisok.org/,2024-11-24T18:54:31.445264,0,,
http://chartoriysk-mon.church.ua/,2024-11-24T18:54:31.482790,0,,
http://hotyn-mon.church.ua,2024-11-24T18:54:31.781008,0,,
https://donetskartmuseum.ru/,2024-11-24T18:54:32.312168,0,,
https://baturin-capital.gov.ua/,2024-11-24T18:54:32.458474,0,,
http://www.vidrodzhenia.org.ua/,2024-11-24T18:54:32.548981,0,,
http://ipmgu.dn.ua,2024-11-24T18:54:32.668513,0,,
https://museum-portal.com/,2024-11-24T18:54:32.698804,0,,
http://muzey.kupyansk.info/,2024-11-24T18:54:32.844160,0,,
http://lib.onu.edu.ua/,2024-11-24T18:54:32.859603,0,,
http://ppdut.pl.ua/,2024-11-24T18:54:33.224262,0,,
http://library.lg.ua/uk,2024-11-24T18:54:33.593932,0,,
http://holocaustmuseum.kharkov.ua/,2024-11-24T18:54:34.546906,0,,
http://melitopol-museum.zp.ua/,2024-11-24T18:54:34.560516,0,,
https://filarmonia-poltava.org.ua/,2024-11-24T18:54:35.748773,0,,
http://www.nmu.org.ua/,2024-11-24T18:54:36.308790,0,,
http://brody.com.ua/,2024-11-24T18:54:36.409714,0,,
http://abetka.ukrlife.org/,2024-11-24T18:54:36.459279,0,,
https://mvm.lv/ru/museum-collections,2024-11-24T18:54:36.532158,0,,
http://zoomuseum.net/,2024-11-24T18:54:36.578091,0,,
https://museum-portal.com/,2024-11-24T18:54:36.720888,0,,
https://theatre-shevchenko.ck.ua/,2024-11-24T18:54:36.777676,0,,
http://ethnocrimea.ru/,2024-11-24T18:54:36.881594,0,,
https://www.museum.diana-92.com/,2024-11-24T18:54:36.893973,0,,
http://brodypk.at.ua/,2024-11-24T18:54:37.263264,0,,
http://biblioteka-bagrianogo.edukit.kiev.ua/,2024-11-24T18:54:37.672485,0,,
http://museum-kh.ua,2024-11-24T18:54:37.710018,0,,
http://35batery.ru/,2024-11-24T18:54:38.593492,0,,
https://dazo.gov.ua/elektronni-dovidkovi-informatsijni-vydannya,2024-11-24T18:54:38.599970,0,,
https://bar-city.gov.ua/article/etnohrafichnyy-muzey-u-barskomu-koledzhi-transportu-ta-budivnyctva/,2024-11-24T18:54:38.954275,0,,
http://donbass-dance.com,2024-11-24T18:54:39.271847,0,,
http://kasperovsky-mon.church.ua/,2024-11-24T18:54:39.555043,0,,
http://myzei.blogspot.com/,2024-11-24T18:54:39.803834,0,,
https://mydim.ua/companies/museum/museum-of-fire-case/,2024-11-24T18:54:40.346814,0,,
http://krasnohrad-biblioteka.edu.kh.ua/,2024-11-24T18:54:40.570188,0,,
https://gamma-gallery.com/,2024-11-24T18:54:40.593774,0,,
https://crashmuseum.in.ua/,2024-11-24T18:54:40.599503,0,,
http://cbspodil.org.ua,2024-11-24T18:54:40.631562,0,,
http://www.bukuniver.edu.ua/,2024-11-24T18:54:40.748332,0,,
http://aki.nau.edu.ua,2024-11-24T18:54:40.878981,0,,
http://library.zntu.edu.ua/,2024-11-24T18:54:40.915260,0,,
http://cbs.lviv.ua/,2024-11-24T18:54:40.980166,0,,
http://trakhtemyriv.org.ua/,2024-11-24T18:54:40.995589,0,,
https://kamenyar.info/,2024-11-24T18:54:41.334712,0,,
http://davniyhalych.com.ua/,2024-11-24T18:54:41.797992,0,,
https://linoleumfest.com/,2024-11-24T18:54:42.733607,0,,
http://www.archaeology.odessa.ua/,2024-11-24T18:54:42.986592,0,,
https://domnitsa-mon.church.ua/,2024-11-24T18:54:43.343380,0,,
http://new.makinfo.org.ua/,2024-11-24T18:54:43.347972,0,,
http://verbka-mon.church.ua/,2024-11-24T18:54:43.596998,0,,
http://tseptsevichi-mon.church.ua,2024-11-24T18:54:43.875593,0,,
https://underhill-park.com.ua/,2024-11-24T18:54:43.922857,0,,
http://www.marlibrary.com.ua/,2024-11-24T18:54:44.397379,0,,
http://molchensky-monastyr.org.ua/,2024-11-24T18:54:44.641288,0,,
http://www.cossackdom.com/,2024-11-24T18:54:44.670255,0,,
http://tavrida-museum.ru,2024-11-24T18:54:44.705461,0,,
http://dcrb.net/,2024-11-24T18:54:44.722244,0,,
http://immh.kiev.ua/,2024-11-24T18:54:44.865236,0,,
http://old.lib.npu.edu.ua/new-collections/collections,2024-11-24T18:54:45.342682,0,,
https://kremenhistory.org.ua/,2024-11-24T18:54:45.419603,0,,
http://journlib.univ.kiev.ua/,2024-11-24T18:54:45.835701,0,,
http://museum-blavatsky.com.ua,2024-11-24T18:54:46.666457,0,,
http://artmuseum.sumy.ua/,2024-11-24T18:54:46.877660,0,,
http://museum.cult.gov.ua/oblasnyj-istoryko-memorialnyj-muzej-zapovidnyk-p-kulisha-hannyna-pustyn/,2024-11-24T18:54:47.017439,0,,
https://oriyana.org.ua,2024-11-24T18:54:47.446746,0,,
https://gmuseum.org.ua/,2024-11-24T18:54:47.508840,0,,
https://www.frh-europe.org/ivano-frankivsk-tempel-synagogue-30-years-after-its-return-to-the-jewish-community-a-critical-need-to-restore-and-enhance/,2024-11-24T18:54:48.023007,0,,
https://dpsu.gov.ua/ua/structure/chastini-centralnogo-pidporyadkuvannya/centralniy-muzey/,2024-11-24T18:54:48.440266,0,,
http://libr.rv.ua,2024-11-24T18:54:48.453338,0,,
https://ujew.com.ua,2024-11-24T18:54:48.458570,0,,
http://ek.nlu.edu.ua,2024-11-24T18:54:48.661789,0,,
http://tyshivmonastyr.in.ua/,2024-11-24T18:54:48.725112,0,,
http://www.geol.univ.kiev.ua/ua/museum/,2024-11-24T18:54:48.745437,0,,
http://korolenko.kharkov.com/,2024-11-24T18:54:48.746359,0,,
https://nauka1941-1945.ru/,2024-11-24T18:54:48.980425,0,,
https://cct.dp.ua/,2024-11-24T18:54:49.033053,0,,
http://barvinkove-lib.edu.kh.ua/,2024-11-24T18:54:49.420258,0,,
http://www.kyiv-fortress.org.ua/,2024-11-24T18:54:50.737458,0,,
https://desnabib.kiev.ua/index.php?option=com_content&view=article&id=1175&Itemid=73,2024-11-24T18:54:51.038841,0,,
http://www.db.geroika.org.ua/,2024-11-24T18:54:51.093165,0,,
https://chigirinzapovidnyk.org.ua,2024-11-24T18:54:51.466052,0,,
http://galushkivka.com/,2024-11-24T18:54:51.606672,0,,
https://fclnup.if.ua/,2024-11-24T18:54:52.271659,0,,
http://lozova-cbs.edu.kh.ua/,2024-11-24T18:54:52.571616,0,,
http://museumtoilet.com.ua/,2024-11-24T18:54:52.737352,0,,
https://ostrohcastle.com.ua/3Ddonjon/index.html,2024-11-24T18:54:52.768857,0,,
https://teatr.vn.ua,2024-11-24T18:54:52.922729,0,,
http://vnnie.tneu.edu.ua/,2024-11-24T18:54:53.055441,0,,
https://opera.com.ua/,2024-11-24T18:54:53.521102,0,,
http://klanau.kr.ua/,2024-11-24T18:54:53.545533,0,,
https://bkm.zp.ua/mi-index.html,2024-11-24T18:54:53.900671,0,,
http://nz.lviv.ua/,2024-11-24T18:54:54.853038,0,,
http://chl.kiev.ua/,2024-11-24T18:54:55.231336,0,,
https://theatre-ester.org.ua/,2024-11-24T18:54:55.637587,0,,
http://milecky-mon.church.ua/,2024-11-24T18:54:55.696577,0,,
http://glynskaya-pustyn.church.ua,2024-11-24T18:54:56.060634,0,,
https://ukd.edu.ua/,2024-11-24T18:54:56.323131,0,,
http://childlibrary.donetsk.ua,2024-11-24T18:54:56.601720,0,,
https://ofam.3dprostir.com/,2024-11-24T18:54:56.642326,0,,
https://judaicaukrainica.ukma.edu.ua/,2024-11-24T18:54:56.792231,0,,
http://www.niez.com.ua/,2024-11-24T18:54:56.795359,0,,
https://genderindetail.org.ua/,2024-11-24T18:54:56.866748,0,,
http://derazhnia-crb.edukit.km.ua,2024-11-24T18:54:57.018236,0,,
https://zoloti-vorota.kiev.ua/,2024-11-24T18:54:57.047845,0,,
https://desnabib.kiev.ua/index.php?option=com_content&view=category&layout=blog&id=44&Itemid=96&limitstart=60,2024-11-24T18:54:57.105019,0,,
http://konshu.org/,2024-11-24T18:54:57.206039,0,,
http://kogpa.edu.ua/,2024-11-24T18:54:57.659024,0,,
http://svyatogirsk-mon.church.ua/,2024-11-24T18:54:57.756185,0,,
http://ofam.org.ua,2024-11-24T18:54:58.015951,0,,
https://etnosvit.com/perevernutyj-dom/,2024-11-24T18:54:58.142477,1,,
https://kpk.if.ua/,2024-11-24T18:54:58.230241,1,,
https://lemky.org.ua,2024-11-24T18:54:58.648572,1,,
http://bar.glo.ua/,2024-11-24T18:54:58.709796,0,,
http://bar.glo.ua/cultura,2024-11-24T18:54:58.714079,0,,
https://olbio.com.ua/,2024-11-24T18:54:58.870546,0,,
http://museum.cult.gov.ua/bobrovytskyj-rajonyj-istoryko-krajeznavchyj-muzej/,2024-11-24T18:54:58.959096,1,,
https://adiu.com.ua/index.php/journal,2024-11-24T18:54:59.323776,0,,
https://warmuseum.kiev.ua/_eng/,2024-11-24T18:54:59.345317,0,,
http://eprints.cdu.edu.ua/,2024-11-24T18:54:59.671102,0,,
http://bogoduhiv-cbs.edu.kh.ua/,2024-11-24T18:55:00.721360,0,,
https://museum-portal.com/ua/museum/naukma---museum/,2024-11-24T18:55:00.819587,0,,
http://www.archaeology.univ.kiev.ua/home/index.php?option=com_content&view=article&id=42&Itemid=112,2024-11-24T18:55:00.910669,0,,
http://history.org.ua,2024-11-24T18:55:00.952485,0,,
https://veresoch-mon.church.ua/,2024-11-24T18:55:01.056314,0,,
https://museum-portal.com/ua/museum/memorial-museum-manor-of-kateryna-bilokur,2024-11-24T18:55:01.124425,0,,
https://www.theater-krik.com,2024-11-24T18:55:01.129344,0,,
http://www.library.ukma.kiev.ua/,2024-11-24T18:55:01.183549,0,,
http://www.teatr.te.ua/,2024-11-24T18:55:01.815106,0,,
http://www.archaeology.odessa.ua,2024-11-24T18:55:02.036561,0,,
http://www.reglibrary.mk.ua,2024-11-24T18:55:02.352379,0,,
http://www.kkkim.com.ua/,2024-11-24T18:55:02.353515,0,,
https://web.archive.org/web/20130725155759/http://donetsk.donetsk.ua/muzeji-donecka.html,2024-11-24T18:55:02.765656,0,,
http://memory.chornobylmuseum.kiev.ua/#,2024-11-24T18:55:03.387336,0,,
https://kiev-afon-mon.church.ua/,2024-11-24T18:55:03.544952,0,,
http://poltavahistory.org.ua/,2024-11-24T18:55:03.711149,0,,
http://library.tdmu.edu.ua/,2024-11-24T18:55:04.689845,0,,
http://novavodolaga-bdut.edu.kh.ua,2024-11-24T18:55:04.833503,0,,
http://library.kname.edu.ua/,2024-11-24T18:55:04.913466,0,,
http://library.vn.ua,2024-11-24T18:55:05.019676,0,,
http://golodomor.kharkov.ua,2024-11-24T18:55:05.146095,0,,
https://nppop.gov.ua/,2024-11-24T18:55:05.264767,0,,
https://terebotg.in.ua/gostyu/,2024-11-24T18:55:05.947276,0,,
https://library.mk.ua,2024-11-24T18:55:06.062963,0,,
https://ukr.sovfarfor.com/,2024-11-24T18:55:06.378370,0,,
https://www.izan.kiev.ua/,2024-11-24T18:55:06.392618,0,,
https://vsei.vn.ua/,2024-11-24T18:55:06.799469,0,,
https://museum-literature.odessa.ua/,2024-11-24T18:55:06.989747,0,,
https://mistomariupol.com.ua/uk/muzej-narodnogo-pobutu/,2024-11-24T18:55:07.074044,0,,
http://www.krasnoarmiysk-sut.dn.sch.in.ua/,2024-11-24T18:55:07.516067,0,,
https://artmuz.org.ua/,2024-11-24T18:55:07.570621,0,,
http://svityaz-mon.church.ua/,2024-11-24T18:55:07.794655,0,,
http://book-house.org,2024-11-24T18:55:07.808893,0,,
https://localhistory.org.ua/,2024-11-24T18:55:08.810535,0,,
http://rdmsh.edu.kh.ua/,2024-11-24T18:55:08.919821,0,,
http://dniprolib.com.ua/,2024-11-24T18:55:09.032599,0,,
http://karpaty.rocks/region/ivano-frankivska-oblast/dolynskyy-rayon/bolehiv/muzey-nataliyi-kobrynskoyi-filial-muzeyu-im-rskvoriya,2024-11-24T18:55:09.157393,0,,
https://mfs.digital/,2024-11-24T18:55:09.211264,0,,
http://www.dudaryk.ua,2024-11-24T18:55:09.217694,0,,
http://pivdenne-cdut.edu.kh.ua/,2024-11-24T18:55:09.280248,0,,
https://kolodne-mon.church.ua/,2024-11-24T18:55:09.871211,0,,
http://www.bibl.kharkiv.ua/,2024-11-24T18:55:10.091278,0,,
http://www.galytsky-orkestr.te.ua/,2024-11-24T18:55:10.204542,0,,
http://ojs.akademperiodyka.org.ua/index.php/Zoodiversity/index,2024-11-24T18:55:10.642017,1,,
https://arheologia.com.ua/index.php/arheologia,2024-11-24T18:55:10.883404,0,,
http://ckoblmuz.ck.ua/,2024-11-24T18:55:11.015070,0,,
http://www.laginlib.org.ua,2024-11-24T18:55:11.237408,0,,
http://niez.com.ua/,2024-11-24T18:55:11.687984,1,,
http://museum.kambio.ua,2024-11-24T18:55:11.986638,0,,
http://www.soviart.com.ua,2024-11-24T18:55:13.063963,0,,
http://obitel-nikolskoe.ru/,2024-11-24T18:55:13.118839,0,,
https://odma.edu.ua/biblioteka/elektronni-resursy/,2024-11-24T18:55:13.145991,0,,
https://danevka-mon.church.ua/,2024-11-24T18:55:13.146559,0,,
https://md-ukraine.com/ua/object/detail/1321_palac-getmana-k--rozumovskogo.html,2024-11-24T18:55:13.220427,0,,
http://goloseevo.com.ua/,2024-11-24T18:55:13.265701,0,,
http://swija.com.ua/,2024-11-24T18:55:13.322596,0,,
https://lugocentum.pp.ua/,2024-11-24T18:55:13.325519,0,,
http://en.uartlib.org/,2024-11-24T18:55:13.658312,0,,
https://warmuseum.kiev.ua/_eng/,2024-11-24T18:55:13.663895,0,,
https://folklore-archive.org.ua/,2024-11-24T18:55:14.074204,0,,
http://infotech-soccult.knukim.edu.ua/,2024-11-24T18:55:14.699615,0,,
https://cherkasy-music-art.org.ua/mus/news/index.html,2024-11-24T18:55:15.106773,0,,
http://librarychl.kr.ua/,2024-11-24T18:55:15.275103,0,,
http://www.dsmu.edu.ua,2024-11-24T18:55:15.759920,0,,
http://archive.lnu.edu.ua,2024-11-24T18:55:15.823808,0,,
http://baburka.zp.ua/,2024-11-24T18:55:16.025602,0,,
https://library.pdpu.edu.ua/,2024-11-24T18:55:17.265373,0,,
http://akadempuppet.kiev.ua/,2024-11-24T18:55:17.266634,0,,
http://sm.mari.kiev.ua/,2024-11-24T18:55:17.453171,0,,
http://minikiev.kiev.ua,2024-11-24T18:55:17.453786,0,,
https://www.zgefcznu.in.ua,2024-11-24T18:55:17.661206,0,,
https://english.migdal.org.ua/,2024-11-24T18:55:17.757602,0,,
http://www.dom-prirody.com.ua/,2024-11-24T18:55:17.841621,0,,
https://ujnpnzmriaj.odessaedu.net/,2024-11-24T18:55:18.298779,0,,
https://biblio2filia.blogspot.com/,2024-11-24T18:55:18.777897,0,,
https://kultura-poltava.gov.ua/zakladi/muzej-v-g-korolenka/,2024-11-24T18:55:19.126023,0,,
https://mfs.digital/,2024-11-24T18:55:19.128135,0,,
https://mm.terebovlia.info/,2024-11-24T18:55:19.297422,0,,
http://masters.kubg.edu.ua,2024-11-24T18:55:19.325403,0,,
http://museum.rv.gov.ua/,2024-11-24T18:55:19.668275,0,,
https://feofania.church.ua/,2024-11-24T18:55:19.677393,0,,
http://railway.lviv.ua,2024-11-24T18:55:19.697362,0,,
https://garden.kharkov.ua/,2024-11-24T18:55:19.756850,0,,
http://horodne-mon.church.ua/,2024-11-24T18:55:19.883882,0,,
http://mvr.dp.ua/,2024-11-24T18:55:19.912741,0,,
http://kinder.mksat.net,2024-11-24T18:55:20.120972,0,,
http://circus.internet.zp.ua/,2024-11-24T18:55:20.202688,0,,
https://m.knmau.edu.ua,2024-11-24T18:55:21.317515,0,,
https://theaterluspekaev.com/,2024-11-24T18:55:21.434988,0,,
https://museum.bank.gov.ua,2024-11-24T18:55:21.593799,1,,
https://dramicom.dp.ua/,2024-11-24T18:55:21.641626,0,,
https://mamajeva-sloboda.ua/,2024-11-24T18:55:21.667820,0,,
https://rilskogo.ucoz.ru/,2024-11-24T18:55:21.697301,0,,
http://www.vsesvit-journal.com/,2024-11-24T18:55:21.793567,0,,
http://onu.edu.ua/en/culture/museums/rarebook,2024-11-24T18:55:22.335948,0,,
http://journal.puet.edu.ua/,2024-11-24T18:55:22.839849,1,,
http://konotop-dshm.edukit.sumy.ua/,2024-11-24T18:55:22.896860,0,,
https://mariupolrada.gov.ua/en/news/u-mariupoli-osvjatili-viznij-znak-zi-skulpturoju-mitropolita-ignatija,2024-11-24T18:55:23.219243,1,,
http://www.abalakovets.sumy.ua,2024-11-24T18:55:23.487376,0,,
http://library.donnu.edu.ua/node/7,2024-11-24T18:55:23.835565,0,,
http://nbgnsc.ru/,2024-11-24T18:55:23.945297,0,,
http://museum.belovodsk.info/,2024-11-24T18:55:24.233841,0,,
http://www.irpin-bibl.kiev.sch.in.ua/,2024-11-24T18:55:24.248034,0,,
http://library.sumdu.edu.ua/,2024-11-24T18:55:25.259945,0,,
https://ukrdrama.dp.ua/,2024-11-24T18:55:25.685334,0,,
https://museum.kname.edu.ua/,2024-11-24T18:55:25.750688,0,,
https://teatrkukolzt.com/,2024-11-24T18:55:25.790146,0,,
http://www.grani.in.ua/,2024-11-24T18:55:25.807475,0,,
http://ukrkniga.org.ua/,2024-11-24T18:55:25.829882,0,,
https://synevyr-park.in.ua/,2024-11-24T18:55:25.942266,0,,
http://www.nibu.kiev.ua/,2024-11-24T18:55:25.966467,0,,
http://www.donetsk-region-theater.in.ua/,2024-11-24T18:55:26.033956,0,,
http://uventa.ks.ua/,2024-11-24T18:55:26.210941,0,,
https://cnttum.in.ua,2024-11-24T18:55:26.386292,0,,
https://cherkassy.islam.ua/,2024-11-24T18:55:26.416926,0,,
http://www.medobory-reserve.te.ua/,2024-11-24T18:55:26.543631,0,,
http://tavrida-museum.ru,2024-11-24T18:55:26.865330,0,,
http://kids.dubno-lib.rv.ua/,2024-11-24T18:55:26.937166,0,,
https://wisecow.com.ua/,2024-11-24T18:55:27.310483,0,,
https://www.primetour.ua/,2024-11-24T18:55:27.746004,0,,
http://memory.chornobylmuseum.kiev.ua/,2024-11-24T18:55:27.971154,0,,
http://gprystan-crb.edukit.kherson.ua/,2024-11-24T18:55:28.259686,0,,
http://www.kmrm.com.ua,2024-11-24T18:55:28.339479,0,,
http://lounb.org.ua/,2024-11-24T18:55:29.303219,0,,
https://kurbas.lviv.ua,2024-11-24T18:55:29.826553,0,,
https://tustan.com.ua/,2024-11-24T18:55:29.986223,0,,
https://www.dakhabrakha.com.ua,2024-11-24T18:55:30.043032,0,,
https://karpatart.com/,2024-11-24T18:55:30.075083,0,,
https://volyntravel.com.ua/,2024-11-24T18:55:30.645856,0,,
https://lia.lvivcenter.org/uk/objects/lychakiv-cemetery/,2024-11-24T18:55:31.540358,0,,
https://shaj.sumdu.edu.ua/,2024-11-24T18:55:31.765930,0,,
http://www.jewishmariupol.com.ua/,2024-11-24T18:55:31.917799,0,,
https://puppet.kharkov.ua/musej,2024-11-24T18:55:31.920790,0,,
http://ternovka-mon.church.ua/,2024-11-24T18:55:33.105453,0,,
http://museum-of-money.org,2024-11-24T18:55:33.366637,0,,
https://muzeyshulzenko.jimdo.com/,2024-11-24T18:55:33.692570,0,,
http://lpba.org.ua,2024-11-24T18:55:34.090116,0,,
https://www.otdih.pro/en/pages/10399-muzei-kornelyukov-kosov/,2024-11-24T18:55:34.110050,0,,
http://archaeology.odessa.ua/,2024-11-24T18:55:34.189601,0,,
http://hosted.sacura.net/museum/,2024-11-24T18:55:34.220453,0,,
https://www.enc.od.ua/,2024-11-24T18:55:34.453730,0,,
http://www.pmu.pl.ua/,2024-11-24T18:55:34.733659,0,,
https://domuch.kharkov.ua/,2024-11-24T18:55:35.054819,0,,
http://cnttum.ks.ua/,2024-11-24T18:55:35.148127,0,,
http://pyrohiv.org.ua,2024-11-24T18:55:35.183168,1,,
https://www.helpmecovid.com/ua/115009_biblioteka,2024-11-24T18:55:35.388293,0,,
https://dramtheater.cv.ua/,2024-11-24T18:55:35.802159,0,,
http://www.artmuseum.zp.ua,2024-11-24T18:55:35.952605,0,,
http://ir.duan.edu.ua/,2024-11-24T18:55:36.059653,0,,
http://life.zp.ua/,2024-11-24T18:55:36.386403,0,,
http://www.ukrfantclub.com.ua/,2024-11-24T18:55:36.414794,0,,
http://journalbio.vnu.edu.ua,2024-11-24T18:55:37.014382,0,,
http://morskoimuzei.kh.ua/,2024-11-24T18:55:37.402818,0,,
http://mjsk.te.ua,2024-11-24T18:55:37.730036,0,,
http://blazejowskyj.com/pro-muzei,2024-11-24T18:55:38.132935,0,,
https://www.vodokanal.kiev.ua/muzej-%D1%96stor%D1%96%D1%97-kanal%D1%96zacz%D1%96%D1%97,2024-11-24T18:55:38.185374,0,,
http://filminstitute.org.ua,2024-11-24T18:55:38.386195,0,,
https://pmis.ks.gov.ua/,2024-11-24T18:55:38.489680,0,,
http://collegeculture.at.ua/,2024-11-24T18:55:38.771913,0,,
http://ternovatoe-mon.church.ua/,2024-11-24T18:55:38.954392,0,,
https://biblioteka.volyn.ua/,2024-11-24T18:55:39.254242,0,,
https://www.dreamstime.com/mariupol-ukraine-september-aerial-view-iskra-palace-culture-nikopolsky-prospect-b-against-backdrop-city-ilyich-iron-video230135811,2024-11-24T18:55:39.444309,0,,
https://discover.sm.ua/,2024-11-24T18:55:39.528104,0,,
http://artmuz.org.ua/,2024-11-24T18:55:39.977701,0,,
http://zotic.zp.ua/,2024-11-24T18:55:40.525393,0,,
http://lia.lvivcenter.org/#!/map/,2024-11-24T18:55:40.669245,0,,
http://museum-monument.knukim.edu.ua/,2024-11-24T18:55:41.086170,0,,
http://www.library.chnu.edu.ua,2024-11-24T18:55:41.421330,0,,
https://www.odesafilmstudio.com.ua/,2024-11-24T18:55:41.531717,0,,
http://bibliost.ucoz.ru/,2024-11-24T18:55:41.769088,0,,
https://history.korolenko.kharkov.com/video/,2024-11-24T18:55:42.154720,0,,
https://mkdu-com-ua,2024-11-24T18:55:42.184184,0,,
http://mmirl.edu.ua/,2024-11-24T18:55:42.277358,0,,
http://museum.profession.org.ua/,2024-11-24T18:55:42.463251,0,,
http://ddt.at.ua/,2024-11-24T18:55:42.525355,0,,
https://dk-darnica.kiev.ua/,2024-11-24T18:55:42.901181,0,,
http://romny-dytbibl1.edukit.sumy.ua/,2024-11-24T18:55:43.378390,0,,
http://belz.com.ua/,2024-11-24T18:55:43.645045,0,,
https://nuernbergerhaus.kharkov.ua/,2024-11-24T18:55:44.132443,0,,
http://www.ugcc.od.ua/,2024-11-24T18:55:44.561636,0,,
http://mkpstu.com/,2024-11-24T18:55:44.596566,0,,
http://evrey.com.ua/ru,2024-11-24T18:55:44.604576,0,,
http://ndiu.org.ua/,2024-11-24T18:55:45.193246,0,,
http://samarsky-mon.church.ua/,2024-11-24T18:55:45.204590,0,,
http://hdauinp.org.ua,2024-11-24T18:55:45.625319,0,,
http://chaplynka-rbtdu.ks.sch.in.ua/,2024-11-24T18:55:45.891883,0,,
https://knmau.com.ua/,2024-11-24T18:55:46.240900,0,,
http://hfcodessa.org,2024-11-24T18:55:46.501275,0,,
http://bogod-cdut.at.ua/,2024-11-24T18:55:46.563512,0,,
https://dorogbibl.ucoz.ua/,2024-11-24T18:55:46.940968,0,,
https://borisovka-mon.church.ua/,2024-11-24T18:55:47.284970,0,,
http://www.ounb.sumy.ua,2024-11-24T18:55:47.501815,0,,
http://zavalniuk.in.ua/,2024-11-24T18:55:47.514986,0,,
https://bykivnia.org.ua/,2024-11-24T18:55:47.682123,0,,
https://pokrov-kievmon.church.ua/,2024-11-24T18:55:47.898580,0,,
https://polyana-mon.church.ua/,2024-11-24T18:55:48.153014,0,,
https://www.ofam.org.ua/en/ofam-online,2024-11-24T18:55:48.678465,0,,
https://te.20minut.ua/Vystavky/u-ternopoli--mandrivna-fotovistavka-proektu-music-life-10640856.html,2024-11-24T18:55:48.757137,0,,
https://bedevlya-mon.church.ua/,2024-11-24T18:55:48.780703,1,,
http://mivg.iwpim.com.ua,2024-11-24T18:55:49.360043,0,,
https://museums.kh.ua,2024-11-24T18:55:49.484213,0,,
https://www.pharmencyclopedia.com.ua/,2024-11-24T18:55:49.646419,0,,
https://litmuseum.zt.ua/,2024-11-24T18:55:49.825585,0,,
http://bilogorivka-dnz.lg.sch.in.ua/,2024-11-24T18:55:50.043733,0,,
http://lib.sowa.com.ua/,2024-11-24T18:55:50.320724,0,,
https://spadok.org.ua/muzeyi/blog,2024-11-24T18:55:50.321262,0,,
https://kalushcultura.if.ua/,2024-11-24T18:55:50.357750,0,,
https://rusaggression.gov.ua/,2024-11-24T18:55:50.605858,0,,
https://junnat.kherson.ua/,2024-11-24T18:55:50.609040,0,,
http://lemeshovska-mon.church.ua/,2024-11-24T18:55:51.074693,0,,
http://nashteatr.lviv.ua,2024-11-24T18:55:51.140196,0,,
http://firefliesshadow.com/,2024-11-24T18:55:51.621484,0,,
http://lozova-bdut.at.ua/,2024-11-24T18:55:52.721762,0,,
http://www.sokal.lviv.ua/muzej-pro_muzej.html,2024-11-24T18:55:52.784106,0,,
http://pema.khpi.edu.ua/,2024-11-24T18:55:53.838713,0,,
https://catacombs.od.ua/,2024-11-24T18:55:53.865766,0,,
http://vovchansk-bdut.kh.sch.in.ua/,2024-11-24T18:55:54.157426,0,,
https://www.migdal.org.ua/migdal/museum/,2024-11-24T18:55:54.420088,0,,
http://kolochava.com/,2024-11-24T18:55:54.475611,0,,
http://bavka.com/,2024-11-24T18:55:54.647219,0,,
http://vas-cdt.do.am/,2024-11-24T18:55:54.654490,0,,
http://bibl-furmanova.edu.kh.ua/,2024-11-24T18:55:55.163096,0,,
http://nvmcbs.ukit.me/,2024-11-24T18:55:55.214869,0,,
https://kremenaya.com/,2024-11-24T18:55:55.658443,0,,
https://knmc.kyivcity.gov.ua/,2024-11-24T18:55:55.779740,0,,
https://verkhovyna.life/museum,2024-11-24T18:55:56.805850,0,,
http://cdut2.edu.kh.ua/,2024-11-24T18:55:56.806356,0,,
http://znamensky-mon.church.ua/,2024-11-24T18:55:57.308338,0,,
https://map.memorialholodomor.org.ua/golodomor-1932-1933/,2024-11-24T18:55:57.560768,0,,
http://nv.nltu.edu.ua/,2024-11-24T18:55:57.865968,0,,
http://www.jewishheritage.org.ua/,2024-11-24T18:55:57.959964,0,,
http://chuguiv-bdut.edu.kh.ua/,2024-11-24T18:55:58.239460,0,,
https://www.migdal.org.ua/migdal/museum/,2024-11-24T18:55:58.445140,0,,
https://catalog.gallery.pl.ua/,2024-11-24T18:55:58.501948,0,,
https://www.anton-chehov.info/,2024-11-24T18:55:58.673759,0,,
https://oldgallery.zabor.zp.ua/,2024-11-24T18:55:58.758117,0,,
http://aleksandro-mon.church.ua/,2024-11-24T18:55:59.379118,0,,
https://theater.kyiv.ua/,2024-11-24T18:55:59.573348,1,,
https://alushta-mon.church.ua,2024-11-24T18:55:59.608471,0,,
http://kitaevo.kv.in.ua/,2024-11-24T18:55:59.826674,0,,
http://tserkovshchina.church.ua/,2024-11-24T18:55:59.991590,0,,
http://filarm.vn.ua,2024-11-24T18:56:00.455358,1,,
https://roztoky-mon.church.ua/,2024-11-24T18:56:00.870696,0,,
https://st.kharkov.ua/,2024-11-24T18:56:00.950618,0,,
http://philarmonia.com.ua/,2024-11-24T18:56:01.648435,0,,
https://anastasievsky-mon.church.ua,2024-11-24T18:56:01.938290,1,,
http://www.tychynamuseum.com.ua,2024-11-24T18:56:02.084696,0,,
http://pm-mm.dp.ua/,2024-11-24T18:56:02.101672,0,,
http://www.diaz.org.ua/,2024-11-24T18:56:02.115035,0,,
http://zmiiv-cdut.kh.sch.in.ua/,2024-11-24T18:56:02.363357,0,,
http://novapraga-bdut.edukit.kr.ua,2024-11-24T18:56:02.489614,1,,
https://theatre-shevchenko.com.ua/,2024-11-24T18:56:02.652354,0,,
http://www.organhall.kiev.ua/,2024-11-24T18:56:02.793424,0,,
http://nvorontsovka-crb.ks.sch.in.ua/,2024-11-24T18:56:02.866633,0,,
http://www.dodj.com.ua/,2024-11-24T18:56:03.933179,0,,
http://kanivbiosfera.at.ua/,2024-11-24T18:56:04.581429,0,,
https://www.alexanderpalace.org/,2024-11-24T18:56:04.949451,0,,
http://sites.znu.edu.ua/liberal_edu/,2024-11-24T18:56:05.033124,0,,
https://wiki.library.kr.ua/,2024-11-24T18:56:05.290533,0,,
https://lnma.edu.ua/,2024-11-24T18:56:05.689990,0,,
https://plisnesk.com.ua,2024-11-24T18:56:06.188955,0,,
http://vestnikzgia.com.ua/,2024-11-24T18:56:06.245147,0,,
https://spadok.org.ua/muzeyi/boryslavskyy-istoryko-krayeznavchyy-muzey,2024-11-24T18:56:06.496995,0,,
https://marionetok.com/,2024-11-24T18:56:06.527942,0,,
http://novgorodka-bdut.edukit.kr.ua,2024-11-24T18:56:06.570225,0,,
http://www.bd-bibl-kataeva.edukit.od.ua/,2024-11-24T18:56:06.631966,0,,
http://www.smnh.org/ua/,2024-11-24T18:56:06.714066,0,,
https://dumkacapella.com.ua/,2024-11-24T18:56:06.817306,0,,
https://zabor.zp.ua/Kultura/DK.htm,2024-11-24T18:56:06.969972,0,,
http://volynchoir.com.ua/,2024-11-24T18:56:07.651348,0,,
http://bilogorivka-dnz.lg.sch.in.ua/,2024-11-24T18:56:07.965404,0,,
https://suem.edu.ua/nauka/naukova-biblioteka-0,2024-11-24T18:56:08.709605,0,,
http://ropyanyk.com/,2024-11-24T18:56:08.739559,0,,
http://sites.znu.edu.ua/stud-sci-soc/,2024-11-24T18:56:09.056629,0,,
http://www.dbs.com.ru/,2024-11-24T18:56:09.123724,0,,
http://neweraorchestra.com/,2024-11-24T18:56:09.385085,0,,
https://ostrohcastle.com.ua/,2024-11-24T18:56:09.711575,0,,
http://history-pages.kpi.ua/,2024-11-24T18:56:10.348363,0,,
http://museum.rv.gov.ua/,2024-11-24T18:56:10.353471,0,,
https://bl.crm.muzkult.ru/,2024-11-24T18:56:10.584271,0,,
http://oleksandria-cdut.edukit.kr.ua,2024-11-24T18:56:10.684362,0,,
http://blahovischenske-raybibl.edukit.kr.ua/,2024-11-24T18:56:10.692038,0,,
http://bar-library.com,2024-11-24T18:56:10.815833,0,,
https://sichovi-kozaku.com.ua/,2024-11-24T18:56:10.940009,0,,
https://manmelitopol.ucoz.org/,2024-11-24T18:56:11.003102,0,,
http://baranovo-mon.church.ua,2024-11-24T18:56:11.472242,0,,
http://horoshee-mon.church.ua/,2024-11-24T18:56:11.487936,0,,
http://zhnyborody.te.ua/,2024-11-24T18:56:11.775827,0,,
http://barskaya-obitel.church.ua/,2024-11-24T18:56:11.913796,1,,
https://dess.gov.ua/,2024-11-24T18:56:12.096947,0,,
http://dnipriany-bibl.edukit.kherson.ua/,2024-11-24T18:56:12.876246,0,,
http://sites.znu.edu.ua/vdpp/,2024-11-24T18:56:13.082972,0,,
http://mics.org.ua/journal/index.php/mics,2024-11-24T18:56:13.416878,0,,
http://lvivgallery.org.ua/,2024-11-24T18:56:13.733194,0,,
https://andreevsky-mon.church.ua,2024-11-24T18:56:14.041621,0,,
http://library.tdmu.edu.ua/,2024-11-24T18:56:14.232067,0,,
https://e-u.edu.ua/ua/,2024-11-24T18:56:14.414737,0,,
http://dmh.lviv.ua/,2024-11-24T18:56:14.861001,0,,
http://thenakedroom.com,2024-11-24T18:56:14.861676,0,,
http://trostianets-biblioteka.edukit.sumy.ua,2024-11-24T18:56:14.906022,0,,
http://brusnytsia-bibl2.edukit.cv.ua/,2024-11-24T18:56:14.932441,0,,
http://pech-cdut.at.ua/,2024-11-24T18:56:15.036937,0,,
https://vmelitopole.ru/,2024-11-24T18:56:15.095560,0,,
http://davniyhalych.com.ua/,2024-11-24T18:56:15.511404,0,,
http://vystavki-samara.rgantd.ru/,2024-11-24T18:56:15.521567,0,,
https://zamky.te.ua/,2024-11-24T18:56:15.812401,0,,
http://artmuseum.dp.ua/,2024-11-24T18:56:16.123225,0,,
https://ksiprostir.org/,2024-11-24T18:56:16.912810,0,,
http://ibc-naas.com/,2024-11-24T18:56:17.119570,0,,
https://www.inspirock.com/ukraine/chernihiv/chernihiv-regional-art-museum-a1124093333,2024-11-24T18:56:17.287113,0,,
http://incognita.day.kiev.ua/,2024-11-24T18:56:17.599428,0,,
http://www.pyrohiv.com/activities/,2024-11-24T18:56:18.255796,0,,
http://ee.zntu.edu.ua,2024-11-24T18:56:18.441803,0,,
https://planeta.ks.ua/,2024-11-24T18:56:18.684233,0,,
https://biblionovoron.blogspot.com/,2024-11-24T18:56:18.912527,0,,
http://library.donnu.edu.ua/,2024-11-24T18:56:18.987346,0,,
http://dashiv-biblioteka.edukit.vn.ua/,2024-11-24T18:56:19.065657,0,,
http://www.mp-biblioteka.edukit.vn.ua/,2024-11-24T18:56:19.160181,0,,
http://svlavra.dn.ua/,2024-11-24T18:56:20.279990,0,,
https://periodicals.karazin.ua/politology/index,2024-11-24T18:56:21.042133,0,,
http://hdbhtt.com.ua/,2024-11-24T18:56:21.190863,0,,
https://web.archive.org/web/20110715234744/http://www.museum-ukraine.org.ua/,2024-11-24T18:56:21.314007,0,,
https://www.univ.kiev.ua,2024-11-24T18:56:21.639270,0,,
https://uaculture.org/,2024-11-24T18:56:21.801028,0,,
http://www.ji.lviv.ua/index.htm,2024-11-24T18:56:22.289065,0,,
https://soloma.libraries.kiev.ua/,2024-11-24T18:56:22.525228,0,,
http://xemt.kharkov.ua/,2024-11-24T18:56:22.902404,0,,
https://www.donnu.edu.ua/uk/,2024-11-24T18:56:22.930262,0,,
http://pedagogica.tnpu.edu.ua/?page_id=12&lang=uk,2024-11-24T18:56:22.954937,0,,
http://ukrlugteatr.com/,2024-11-24T18:56:23.080841,0,,
http://www.dubno-lib.rv.ua/,2024-11-24T18:56:23.110037,0,,
https://zdyt.ucoz.com/,2024-11-24T18:56:23.200472,0,,
http://seminaria.rv.ua/,2024-11-24T18:56:23.900548,0,,
http://brailov-mon.church.ua/,2024-11-24T18:56:24.003937,0,,
http://museum.belovodsk.info/html1/index.html,2024-11-24T18:56:24.300867,0,,
https://periodicals.karazin.ua/irtb/index,2024-11-24T18:56:24.407293,1,,
https://orchestra.com.ua/,2024-11-24T18:56:25.282188,0,,
https://iza-mon.church.ua/,2024-11-24T18:56:25.476977,0,,
http://dbms.institute,2024-11-24T18:56:25.729026,0,,
http://babyn-yar.gov.ua/,2024-11-24T18:56:26.020677,1,,
https://bahchisaray-mon.church.ua,2024-11-24T18:56:26.137726,0,,
https://www.izan.kiev.ua/library.htm,2024-11-24T18:56:26.309642,0,,
http://peacekeeping-centre.in.ua,2024-11-24T18:56:26.617922,0,,
http://centrturizmu.zp.ua/,2024-11-24T18:56:26.948424,0,,
https://academia.gov.ua,2024-11-24T18:56:27.011840,0,,
http://puppet.kharkov.ua/,2024-11-24T18:56:27.102790,0,,
http://voznesensk-cdut.edukit.mk.ua,2024-11-24T18:56:27.358520,0,,
https://svlavra.church.ua/,2024-11-24T18:56:27.624330,0,,
http://male-mon.church.ua,2024-11-24T18:56:27.627610,0,,
http://www.kmk.lutsk.ua/,2024-11-24T18:56:27.935198,0,,
https://kyivregiontours.gov.ua/,2024-11-24T18:56:28.436686,0,,
http://horodysche-crb.edukit.ck.ua/,2024-11-24T18:56:28.469600,1,,
https://vtl.in.ua/,2024-11-24T18:56:28.520591,0,,
http://krychevsky-family.opishne-museum.gov.ua/,2024-11-24T18:56:29.317905,0,,
http://karlivka-biblioteka.edu.poltava.ua,2024-11-24T18:56:29.750669,0,,
https://oemo.org/,2024-11-24T18:56:29.781909,0,,
http://www.inst-ukr.lviv.ua,2024-11-24T18:56:30.232082,0,,
https://lukl.kyiv.ua/,2024-11-24T18:56:30.561808,0,,
http://dk-bykova.in.ua/,2024-11-24T18:56:31.069858,0,,
https://www.hesedbesht.org.ua/,2024-11-24T18:56:31.095818,0,,
https://pl-puppet.com.ua/,2024-11-24T18:56:31.268613,0,,
http://biblioteka-franka.edu.kh.ua,2024-11-24T18:56:31.415408,0,,
http://www.ounb.km.ua/,2024-11-24T18:56:31.654905,0,,
https://honchar.org.ua/,2024-11-24T18:56:31.654980,0,,
http://ubphj.nuph.edu.ua/,2024-11-24T18:56:32.544396,0,,
http://kamianka-crb.edukit.ck.ua/,2024-11-24T18:56:32.605211,0,,
http://journals.uran.ua/contextCategories/view/07,2024-11-24T18:56:32.651384,0,,
https://jcu.org.ua/,2024-11-24T18:56:33.349739,0,,
https://pogreby.church.ua/,2024-11-24T18:56:33.886841,0,,
https://lumuseum.zwiahel.info/,2024-11-24T18:56:34.267748,0,,
http://lpnu.ua/ntb/,2024-11-24T18:56:34.601131,0,,
https://petrpavl-shostka.church.ua/,2024-11-24T18:56:35.035684,0,,
http://gordiy.zp.ua/,2024-11-24T18:56:35.210750,0,,
http://ldolyna-artschool.edukit.sumy.ua,2024-11-24T18:56:35.473902,0,,
http://nemirov-mon.church.ua/,2024-11-24T18:56:36.089750,0,,
http://ahtyr.org,2024-11-24T18:56:36.150348,0,,
http://cphj.nuph.edu.ua/,2024-11-24T18:56:36.562962,0,,
http://chyhyrynlib.ucoz.ua/,2024-11-24T18:56:36.689916,0,,
http://www.othu.com.ua/,2024-11-24T18:56:37.341216,1,,
https://theatre-ester.org.ua/,2024-11-24T18:56:37.425464,0,,
https://kolochava-mon.church.ua/,2024-11-24T18:56:37.558300,0,,
https://berezan-blag.church.ua,2024-11-24T18:56:38.244013,0,,
https://mihailovsckij.church.ua/,2024-11-24T18:56:38.515324,1,,
https://artmuseum.te.ua/,2024-11-24T18:56:38.582899,0,,
https://izyum-mon.church.ua/,2024-11-24T18:56:38.790416,0,,
https://archive.kyivcity.gov.ua/,2024-11-24T18:56:39.214126,0,,
http://alchevsk-cdut.edukit.lg.ua,2024-11-24T18:56:39.246734,0,,
http://museum-blavatsky.com.ua/en/,2024-11-24T18:56:39.331905,0,,
http://talne-rbdu.edukit.ck.ua,2024-11-24T18:56:39.717859,0,,
https://uchkult.ks.ua/,2024-11-24T18:56:39.856420,1,,
http://project57955.tilda.ws/7chudes,2024-11-24T18:56:40.012911,0,,
http://mi-dnu.dp.ua/,2024-11-24T18:56:40.689911,0,,
https://gayvoron-rvk.ucoz.ua/,2024-11-24T18:56:40.721701,0,,
https://www.ovruch.info/,2024-11-24T18:56:41.539339,0,,
https://veryovka.com/,2024-11-24T18:56:42.805225,0,,
http://museum.cult.gov.ua/borznyanskyj-hudozhno-memorialnyj-muzej-sadyba-narodnoho-hudozhnyka-ukrajiny-oleksandra-sajenka/,2024-11-24T18:56:43.240245,0,,
http://pytlit.chnu.edu.ua/,2024-11-24T18:56:43.380632,0,,
http://netishyn-cbs.edukit.km.ua/,2024-11-24T18:56:43.463252,1,,
http://uspen-odessa-mon.church.ua,2024-11-24T18:56:43.738288,0,,
http://trigorsky-mon.church.ua/,2024-11-24T18:56:43.755343,0,,
http://grytsiv-dytbiblio.edukit.km.ua/,2024-11-24T18:56:43.796081,0,,
https://philharmonic-lviv.virtual.ua/ua/3d-tour/,2024-11-24T18:56:43.905891,0,,
https://btsau.edu.ua/,2024-11-24T18:56:44.039097,0,,
http://yalta-museum.ru/,2024-11-24T18:56:44.274115,0,,
http://ophcj.nuph.edu.ua/,2024-11-24T18:56:44.751277,0,,
http://mihbib.ucoz.ua/,2024-11-24T18:56:44.813012,0,,
https://cultura.mkrada.gov.ua/,2024-11-24T18:56:45.422064,0,,
http://lubovich.kr.ua/,2024-11-24T18:56:45.811949,0,,
https://voskres.church.ua/,2024-11-24T18:56:45.988276,0,,
https://dubno.church.ua/,2024-11-24T18:56:46.824280,0,,
https://stolyarsky.od.ua/,2024-11-24T18:56:46.897311,0,,
https://md-ukraine.com/ua/object/detail/1321_palac-getmana-k--rozumovskogo.html,2024-11-24T18:56:47.266256,0,,
https://davio.gov.ua/page/elektronniy_arhiv,2024-11-24T18:56:47.405197,0,,
http://nizhyn-bdu.edukit.cn.ua/,2024-11-24T18:56:47.737582,0,,
https://drevo.co.ua/,2024-11-24T18:56:47.786307,0,,
http://monastyrysche-cbs.edukit.ck.ua/,2024-11-24T18:56:47.887576,0,,
https://circus-lviv.virtual.ua/ua/3d-tour/,2024-11-24T18:56:47.943789,0,,
http://svlavra.dn.ua/,2024-11-24T18:56:48.072399,0,,
https://www.olbio.org/,2024-11-24T18:56:48.447679,0,,
http://sphhcj.nuph.edu.ua/,2024-11-24T18:56:48.855263,0,,
https://gorodilovo-mon.church.ua/,2024-11-24T18:56:49.715583,0,,
https://symoniv.at.ua/,2024-11-24T18:56:49.901215,0,,
https://hramolgi.church.ua/,2024-11-24T18:56:50.052738,1,,
https://berezan-mihail.church.ua,2024-11-24T18:56:50.369590,0,,
https://boryspil-serdets.church.ua/,2024-11-24T18:56:50.636851,0,,
http://ivanovka-mon.church.ua,2024-11-24T18:56:50.899131,0,,
https://magara.zp.ua/,2024-11-24T18:56:51.398501,0,,
https://ukrteatr.odessa.ua/,2024-11-24T18:56:51.477799,0,,
http://ikm2002.narod.ru/,2024-11-24T18:56:51.817317,0,,
http://nizhyn-cbs.edukit.cn.ua/,2024-11-24T18:56:51.966882,0,,
https://opera-theatre-lviv.virtual.ua/ua/3d-tour/,2024-11-24T18:56:51.981914,0,,
http://pervomayskyi-cbs.edu.kh.ua/,2024-11-24T18:56:52.003765,0,,
http://lis.gov.ua/,2024-11-24T18:56:52.124968,0,,
http://chigirinzapovidnyk.org.ua/index.php,2024-11-24T18:56:52.884621,0,,
https://okrain.net.ua/en/article/read/kremenchugskij-istoriko-kraevedcheskij-muzej.html,2024-11-24T18:56:53.706829,0,,
https://www.onaft.edu.ua/,2024-11-24T18:56:53.798547,0,,
https://kremenhistory.org.ua/,2024-11-24T18:56:53.923678,0,,
https://lodb.org.ua/,2024-11-24T18:56:54.036748,0,,
https://scivp-journal.com.ua/index.php/journal/user/setLocale/uk_UA,2024-11-24T18:56:54.197567,0,,
http://pilgrims.in.ua/,2024-11-24T18:56:54.715041,0,,
http://www.maut.com.ua/,2024-11-24T18:56:55.436037,0,,
http://musicdrama.com.ua/,2024-11-24T18:56:55.520079,0,,
https://vilha-mon.church.ua/,2024-11-24T18:56:55.845173,0,,
https://kurbas-theatre-lviv.virtual.ua/ua/3d-tour/,2024-11-24T18:56:56.024053,0,,
http://tatarbunary-cbs.edukit.od.ua/,2024-11-24T18:56:56.119425,0,,
http://priaz-biblioteka.edukit.zp.ua/,2024-11-24T18:56:56.119437,0,,
http://filarmoniya.ck.ua/,2024-11-24T18:56:56.220950,0,,
http://uamuseum.com/v58-Muzey-istorii-doneckoy-milicii.html,2024-11-24T18:56:56.538058,0,,
https://pisky-mon.church.ua/,2024-11-24T18:56:57.137423,1,,
https://www.vie.vin.ua,2024-11-24T18:56:57.181517,0,,
https://zdolbuniv-museum.com.ua/,2024-11-24T18:56:57.519669,0,,
http://novovorontsovka-rcdt.edukit.kherson.ua/,2024-11-24T18:56:58.037563,0,,
https://mfs.digital/image/reel.mp4,2024-11-24T18:56:58.048312,0,,
http://oldnewspapers.com.ua/,2024-11-24T18:56:58.075213,0,,
https://vladimirskia.church.ua/,2024-11-24T18:56:58.080357,0,,
http://www.ispp.org.ua/,2024-11-24T18:56:58.301708,0,,
https://knyazhichi-mon.church.ua/,2024-11-24T18:56:59.009650,0,,
https://naoma.edu.ua/,2024-11-24T18:56:59.134738,0,,
https://puppet-theater.kiev.ua/,2024-11-24T18:56:59.163501,0,,
https://akademteatr.com.ua/,2024-11-24T18:56:59.567027,0,,
http://www.dramteatr.uz.ua,2024-11-24T18:56:59.735695,0,,
http://korsunska-mon.church.ua,2024-11-24T18:56:59.812396,1,,
http://kirillovsky-mon.church.ua/,2024-11-24T18:56:59.854773,1,,
https://lesya-ukrainian-theater-lviv.virtual.ua/ua/3d-tour/,2024-11-24T18:57:00.059709,0,,
http://akkerman-fort.com,2024-11-24T18:57:00.071927,0,,
https://www.kreschatik.kiev.ua/,2024-11-24T18:57:00.093603,1,,
http://pryluky-dytbiblioteka.edukit.cn.ua/,2024-11-24T18:57:00.225704,0,,
https://rokrdb.at.ua/,2024-11-24T18:57:00.265220,0,,
https://young-peoples-theatre.virtual.ua/en/3d-tour/,2024-11-24T18:57:00.288961,1,,
http://berezil.com.ua/,2024-11-24T18:57:00.319347,0,,
https://ternovo-mon.church.ua/,2024-11-24T18:57:00.450024,1,,
https://zankovetska-theatre-lviv.virtual.ua/ua/3d-tour/,2024-11-24T18:57:00.524765,1,,
https://www.brodyhistory.org.ua/,2024-11-24T18:57:00.619314,1,,
https://chopovichi-mon.church.ua/,2024-11-24T18:57:00.659770,1,,
https://young-peoples-theatre.virtual.ua/en/3d-tour/,2024-11-24T18:57:00.763410,1,,
https://zavorychi.church.ua/,2024-11-24T18:57:00.886172,1,,
https://lesya-ukrainian-theater-lviv.virtual.ua/ua/3d-tour/,2024-11-24T18:57:01.002642,1,,
http://museum.cult.gov.ua/,2024-11-24T18:57:01.038444,1,,
http://proslovo.com/,2024-11-24T18:57:01.173245,0,,
https://kurbas-theatre-lviv.virtual.ua/ua/3d-tour/,2024-11-24T18:57:01.219853,1,,
http://zolochiv.osbm.info/,2024-11-24T18:57:01.364299,1,,
https://ckm.kpi.ua/,2024-11-24T18:57:01.377128,1,,
http://tiachiv-enc.edukit.uz.ua/,2024-11-24T18:57:01.419296,1,,
https://voskresinnya-theatre.virtual.ua/ua/3d-tour/,2024-11-24T18:57:01.449933,1,,
https://sobolivka-mon.church.ua/,2024-11-24T18:57:01.467045,1,,
http://ivan-kovalenko.info/,2024-11-24T18:57:01.608089,1,,
https://puppet-theatre-lviv.virtual.ua/ua/3d-tour/,2024-11-24T18:57:01.649362,1,,
http://teatr-kukol.ks.ua/,2024-11-24T18:57:01.683489,0,,
https://iitlt.gov.ua/,2024-11-24T18:57:01.800026,1,,
http://baturin-mon.church.ua/,2024-11-24T18:57:01.809923,0,,
http://slkpi.dig-content.com.ua/documents/visu/1,2024-11-24T18:57:01.860989,1,,
http://xvc-cn.net.ua/,2024-11-24T18:57:01.931035,1,,
http://tuk.lviv.ua/,2024-11-24T18:57:02.035864,0,,
https://novohrad-mon.church.ua/,2024-11-24T18:57:02.061175,1,,
https://florovsky-mon.church.ua/,2024-11-24T18:57:02.071915,1,,
http://www.tmfv.org/,2024-11-24T18:57:02.101709,1,,
http://kherson-mon.church.ua,2024-11-24T18:57:02.130612,1,,
http://slkpi.dig-content.com.ua/documents/visu/2,2024-11-24T18:57:02.180415,1,,
http://crbdubno.org.ua/,2024-11-24T18:57:02.200680,1,,
https://mbkrivne.ucoz.net/,2024-11-24T18:57:02.215243,1,,
http://lib-lg.com,2024-11-24T18:57:02.216920,1,,
https://wild-t.com.ua/,2024-11-24T18:57:02.238091,1,,
https://shep.church.ua/,2024-11-24T18:57:02.332669,1,,
http://stp.diit.edu.ua/,2024-11-24T18:57:02.359373,0,,
https://opishne-museum.gov.ua/category/3d-skulptury/,2024-11-24T18:57:02.389297,1,,
http://museum363vtap.su/3d_tour/,2024-11-24T18:57:02.443273,0,,
https://berezan-pechersk.church.ua,2024-11-24T18:57:02.467303,0,,
http://tyz.dn.ua/,2024-11-24T18:57:02.485771,1,,
http://gogol-museum.org/,2024-11-24T18:57:02.545447,1,,
https://periodicals.karazin.ua/philosophy/index,2024-11-24T18:57:02.568372,1,,
https://choreakozacky.com/,2024-11-24T18:57:02.631732,1,,
https://tuz.od.ua,2024-11-24T18:57:02.689874,1,,
https://zahreblya-mon.church.ua/,2024-11-24T18:57:02.713497,1,,
https://www.fjc.org.ua/,2024-11-24T18:57:02.737078,1,,
https://zorynka.com/,2024-11-24T18:57:02.760890,1,,
https://my.matterport.com/show/?m=Y6RqAyrTyQ1,2024-11-24T18:57:02.762845,1,,
https://gopricdyt.edu.ks.ua/,2024-11-24T18:57:02.804258,0,,
http://radhospne-mon.church.ua,2024-11-24T18:57:02.837033,1,,
http://shargorod-mon.church.ua/,2024-11-24T18:57:02.948675,1,,
https://teatrkykol.1c-umi.ru/,2024-11-24T18:57:02.963000,1,,
http://romanivka-mon.church.ua/,2024-11-24T18:57:02.978369,1,,
http://www.fhijournal.org/,2024-11-24T18:57:03.008092,1,,
https://locdutk.lg.ua/,2024-11-24T18:57:03.041076,1,,
https://balzac-museum.com/,2024-11-24T18:57:03.081031,1,,
http://nota.net.ua/,2024-11-24T18:57:03.113661,1,,
http://www.luboml.org/,2024-11-24T18:57:03.127202,1,,
https://zmievmuseum.ucoz.ua/,2024-11-24T18:57:03.199399,1,,
http://journal-spqeo.org.ua/,2024-11-24T18:57:03.236845,1,,
https://ees-journal.com/,2024-11-24T18:57:03.242496,1,,
https://novosilky-rozdva.church.ua/,2024-11-24T18:57:03.259620,1,,
https://lol.in.ua/,2024-11-24T18:57:03.312612,1,,
https://berezan-uspenie.church.ua,2024-11-24T18:57:03.356639,1,,
https://kushnica-mon.church.ua/,2024-11-24T18:57:03.394076,1,,
http://sb-keip.kpi.ua/,2024-11-24T18:57:03.502440,1,,
http://museum363vtap.su/,2024-11-24T18:57:03.505550,0,,
http://ripky-bibl.edukit.cn.ua/,2024-11-24T18:57:03.526948,1,,
https://kriviyrig.church.ua/,2024-11-24T18:57:03.705467,1,,
http://lugansk.man.gov.ua/,2024-11-24T18:57:03.711981,1,,
http://horenka-mon.church.ua/,2024-11-24T18:57:03.744582,1,,
https://e-medjournal.com/,2024-11-24T18:57:03.756768,1,,
https://vol-kraeved.ucoz.ua/,2024-11-24T18:57:03.862300,1,,
https://2021man.wixsite.com/man-ks,2024-11-24T18:57:03.898328,1,,
https://gustyn-mon.church.ua,2024-11-24T18:57:03.957728,1,,
http://www.hcdut.ks.ua/,2024-11-24T18:57:03.959927,1,,
https://kam-blag.church.ua/,2024-11-24T18:57:03.993351,1,,
http://slavsut.ucoz.org/,2024-11-24T18:57:04.002695,1,,
https://zabolotnoe-mon.church.ua/,2024-11-24T18:57:04.004065,1,,
https://kyivoperatheatre.com.ua/,2024-11-24T18:57:04.029476,1,,
https://rudnicke.church.ua/,2024-11-24T18:57:04.030336,1,,
https://lvivskansen.org/,2024-11-24T18:57:04.045986,1,,
http://library.rshu.edu.ua,2024-11-24T18:57:04.047945,1,,
http://repinka.com/,2024-11-24T18:57:04.238612,1,,
https://izum-social.church.ua/2015/04/12/delites-pasxalnoj-radostyu/,2024-11-24T18:57:04.267592,1,,
http://konrad-museum.co.ua/,2024-11-24T18:57:04.364813,1,,
http://ku-khsac.in.ua/,2024-11-24T18:57:04.522547,1,,
http://library.kharkov.ua/source/exposition/,2024-11-24T18:57:04.641901,1,,
http://zif.onu.edu.ua/issue/archive,2024-11-24T18:57:04.701067,1,,
https://bizukov-mon.church.ua,2024-11-24T18:57:04.713138,1,,
http://ric.zntu.edu.ua,2024-11-24T18:57:05.317412,1,,
http://bic-biblkolegium.edukit.kiev.ua/,2024-11-24T18:57:05.723451,1,,
https://shepetivka-sob.church.ua/,2024-11-24T18:57:05.838228,1,,
http://www.ugi.edu.ua/,2024-11-24T18:57:05.984253,1,,
http://pustomyty-dytbibl.edukit.lviv.ua/,2024-11-24T18:57:07.000979,1,,
https://mangushskiircdt.ucoz.net/,2024-11-24T18:57:08.047451,0,,
https://dbgaydar.blogspot.com/,2024-11-24T18:57:08.047525,0,,
https://wisecow.com.ua/,2024-11-24T18:57:08.067990,0,,
https://www.kom-center.zp.ua/,2024-11-24T18:57:08.097934,0,,
https://numismatic-journal.com,2024-11-24T18:57:08.155053,0,,
http://elar.uspu.ru/,2024-11-24T18:57:08.357076,0,,
http://krasniokny-bdut.edukit.od.ua,2024-11-24T18:57:08.474093,0,,
http://www.dua.com.ua,2024-11-24T18:57:08.810813,0,,
http://v-khsac.in.ua/,2024-11-24T18:57:08.941477,0,,
http://ivankiv-cbs.edukit.kiev.ua/,2024-11-24T18:57:09.809067,0,,
https://csecurity.kubg.edu.ua/index.php/journal/issue/archive,2024-11-24T18:57:09.890837,0,,
http://sakhnov-cbs.edu.kh.ua/,2024-11-24T18:57:11.079122,0,,
http://bolgrad-rcdut.at.ua/,2024-11-24T18:57:12.094873,0,,
https://nuart.com.ua/,2024-11-24T18:57:12.095020,0,,
https://ua.igotoworld.com/ua/poi_object/1904_muzey-volnyansk.htm,2024-11-24T18:57:12.121845,0,,
http://ombudsman.gov.ua,2024-11-24T18:57:12.197360,0,,
http://docttdu.net.ua/,2024-11-24T18:57:12.332376,0,,
http://eparhia.od.ua/,2024-11-24T18:57:12.617378,0,,
https://voloske.com.ua,2024-11-24T18:57:12.890915,0,,
http://zum.onu.edu.ua/,2024-11-24T18:57:12.967387,0,,
http://www.philharmonia.lviv.ua/,2024-11-24T18:57:13.403856,0,,
http://kalynivka-biblioteka.edukit.vn.ua/,2024-11-24T18:57:14.040537,0,,
http://www.uhl-edu.kiev.ua,2024-11-24T18:57:14.092842,0,,
http://sarata-cbs.edukit.od.ua/,2024-11-24T18:57:15.196822,0,,
https://seltso-mon.church.ua/,2024-11-24T18:57:16.088468,0,,
https://saint-vladimir.church.ua/,2024-11-24T18:57:16.134129,0,,
https://btdu.at.ua/,2024-11-24T18:57:16.140167,0,,
https://shostkamuseum.com.ua/,2024-11-24T18:57:16.227813,0,,
https://puppet-theatre.ru/,2024-11-24T18:57:16.286491,0,,
https://digital.warmuseum.kiev.ua,2024-11-24T18:57:16.291123,0,,
https://kpl.church.ua/,2024-11-24T18:57:16.356263,0,,
https://vandrivka.com.ua/,2024-11-24T18:57:16.447677,0,,
https://kut-chernomoret.at.ua/,2024-11-24T18:57:16.487335,1,,
https://muzey-brodskogo.azow.org/,2024-11-24T18:57:16.493814,0,,
https://odessacmbsbaby.blogspot.com/,2024-11-24T18:57:16.668815,0,,
https://lipcha-mon.church.ua/,2024-11-24T18:57:16.726947,0,,
https://bogdanovka.church.ua,2024-11-24T18:57:16.793830,0,,
http://davniyhalych.com.ua/muzei/muzei-istorii-galicha/item/78-muzei-istorii-galicha,2024-11-24T18:57:16.912978,0,,
http://ecolog.zp.ua/,2024-11-24T18:57:16.973426,0,,
http://doksa.onu.edu.ua/,2024-11-24T18:57:16.996748,0,,
http://drabiv-biblioteka.edukit.ck.ua/,2024-11-24T18:57:18.120048,0,,
http://tntu.edu.ua/,2024-11-24T18:57:18.144793,0,,
http://sarata-crb.od.sch.in.ua/,2024-11-24T18:57:19.288339,0,,
https://okrain.net.ua/,2024-11-24T18:57:20.145820,0,,
https://netishyn-cerkov.church.ua/,2024-11-24T18:57:20.147296,0,,
http://www.nmu.org.ua/,2024-11-24T18:57:20.256686,0,,
http://newtheatre.kiev.ua/,2024-11-24T18:57:20.324058,0,,
https://vozdwi.church.ua/,2024-11-24T18:57:20.450729,0,,
https://childlibrary.ucoz.ua/,2024-11-24T18:57:20.520278,0,,
http://bht.edukit.kherson.ua,2024-11-24T18:57:20.663342,0,,
https://dendropark.com.ua/,2024-11-24T18:57:20.788177,0,,
http://www.madrigal.org.ua/,2024-11-24T18:57:21.052338,0,,
https://chernivtsi-sob.church.ua/,2024-11-24T18:57:21.981792,0,,
http://korosten-cbs.edukit.zt.ua/,2024-11-24T18:57:22.256494,0,,
http://sirenfest.net.ua/,2024-11-24T18:57:22.266206,0,,
http://shpola-cbs.edukit.ck.ua/,2024-11-24T18:57:23.361421,0,,
http://dnabb.org/,2024-11-24T18:57:24.177468,0,,
http://ctdu.pp.ua/,2024-11-24T18:57:24.267486,0,,
https://vin-library.do.am/,2024-11-24T18:57:24.293744,0,,
http://journal.ndiu.org.ua/,2024-11-24T18:57:24.395378,0,,
http://scriptwritersua.wixsite.com/kinoscript/,2024-11-24T18:57:24.539455,0,,
http://cbstolstogo.ucoz.ua/,2024-11-24T18:57:24.567967,0,,
https://donopdut.org.ua/,2024-11-24T18:57:24.700432,0,,
http://www.muz.rv.ua/,2024-11-24T18:57:24.899379,0,,
https://bardakfest.com/,2024-11-24T18:57:25.157718,0,,
https://str-pryluky-mon.church.ua/,2024-11-24T18:57:25.490356,0,,
http://liubeshiv-crb.edukit.volyn.ua/,2024-11-24T18:57:26.315638,0,,
http://opennight.org.ua/,2024-11-24T18:57:26.367391,0,,
http://skole-bibl.edukit.lviv.ua/,2024-11-24T18:57:27.418631,0,,
https://www.vidsutnist.org/,2024-11-24T18:57:28.053075,0,,
https://dubrovka-mon.church.ua/,2024-11-24T18:57:28.174424,0,,
https://uspenskiy.church.ua/,2024-11-24T18:57:28.218492,0,,
https://brovari-georg.church.ua,2024-11-24T18:57:28.264977,1,,
https://dance-academy.kiev.ua/,2024-11-24T18:57:28.386198,0,,
https://ktteatr.ru/,2024-11-24T18:57:28.432183,0,,
https://sud.church.ua/,2024-11-24T18:57:28.448907,0,,
http://vpba.edu.ua/,2024-11-24T18:57:28.533023,0,,
https://rbdutkobeliaky.ucoz.ua/,2024-11-24T18:57:28.613723,0,,
http://turizm.lugasport.info/,2024-11-24T18:57:28.782361,0,,
https://svalyava-mon.church.ua/,2024-11-24T18:57:28.787308,1,,
https://lopukhov-mon.church.ua/,2024-11-24T18:57:28.821473,0,,
https://prisondep.church.ua/,2024-11-24T18:57:29.102182,0,,
https://musicdrama.com.ua/,2024-11-24T18:57:30.392172,0,,
http://www.domorgan.dp.ua/,2024-11-24T18:57:30.441621,0,,
http://www.tokmak-cbs.edukit.zp.ua/,2024-11-24T18:57:31.559083,0,,
https://priazdt.wixsite.com/rbdt,2024-11-24T18:57:32.296692,0,,
http://dspace.puet.edu.ua/,2024-11-24T18:57:32.480365,0,,
https://teatr-lyalyok.zp.ua/,2024-11-24T18:57:32.511232,0,,
http://marschool562.wixsite.com/marschool56,2024-11-24T18:57:32.521668,0,,
http://nstdu.com.ua/,2024-11-24T18:57:32.742115,0,,
https://www.bdut.org.ua/,2024-11-24T18:57:32.766168,0,,
https://library.sakharov-center.ru/,2024-11-24T18:57:32.860856,0,,
https://demer.cn.ua,2024-11-24T18:57:32.915716,0,,
http://kino-butterfly.com.ua/cinema.php?sTheater=brovary,2024-11-24T18:57:33.236005,0,,
https://bts-preobrazhen.church.ua/,2024-11-24T18:57:34.076082,0,,
http://www.iir.edu.ua,2024-11-24T18:57:34.478184,0,,
http://khrystynivka-dytbiblioteka.edukit.ck.ua/,2024-11-24T18:57:34.533696,0,,
http://turiysk-crb.edukit.volyn.ua/,2024-11-24T18:57:35.615938,0,,
https://www.enc.od.ua/,2024-11-24T18:57:36.092306,0,,
https://svyat-makar.church.ua/,2024-11-24T18:57:36.275048,0,,
http://swija.com.ua/,2024-11-24T18:57:36.544183,0,,
https://www.mnp.org.ua/,2024-11-24T18:57:36.582515,0,,
https://neshcherov-mon.church.ua/,2024-11-24T18:57:36.627099,0,,
http://baltaeparhia.org.ua/,2024-11-24T18:57:36.857305,0,,
http://jadvis.org.ua/,2024-11-24T18:57:37.036520,0,,
https://st-sophia.org.ua/uk/muzeyi/zoloti-vorota/zoloti-vorota/,2024-11-24T18:57:37.347561,0,,
https://tsel-pryluky-mon.church.ua/,2024-11-24T18:57:37.582586,0,,
https://www.mkdu.com.ua,2024-11-24T18:57:38.564163,0,,
http://khrystynivka-crb.edukit.ck.ua/,2024-11-24T18:57:38.622326,0,,
http://vyvodove-bibl.edukit.dp.ua/,2024-11-24T18:57:39.813583,0,,
http://vuan.nibu.kyiv.ua/?newspaper=1928-%d0%92%d0%b8%d0%bf-2-3,2024-11-24T18:57:40.301221,0,,
https://brovary-troitsia.church.ua,2024-11-24T18:57:40.356418,0,,
http://litopys.chdu.edu.ua/,2024-11-24T18:57:40.645124,0,,
http://www.dcu.org.ua/,2024-11-24T18:57:40.645203,0,,
https://radiochoir.com.ua/,2024-11-24T18:57:40.817630,0,,
https://hram-kupina.church.ua/o-pravoslavii/,2024-11-24T18:57:41.178123,0,,
http://berdychiv.in.ua/,2024-11-24T18:57:41.457895,0,,
https://bziv.church.ua,2024-11-24T18:57:41.842747,1,,
https://www.mkdu.com.ua,2024-11-24T18:57:42.588561,0,,
http://kaniv-biblioteka.edukit.ck.ua/,2024-11-24T18:57:42.717494,0,,
http://yavoriv-crb.edukit.lviv.ua/,2024-11-24T18:57:43.926357,0,,
https://www.srvo.od.ua/school/sint_tonika/,2024-11-24T18:57:44.188665,0,,
https://khersones-sob.church.ua/,2024-11-24T18:57:44.383911,0,,
https://nevsky.church.ua/,2024-11-24T18:57:44.618767,0,,
http://biblioteka-filiya5.edukit.kr.ua/,2024-11-24T18:57:44.699986,0,,
https://puppet.vn.ua/,2024-11-24T18:57:44.806675,0,,
http://sobor.sumy.ua/,2024-11-24T18:57:44.945574,0,,
https://sergievapust-mon.church.ua/,2024-11-24T18:57:44.947491,0,,
https://krasnogor-mk-mon.church.ua/,2024-11-24T18:57:44.996212,0,,
http://kirill-monastery.org.ua/,2024-11-24T18:57:45.131874,0,,
https://memorial.omi.org.ua/,2024-11-24T18:57:45.215760,0,,
https://irp.te.ua/2010-05-21-07-32-31/,2024-11-24T18:57:45.484056,0,,
http://ato.museum.dp.ua/,2024-11-24T18:57:45.725131,0,,
https://skraglivka.church.ua/,2024-11-24T18:57:46.165994,0,,
http://svumik.sumy.ua/,2024-11-24T18:57:46.609571,0,,
http://katerinopil-biblioteka.edukit.ck.ua/,2024-11-24T18:57:46.770632,0,,
http://www.krliman-cvr.dn.sch.in.ua/,2024-11-24T18:57:48.067379,0,,
https://biblioteka23biogspot.blogspot.com/,2024-11-24T18:57:48.239502,0,,
https://cdutslavyansk.wixsite.com/cdutslavyansk,2024-11-24T18:57:48.436541,0,,
https://hram-fastov.church.ua/,2024-11-24T18:57:48.715846,0,,
http://oblenc.edukit.lg.ua/,2024-11-24T18:57:48.717906,0,,
https://amuzatua.wixsite.com/amuz,2024-11-24T18:57:48.880995,0,,
https://protsiv.church.ua/,2024-11-24T18:57:48.965088,0,,
http://www.stgeorge-kharkov.org/,2024-11-24T18:57:49.029272,0,,
http://music-school12.edu.kh.ua/,2024-11-24T18:57:49.207648,0,,
http://www.theatre19.com.ua/,2024-11-24T18:57:49.244902,0,,
https://www.pharmencyclopedia.com.ua/,2024-11-24T18:57:49.505541,0,,
https://www.kinofilms.ua,2024-11-24T18:57:50.697860,0,,
http://oleshkiv-dytbibl.edukit.kherson.ua/,2024-11-24T18:57:50.853910,0,,
https://stavropigiainua.org,2024-11-24T18:57:51.936886,1,,
http://cdut5.kh.sch.in.ua/,2024-11-24T18:57:52.308067,0,,
https://hram-novyi-bug.church.ua/,2024-11-24T18:57:52.382655,0,,
https://losynivka.church.ua/,2024-11-24T18:57:52.477782,1,,
https://muzey-dokm.pp.ua/,2024-11-24T18:57:52.846604,0,,
http://museum.khpg.org/,2024-11-24T18:57:53.068823,0,,
https://verbashadow.com/,2024-11-24T18:57:53.282022,0,,
https://discover.ua/en/en/trips/podoroz-1536,2024-11-24T18:57:53.328513,0,,
https://sites.google.com/view/babyni-yari-vinnychchyny,2024-11-24T18:57:53.558554,0,,
https://ksp.ui.org.ua/,2024-11-24T18:57:53.811347,0,,
https://agapit-dol.church.ua,2024-11-24T18:57:53.939038,0,,
http://cdut-frunzenskiy.edu.kh.ua/,2024-11-24T18:57:54.928092,0,,
http://www.kinokolo.ua,2024-11-24T18:57:56.085340,0,,
https://dnipro.islam.ua,2024-11-24T18:57:56.912823,0,,
https://vinogradov-mon.church.ua/,2024-11-24T18:57:57.050113,0,,
http://veres.yolasite.com/,2024-11-24T18:57:57.094188,0,,
http://fil.nlu.edu.ua/user/setLocale/uk_UA?source=%2F,2024-11-24T18:57:57.319172,0,,
https://find-way.com.ua/en/regions/kherson-region/mounds-of-ancient-people,2024-11-24T18:57:57.423695,0,,
http://ua.bykivnya.org/,2024-11-24T18:57:57.553276,0,,
https://kipyachsky-mon.church.ua/,2024-11-24T18:57:58.257708,0,,
http://cdut-kominternovskiy.edu.kh.ua/,2024-11-24T18:57:58.993354,0,,
http://odb.km.ua/index.php/ourvid/17#gsc.tab=0,2024-11-24T18:58:00.106249,0,,
https://santa-valentina.church.ua/,2024-11-24T18:58:00.148638,0,,
https://cotcendutuntvor.odessaedu.net/,2024-11-24T18:58:00.380206,0,,
https://vdubkah.church.ua/,2024-11-24T18:58:00.517243,0,,
https://prav-gluhie.church.ua/,2024-11-24T18:58:00.812123,0,,
https://podillia.church.ua/,2024-11-24T18:58:00.967887,0,,
http://ptngu.com/,2024-11-24T18:58:00.983240,0,,
https://jivon-ist.church.ua/,2024-11-24T18:58:01.060146,0,,
https://syg.ma/,2024-11-24T18:58:01.678244,0,,
http://bulgakov.org.ua,2024-11-24T18:58:01.894151,0,,
http://krasniokny-bdut.edukit.od.ua/,2024-11-24T18:58:03.017164,0,,
http://www.observ.univ.kiev.ua/museum/,2024-11-24T18:58:04.143068,0,,
https://trehanastasiy.church.ua/,2024-11-24T18:58:04.470923,0,,
https://korzhi.church.ua/,2024-11-24T18:58:04.569762,0,,
https://nsagr.org/,2024-11-24T18:58:05.058420,0,,
https://sukhiy-mon.church.ua/,2024-11-24T18:58:05.169716,0,,
https://uzhanskyi-park.in.ua/,2024-11-24T18:58:05.197016,0,,
https://dukmir.jimdofree.com/,2024-11-24T18:58:05.654648,0,,
https://proenglishtheatre.com/,2024-11-24T18:58:05.782905,0,,
https://odessaphil.org/,2024-11-24T18:58:05.932442,0,,
https://aidar-mon.church.ua,2024-11-24T18:58:06.046829,0,,
https://zarichevo-mon.church.ua/,2024-11-24T18:58:06.776135,1,,
http://zdolbuniv-rctdu.rv.sch.in.ua/,2024-11-24T18:58:07.096549,0,,
https://odesa-sob.church.ua/,2024-11-24T18:58:07.309838,1,,
http://www.varosh.com.ua,2024-11-24T18:58:08.180050,0,,
http://nikopol.maup.com.ua/,2024-11-24T18:58:09.114181,0,,
https://kraynikovo-mon.church.ua/,2024-11-24T18:58:09.130531,0,,
https://teatrkhat.kiev.ua/,2024-11-24T18:58:09.234700,0,,
https://stetsenko.museum/,2024-11-24T18:58:09.285372,0,,
http://www.theatreonpodol.com/,2024-11-24T18:58:09.973087,0,,
https://syut-druzhkivka.at.ua/,2024-11-24T18:58:10.088661,0,,
https://myzykivka.church.ua/,2024-11-24T18:58:10.355284,0,,
https://nevskogo.church.ua/,2024-11-24T18:58:10.556322,0,,
http://zhmerynka-crb.edukit.vn.ua/,2024-11-24T18:58:11.216636,0,,
http://dspu.edu.ua,2024-11-24T18:58:12.220468,0,,
https://varvara.church.ua/,2024-11-24T18:58:12.242793,0,,
http://www.mrvo.od.ua/school/zakl_dominanta/,2024-11-24T18:58:12.572023,0,,
https://sv-george.church.ua/,2024-11-24T18:58:12.602736,0,,
https://kalynivka.church.ua/,2024-11-24T18:58:12.894671,0,,
https://spyridon.church.ua/category/news/,2024-11-24T18:58:13.063128,0,,
https://demer.cn.ua,2024-11-24T18:58:13.139317,0,,
http://library.kharkov.ua/source/exposition/?id=78,2024-11-24T18:58:13.180210,0,,
https://sezenkiv.church.ua/,2024-11-24T18:58:13.181713,0,,
http://perechyn-bdut.edukit.uz.ua/,2024-11-24T18:58:13.500889,0,,
http://www.prvo.od.ua/school/lic_unak/,2024-11-24T18:58:13.868123,0,,
http://jpl.donnu.edu.ua/,2024-11-24T18:58:14.029437,0,,
http://zachepylivka-bibl.edu.kh.ua/,2024-11-24T18:58:15.313362,0,,
https://esu.com.ua/search_articles.php?id=8665,2024-11-24T18:58:16.253026,0,,
http://donskoy-kerch.cerkov.ru/2017/01/09/novaya-chast-xrama/,2024-11-24T18:58:16.363212,0,,
https://parohiaromana.church.ua/main-page/,2024-11-24T18:58:16.653927,0,,
http://geolvisnyk.univ.kiev.ua/,2024-11-24T18:58:16.935178,0,,
https://xn--80a3aeu4czas.xn--j1amh/,2024-11-24T18:58:17.103082,0,,
http://msio.com.ua/,2024-11-24T18:58:17.242256,0,,
http://www.blagoslovi.kiev.ua/,2024-11-24T18:58:17.467958,0,,
https://brd.church.ua/,2024-11-24T18:58:17.742011,0,,
http://cherkassy.islam.ua/,2024-11-24T18:58:17.893603,0,,
https://archives.gov.ua/ua/%D0%B4%D0%B5%D1%80%D0%B6%D0%B0%D0%B2%D0%BD%D0%B8%D0%B9-%D0%B0%D1%80%D1%85%D1%96%D0%B2-%D1%85%D0%B0%D1%80%D0%BA%D1%96%D0%B2%D1%81%D1%8C%D0%BA%D0%BE%D1%97-%D0%BE%D0%B1%D0%BB%D0%B0%D1%81%D1%82%D1%96/,2024-11-24T18:58:18.159840,0,,
https://hram-arh-mihail.church.ua/,2024-11-24T18:58:18.210648,1,,
https://www.srvo.od.ua/school/sint_tonika/,2024-11-24T18:58:18.597547,0,,
https://kamyanka-mon.church.ua/,2024-11-24T18:58:18.881474,0,,
https://goroh.pp.ua/,2024-11-24T18:58:19.250012,1,,
https://shevchenkove.church.ua/,2024-11-24T18:58:19.397074,0,,
http://romny-raybibl.sumy.sch.in.ua/,2024-11-24T18:58:19.423382,0,,
https://feogallery.org/,2024-11-24T18:58:20.335328,0,,
http://krvo.od.ua/school/lic_evrika/,2024-11-24T18:58:20.656522,0,,
http://mystukr.mari.kiev.ua/,2024-11-24T18:58:20.711781,0,,
https://hram-crimea.ru/,2024-11-24T18:58:20.762452,0,,
https://lpnu.ua/,2024-11-24T18:58:21.492667,0,,
https://pdutgornyak.donetskedu.com/,2024-11-24T18:58:21.567668,0,,
https://svmikh.church.ua/,2024-11-24T18:58:21.635430,1,,
http://zolo.gov.ua/istory-chni-pam-yatky-zolotonoshi,2024-11-24T18:58:21.923762,0,,
http://pb.univd.edu.ua/,2024-11-24T18:58:22.098269,0,,
https://pmis.ks.gov.ua/,2024-11-24T18:58:22.183408,0,,
https://od.kubg.edu.ua/index.php/journal,2024-11-24T18:58:22.404397,0,,
https://krasnoilsk-mon.church.ua/,2024-11-24T18:58:22.445098,0,,
http://krolevets-raybibl.edukit.sumy.ua/,2024-11-24T18:58:23.472667,0,,
http://vislib.onu.edu.ua/,2024-11-24T18:58:24.365007,0,,
https://makariy-sob.church.ua/,2024-11-24T18:58:24.696408,0,,
http://www.sahajayoga.kharkov.ua,2024-11-24T18:58:24.814984,0,,
https://nikolskoe.church.ua/,2024-11-24T18:58:25.281261,0,,
https://olhovtsy-mon.church.ua/,2024-11-24T18:58:25.282637,0,,
https://kammuz.com.ua/,2024-11-24T18:58:25.613283,0,,
http://museum.sumy.ua,2024-11-24T18:58:26.285479,0,,
"http://thermopipe.com.ua/pan1/index.html , http://thermopipe.com.ua/pan2/index.html , http://thermopipe.com.ua/pan3/index.html , http://thermopipe.com.ua/pan4/index.html",2024-11-24T18:58:26.378663,0,,
https://bibliotekamariupol.wixsite.com/library,2024-11-24T18:58:26.477611,0,,
http://konotop-cmb.sumy.sch.in.ua/,2024-11-24T18:58:27.573671,0,,
https://gora.church.ua/,2024-11-24T18:58:28.739916,0,,
https://s44-mar.wixsite.com/s44-m,2024-11-24T18:58:29.355354,0,,
https://dndzmusic.in.ua/,2024-11-24T18:58:29.653868,0,,
https://voladm.gov.ua/category/merezha-zakladiv-kulturi/1/,2024-11-24T18:58:29.708259,0,,
https://konotop-sob.church.ua/,2024-11-24T18:58:29.853379,0,,
https://ua.igotoworld.com/en/poi_object/75378_pamyatnik-voinam-afgancam-energodar.htm,2024-11-24T18:58:29.959698,0,,
http://arkhmihail.cerkov.ru/,2024-11-24T18:58:30.497615,0,,
https://petra-pavla.church.ua/,2024-11-24T18:58:30.695306,0,,
https://eleckymon.church.ua,2024-11-24T18:58:30.964071,0,,
https://vel-karatul.church.ua/,2024-11-24T18:58:31.341128,0,,
https://lubarci.church.ua/,2024-11-24T18:58:31.492572,0,,
http://snihurivka-cbs.edukit.mk.ua/,2024-11-24T18:58:31.677314,0,,
https://voronkiv.church.ua,2024-11-24T18:58:31.797899,1,,
https://onmckim.com.ua/,2024-11-24T18:58:32.779272,0,,
http://www.prvo.od.ua/school/lic_samocvit/,2024-11-24T18:58:32.858976,0,,
https://sv-kazanska.church.ua/,2024-11-24T18:58:33.720456,0,,
http://sverdlovsk-mriya.edukit.lg.ua/,2024-11-24T18:58:33.775102,0,,
http://www.zmt.com.ua/,2024-11-24T18:58:33.852051,0,,
https://saltway.in.ua/,2024-11-24T18:58:34.197601,0,,
https://lozovaya-mon.church.ua/,2024-11-24T18:58:34.540043,0,,
http://arts-series-knukim.pp.ua/user/setLocale/en_US,2024-11-24T18:58:35.388577,0,,
https://gkraviets6.wixsite.com/mysite-2,2024-11-24T18:58:35.566062,0,,
http://drohobych-crb.edukit.lviv.ua/,2024-11-24T18:58:35.769564,0,,
https://lubymivka.church.ua/,2024-11-24T18:58:36.455056,0,,
https://gorodylovo-mon.church.ua/,2024-11-24T18:58:37.370599,0,,
http://pidlypne-bibl.edukit.sumy.ua/,2024-11-24T18:58:37.833055,0,,
https://lavra.ua/3dtour/index.html,2024-11-24T18:58:37.906580,0,,
https://puppets.kr.ua/,2024-11-24T18:58:38.237490,0,,
https://nina.church.ua/bibliya/,2024-11-24T18:58:38.567001,0,,
https://mrpl.city/blogs/dk-molodezhnyj,2024-11-24T18:58:38.812612,0,,
http://muzei-prirody.blogspot.com/,2024-11-24T18:58:39.448598,0,,
http://ripky-bibl.edukit.cn.ua/,2024-11-24T18:58:39.793463,0,,
http://portal-pravoslavie.sumy.ua/,2024-11-24T18:58:40.577690,0,,
https://izmail-mon.church.ua/,2024-11-24T18:58:40.831209,0,,
https://www.prvo.od.ua/school/lic_moryana/,2024-11-24T18:58:40.903514,0,,
https://tivrovpravoslav.church.ua/,2024-11-24T18:58:41.436892,0,,
http://okhtyrka-dmsh.edukit.sumy.ua/,2024-11-24T18:58:41.906799,0,,
https://zhenmirkerch.church.ua/,2024-11-24T18:58:41.942915,0,,
http://imsu-zakarpattja.com/,2024-11-24T18:58:41.978638,0,,
https://uacrisis.org/en/,2024-11-24T18:58:42.636300,0,,
https://lviv-sob.church.ua/,2024-11-24T18:58:42.792763,0,,
http://histpol.pl.ua/,2024-11-24T18:58:42.852435,0,,
https://chidadeevo-mon.church.ua/,2024-11-24T18:58:43.046278,0,,
http://library.dstu.education/,2024-11-24T18:58:43.539575,0,,
https://voropaiv.church.ua,2024-11-24T18:58:43.882254,0,,
http://www.kamkash-dytbibl.edukit.volyn.ua/,2024-11-24T18:58:43.928136,0,,
https://simferopol.church.ua/,2024-11-24T18:58:44.874496,0,,
http://druzhkivka-cdut.edukit.dn.ua/,2024-11-24T18:58:45.012601,0,,
https://jew.org.ua/ukr.html,2024-11-24T18:58:45.524700,0,,
https://sarny.church.ua/,2024-11-24T18:58:45.815934,0,,
http://markivka-biblioteka.edukit.lg.ua/,2024-11-24T18:58:46.142287,0,,
https://ukrmus.wordpress.com/,2024-11-24T18:58:46.651400,0,,
https://mariupolmgtl.wixsite.com/mgtl,2024-11-24T18:58:46.687772,0,,
http://problecon.com/,2024-11-24T18:58:46.819725,0,,
http://elib.gnpbu.ru/,2024-11-24T18:58:47.665752,0,,
https://epiriney.church.ua/,2024-11-24T18:58:47.678490,0,,
http://zolochiv-crb.edukit.lviv.ua/,2024-11-24T18:58:47.980251,0,,
https://newacropolis.org.ua/,2024-11-24T18:58:48.684595,0,,
http://bdut.kuprda.gov.ua/,2024-11-24T18:58:49.313984,0,,
https://uglya-mon.church.ua/,2024-11-24T18:58:49.465543,0,,
http://poltava.archives.gov.ua/,2024-11-24T18:58:50.046586,0,,
http://konotop-sun.edukit.sumy.ua/,2024-11-24T18:58:50.229040,0,,
https://gliadyn.church.ua/,2024-11-24T18:58:50.341799,0,,
https://chmelnitskogo.blogspot.com/,2024-11-24T18:58:51.738198,0,,
https://mrplmusicschool1.wixsite.com/musicschool1/novini-1,2024-11-24T18:58:51.741221,0,,
http://museum.slavyansk.online/,2024-11-24T18:58:51.809704,0,,
http://www.vv-dytbibl.edukit.volyn.ua/,2024-11-24T18:58:52.222191,0,,
https://hram-lastochkino.church.ua/,2024-11-24T18:58:52.928526,0,,
https://muzey.ck.ua/,2024-11-24T18:58:53.426886,0,,
https://vyshneveblago.church.ua/,2024-11-24T18:58:54.032941,0,,
https://svt-magdalina.church.ua/,2024-11-24T18:58:54.938268,0,,
https://kostrino-mon.church.ua/,2024-11-24T18:58:55.147636,0,,
https://law.church.ua/,2024-11-24T18:58:55.254676,1,,
https://cherevky.church.ua,2024-11-24T18:58:55.967291,0,,
https://vladimirsky-mon.church.ua/,2024-11-24T18:58:56.129700,1,,
http://lukashi-nvk.edukit.kiev.ua/,2024-11-24T18:58:56.310362,0,,
https://ulianivka.church.ua/,2024-11-24T18:58:56.962802,0,,
https://tokmak-mon.church.ua/,2024-11-24T18:58:57.161340,1,,
https://uspenie-sokolovo.church.ua/,2024-11-24T18:58:57.303144,1,,
https://panteleimon-dol.church.ua/,2024-11-24T18:58:57.619345,0,,
https://organ.rv.ua/,2024-11-24T18:58:57.656483,0,,
https://bogoslovkanon.church.ua/,2024-11-24T18:58:57.906674,0,,
http://www.muzdepartament.uz.ua/,2024-11-24T18:58:58.114350,0,,
https://dobro.church.ua/,2024-11-24T18:58:58.280858,1,,
https://dniprodzerzhinsk-sob.church.ua/,2024-11-24T18:58:58.454253,1,,
https://yareshky.church.ua/,2024-11-24T18:58:58.774860,0,,
https://tel0800502686.church.ua/,2024-11-24T18:58:58.898378,0,,
http://www.uman-csb.edukit.ck.ua/,2024-11-24T18:58:59.867681,1,,
https://orthodox-world.org/en/i/17575/Ukraine/Kharkivs'ka-Oblast'/Izium/Church/Holy-Cross-Orthodox-Church,2024-11-24T18:59:00.195954,0,,
http://pkf.donbass.name/,2024-11-24T18:59:00.944557,0,,
http://ipkotlyarevsky.narod.ru/MuzKotlru5.htm,2024-11-24T18:59:01.196394,0,,
http://www.shukach.com/,2024-11-24T18:59:01.399311,0,,
http://1986.org.ua/,2024-11-24T18:59:01.667210,0,,
http://michael.church.ua/,2024-11-24T18:59:02.317348,0,,
https://msu.edu.ua/,2024-11-24T18:59:02.395345,0,,
http://www.uabs.org.ua/,2024-11-24T18:59:02.414487,0,,
http://pano.pl.ua/,2024-11-24T18:59:04.095336,0,,
https://hram-karlovka.church.ua/,2024-11-24T18:59:05.027318,0,,
http://library.kharkov.ua/source/exposition/?id=74,2024-11-24T18:59:05.232996,0,,
https://ds.cdu.edu.ua/,2024-11-24T18:59:05.434778,0,,
https://olexatest.wixsite.com/oval/blog,2024-11-24T18:59:05.722162,0,,
https://tamara.church.ua/,2024-11-24T18:59:06.117865,0,,
https://mezhibozh.com/yak-jihaty-v-medzhybizh/,2024-11-24T18:59:06.474863,0,,
https://vorochevo-mon.church.ua/,2024-11-24T18:59:07.252216,0,,
https://popovo.church.ua/?page_id=75,2024-11-24T18:59:07.352368,0,,
https://chuginka-mon.church.ua,2024-11-24T18:59:08.051399,0,,
https://soborna.church.ua/,2024-11-24T18:59:08.861518,1,,
https://dnipropetrovsk-sob.church.ua/,2024-11-24T18:59:09.047917,0,,
https://uzhorodskacrbs.blogspot.com/,2024-11-24T18:59:09.087846,0,,
https://hram-peskovka.church.ua/,2024-11-24T18:59:09.751364,0,,
https://iver-lozovaya.church.ua/,2024-11-24T18:59:10.004917,0,,
https://voznesensk.church.ua/,2024-11-24T18:59:10.370942,0,,
http://cemetery-blago.church.ua/,2024-11-24T18:59:10.533115,0,,
https://sulymivka-sret.church.ua/,2024-11-24T18:59:10.997833,0,,
https://drohobych-museum.com,2024-11-24T18:59:11.291782,0,,
https://family.church.ua/,2024-11-24T18:59:12.284771,0,,
http://cdutks.ucoz.net/,2024-11-24T18:59:12.916215,0,,
https://st-vaclav.church.ua/,2024-11-24T18:59:13.034185,0,,
http://med.sumdu.edu.ua/,2024-11-24T18:59:13.097811,0,,
http://library.kharkov.ua/source/exposition/?id=68,2024-11-24T18:59:13.404472,0,,
https://sophia.knu.ua/,2024-11-24T18:59:13.857896,0,,
https://krestovozdvig.church.ua/,2024-11-24T18:59:14.402193,0,,
http://simblago.com/,2024-11-24T18:59:14.447937,0,,
https://kiziltash-mon.church.ua/,2024-11-24T18:59:16.190046,0,,
http://zazimye.info/index.php/pro-parafiiu/pro-khram.html,2024-11-24T18:59:17.208279,0,,
http://library.kharkov.ua/source/exposition/?id=67,2024-11-24T18:59:17.423555,0,,
https://m5.church.ua/,2024-11-24T18:59:17.519689,0,,
https://bobrikhramjerelo.church.ua/,2024-11-24T18:59:17.808559,0,,
https://kiliv.church.ua/duxovenstvo/,2024-11-24T18:59:18.213557,0,,
https://crimea.church.ua/,2024-11-24T18:59:18.558145,0,,
https://arh-mihail.church.ua/,2024-11-24T18:59:19.464323,0,,
https://demiantsi.church.ua,2024-11-24T18:59:20.205467,0,,
https://serafim2014.church.ua/,2024-11-24T18:59:21.227446,0,,
http://library.kharkov.ua/source/exposition/?id=62,2024-11-24T18:59:21.451347,0,,
https://kyselivka.church.ua/main-page/,2024-11-24T18:59:21.596722,1,,
https://agapit.church.ua/,2024-11-24T18:59:22.113256,0,,
http://kb.nuos.edu.ua/,2024-11-24T18:59:22.251504,0,,
https://fanchikovolibrary.blogspot.com/,2024-11-24T18:59:22.613670,0,,
https://radomyshl.church.ua/,2024-11-24T18:59:22.620017,0,,
https://plishyvets-mon.church.ua/,2024-11-24T18:59:23.088981,0,,
https://ovruch-mon.church.ua/,2024-11-24T18:59:23.380284,0,,
https://ioninsky.church.ua/,2024-11-24T18:59:23.471848,1,,
http://www.ipn.cdu.edu.ua/,2024-11-24T18:59:23.498212,0,,
https://medgorodok-hram.church.ua/,2024-11-24T18:59:24.384139,0,,
https://tihvinsky-mon.church.ua/,2024-11-24T18:59:25.003152,0,,
https://trinity.church.ua/,2024-11-24T18:59:25.177262,0,,
https://volbiblioteka.blogspot.com/,2024-11-24T18:59:25.278030,0,,
http://library.kharkov.ua/source/exposition/?id=61,2024-11-24T18:59:25.617925,0,,
https://hram-ocheretino.church.ua/,2024-11-24T18:59:25.942502,0,,
https://yabluneve.church.ua/,2024-11-24T18:59:26.489879,0,,
https://ploske.church.ua/,2024-11-24T18:59:26.537502,0,,
https://kozatstvo.blogspot.com/,2024-11-24T18:59:26.677949,0,,
https://nowowaskultura.blogspot.com/,2024-11-24T18:59:27.551060,0,,
https://pereyaslav-tr.church.ua/,2024-11-24T18:59:28.279384,0,,
https://med-expert.com.ua/journals/podpiska/,2024-11-24T18:59:29.267885,0,,
https://balta.church.ua/,2024-11-24T18:59:29.295104,0,,
https://nddt97.wixsite.com/mysite/,2024-11-24T18:59:29.326662,0,,
https://kievskaya-rus.church.ua/,2024-11-24T18:59:29.603912,0,,
http://alutsar.com/wp-includes/js/jquery/jquery.js?ver=1.12.4,2024-11-24T18:59:29.663237,0,,
http://lib.icbge.org.ua/uk/Book_show.php,2024-11-24T18:59:29.735204,0,,
https://rovenky-ep.org.ua/,2024-11-24T18:59:30.147262,0,,
https://journals.pnu.edu.ua/index.php/apiclu,2024-11-24T18:59:30.981425,0,,
https://neuro.kiev.ua/,2024-11-24T18:59:31.686859,0,,
https://demydiv.church.ua,2024-11-24T18:59:32.308390,0,,
http://zmapo.edu.ua/,2024-11-24T18:59:32.381623,0,,
http://visnyk-geo.univ.kiev.ua/,2024-11-24T18:59:33.356925,0,,
https://krasne.church.ua/,2024-11-24T18:59:33.501505,1,,
https://episkop-nestor.church.ua/,2024-11-24T18:59:34.347878,0,,
https://yahotyn-pokrov.church.ua/,2024-11-24T18:59:35.257166,0,,
https://vorochevo-mon.church.ua/,2024-11-24T18:59:35.439471,0,,
https://hram-hotyanovka.church.ua/,2024-11-24T18:59:35.557150,0,,
https://prp-serafim.church.ua/,2024-11-24T18:59:36.473984,0,,
https://dimitrsolun.church.ua/,2024-11-24T18:59:37.088450,0,,
https://khg.kname.edu.ua/index.php/khg/issue/archive,2024-11-24T18:59:37.433885,0,,
http://eu-jr.eu/sciencerise,2024-11-24T18:59:37.539228,0,,
https://hramloboykovka.church.ua/,2024-11-24T18:59:38.636375,0,,
https://hram-adrian.church.ua/,2024-11-24T18:59:38.764524,0,,
http://physchem.od.ua/,2024-11-24T18:59:39.629233,0,,
https://st-vladimir.church.ua/,2024-11-24T18:59:41.373126,0,,
http://docudays.ua/,2024-11-24T18:59:41.382393,0,,
http://osvita-mariupol.wixsite.com/school-66,2024-11-24T18:59:41.508364,0,,
https://hram-varvary.church.ua/,2024-11-24T18:59:41.690846,0,,
https://letsky.church.ua/,2024-11-24T18:59:41.748025,0,,
https://novgorod-sev-mon.church.ua/,2024-11-24T18:59:41.814386,0,,
https://golovuriv.church.ua/,2024-11-24T18:59:42.234491,0,,
https://zamokdubno.com.ua/,2024-11-24T18:59:42.674159,0,,
https://yablonsk-valeriy.church.ua/,2024-11-24T18:59:43.091857,0,,
https://sviato-georges.church.ua/,2024-11-24T18:59:43.797176,0,,
https://derkul-mon.church.ua,2024-11-24T18:59:44.407361,0,,
https://monastery.church.ua/,2024-11-24T18:59:44.472571,0,,
http://ivanivka-cdt.ucoz.ua/,2024-11-24T18:59:45.788679,0,,
https://shkola.church.ua/,2024-11-24T18:59:46.435238,0,,
http://repo.donnu.ru:8080/jspui/community-list,2024-11-24T18:59:47.141253,0,,
https://vahivka.church.ua/,2024-11-24T18:59:47.353706,0,,
https://dragovo-mon.church.ua/,2024-11-24T18:59:47.544177,0,,
http://oblenc.edukit.lg.ua/,2024-11-24T18:59:48.512474,0,,
https://solunskogo.church.ua/,2024-11-24T18:59:48.586584,0,,
https://voznesensk-sob.church.ua/,2024-11-24T18:59:49.192009,0,,
https://senkivka.church.ua/,2024-11-24T18:59:49.619843,0,,
https://khersonculture.wixsite.com/nonfake,2024-11-24T18:59:49.854780,0,,
https://khustlibrary.blogspot.com/,2024-11-24T18:59:50.490731,0,,
https://archives.gov.ua/en/,2024-11-24T18:59:50.746787,0,,
https://horoshe-mon.church.ua/,2024-11-24T18:59:50.850854,0,,
https://marschool40.wixsite.com/marschool40,2024-11-24T18:59:51.190706,0,,
https://nikolskoe-mon.church.ua/,2024-11-24T18:59:51.715776,0,,
http://svlyka.cerkov.ru/,2024-11-24T18:59:52.585694,0,,
http://echas.eenu.edu.ua/,2024-11-24T18:59:53.229222,0,,
https://vel-dymerka.church.ua/,2024-11-24T18:59:53.464598,0,,
https://lozoviy-yar.church.ua/,2024-11-24T18:59:53.489116,0,,
https://detkamda.church.ua/,2024-11-24T18:59:53.600167,0,,
http://zosh24mariupol.wix.com/school,2024-11-24T18:59:53.700305,0,,
https://yerkivtsi.church.ua/,2024-11-24T18:59:53.790615,0,,
http://agapithram.prihod.ru/,2024-11-24T18:59:53.891227,0,,
https://amvrosievsky-mon.church.ua/,2024-11-24T18:59:53.898046,0,,
http://prodetstvo.dp.ua/,2024-11-24T18:59:53.972671,0,,
https://panfily.church.ua/,2024-11-24T18:59:54.311998,0,,
http://orthodox-kr.org.ua/core/upl_images/Paskha_pozdravlenie.jpg,2024-11-24T18:59:54.787891,0,,
http://journals.iir.kiev.ua/,2024-11-24T18:59:55.261970,0,,
https://s-p-p.church.ua/,2024-11-24T18:59:55.885644,0,,
https://dernivka.church.ua,2024-11-24T18:59:56.495195,0,,
https://oleshnik.blogspot.com/,2024-11-24T18:59:56.646404,0,,
http://krkutcdut.wixsite.com/krkut-cdut,2024-11-24T18:59:57.301279,0,,
http://maptimes.inf.ua/,2024-11-24T18:59:57.601556,0,,
http://balakliya-cdut.edu.kh.ua/,2024-11-24T18:59:57.687412,0,,
https://marschool32.wixsite.com/mysite,2024-11-24T18:59:57.856970,0,,
https://vel-staricja.church.ua/,2024-11-24T18:59:58.907121,1,,
https://spaso-preobrazh.church.ua/,2024-11-24T18:59:59.452722,0,,
https://chumalevo-mon.church.ua/,2024-11-24T18:59:59.627768,0,,
https://hotianivka.church.ua/,2024-11-24T19:00:00.685452,0,,
https://pnzbdyut3.wixsite.com/zavodskiy,2024-11-24T19:00:00.712774,0,,
http://school53mar.wixsite.com/0629,2024-11-24T19:00:01.657198,0,,
http://www.eparhia.com.ua/,2024-11-24T19:00:01.823257,0,,
https://bogorodiza.church.ua/,2024-11-24T19:00:02.574513,0,,
https://vved-dol.church.ua/,2024-11-24T19:00:02.940903,0,,
https://hram-kamenka.church.ua/,2024-11-24T19:00:03.800476,0,,
http://www.magister.msk.ru/,2024-11-24T19:00:05.484927,0,,
https://revne.church.ua/,2024-11-24T19:00:05.560626,0,,
https://derzhavnayatorez.church.ua/,2024-11-24T19:00:05.978642,0,,
https://myk-mon.church.ua/,2024-11-24T19:00:06.066436,0,,
https://hram-yaroslava.church.ua/,2024-11-24T19:00:06.438270,0,,
http://er.nau.edu.ua/,2024-11-24T19:00:06.675707,0,,
https://mizoch.church.ua/,2024-11-24T19:00:06.879601,0,,
https://yurove.church.ua/,2024-11-24T19:00:07.357868,0,,
https://blagoveschenskiy.church.ua/,2024-11-24T19:00:08.008676,0,,
https://discover.vn.ua/locations/mogilev-podolskiy-kraevedcheskiy-muzey,2024-11-24T19:00:08.096592,0,,
https://desyatynniy-mon.church.ua,2024-11-24T19:00:08.596375,0,,
https://amu-biblioteka.wixsite.com/amu-biblioteka,2024-11-24T19:00:09.546610,0,,
https://hram.church.ua/,2024-11-24T19:00:09.770941,0,,
https://domboki-mon.church.ua/,2024-11-24T19:00:10.312821,1,,
https://vvak.in.ua/,2024-11-24T19:00:10.790715,0,,
https://georgievski-hram.church.ua/,2024-11-24T19:00:10.979846,0,,
http://journals.nubip.edu.ua/,2024-11-24T19:00:11.414202,0,,
https://istochnik.church.ua/,2024-11-24T19:00:11.543972,0,,
https://berezan-sofron.church.ua/,2024-11-24T19:00:11.581194,1,,
http://pptma.dn.ua/index.php/uk/,2024-11-24T19:00:11.936694,0,,
https://molchensky-mon.church.ua/,2024-11-24T19:00:12.043180,1,,
https://mokrets.church.ua/,2024-11-24T19:00:12.769725,1,,
https://vseh-svjat.church.ua/,2024-11-24T19:00:12.794518,0,,
http://mvr.dp.ua/,2024-11-24T19:00:12.825690,0,,
https://berezniy.blogspot.com/,2024-11-24T19:00:13.604689,0,,
https://shhaslive.church.ua/,2024-11-24T19:00:13.789649,0,,
https://pylypcha.church.ua/,2024-11-24T19:00:15.034757,0,,
http://en.museum.if.ua/,2024-11-24T19:00:15.706815,0,,
http://hstudies-univ.kiev.ua/,2024-11-24T19:00:15.738492,0,,
http://kodyma.od.ua/,2024-11-24T19:00:16.038577,0,,
https://osvitamrpl.wixsite.com/school9,2024-11-24T19:00:16.878150,0,,
https://zlatoust.church.ua/,2024-11-24T19:00:17.653115,0,,
http://bakhmach-crb.edukit.cn.ua/,2024-11-24T19:00:17.698343,0,,
http://via.dp.ua/,2024-11-24T19:00:17.709614,0,,
http://monah.myftp.biz/,2024-11-24T19:00:17.729340,0,,
https://usivka.church.ua/,2024-11-24T19:00:18.085718,0,,
https://krasnogor-mk-mon.church.ua/,2024-11-24T19:00:18.146911,0,,
https://strokova.church.ua/,2024-11-24T19:00:18.538409,0,,
https://shaj.sumdu.edu.ua/?lang=en,2024-11-24T19:00:18.991840,0,,
https://library.te.ua/,2024-11-24T19:00:19.828690,0,,
https://muklib.blogspot.com/,2024-11-24T19:00:20.090432,0,,
https://schors-svnikolaj.church.ua/,2024-11-24T19:00:20.184633,0,,
https://semipolki.church.ua/,2024-11-24T19:00:20.445229,1,,
https://divychky.church.ua,2024-11-24T19:00:20.686126,0,,
http://zhashkiv.info/history/muzei/,2024-11-24T19:00:20.942855,0,,
https://malakopanya2018.blogspot.com/,2024-11-24T19:00:21.762087,0,,
https://2017ckd.wixsite.com/centr,2024-11-24T19:00:21.787235,0,,
https://zolotyvik.blogspot.com/,2024-11-24T19:00:22.145531,0,,
https://krivoe-mon.church.ua/,2024-11-24T19:00:22.404866,0,,
https://dzhankoy-sob.church.ua/,2024-11-24T19:00:22.882887,0,,
https://gorlivka-sob.church.ua/,2024-11-24T19:00:23.067038,0,,
https://pereiaslav-rizdv.church.ua/,2024-11-24T19:00:24.127775,0,,
https://polohy-ianenky.church.ua/,2024-11-24T19:00:24.859494,0,,
http://chm.onu.edu.ua/,2024-11-24T19:00:25.837942,0,,
https://markap.church.ua/,2024-11-24T19:00:25.891891,0,,
http://en.chnu.edu.ua/,2024-11-24T19:00:26.226162,0,,
https://sos-ukraine.org/,2024-11-24T19:00:26.628981,0,,
https://natekolog1955.wixsite.com/website,2024-11-24T19:00:26.951706,0,,
https://hram-svolga.church.ua/,2024-11-24T19:00:27.122604,0,,
https://sobor.church.ua/,2024-11-24T19:00:27.797903,0,,
https://chichagov.church.ua/,2024-11-24T19:00:31.089883,0,,
https://nevskiy-sev.church.ua/,2024-11-24T19:00:31.913898,0,,
https://soshnikiv.church.ua/,2024-11-24T19:00:32.176180,0,,
https://gogoliv.church.ua/,2024-11-24T19:00:32.275293,0,,
https://trisv.church.ua/,2024-11-24T19:00:32.531459,0,,
https://divychky1.church.ua,2024-11-24T19:00:32.770509,0,,
https://kovalyn.church.ua/,2024-11-24T19:00:33.017621,0,,
https://tarasivka.church.ua/,2024-11-24T19:00:33.858582,0,,
https://krasnogv-blag.church.ua/,2024-11-24T19:00:34.244634,0,,
http://museumtoilet.com.ua/en/,2024-11-24T19:00:34.351117,0,,
http://kicherno-mon.church.ua/,2024-11-24T19:00:34.501974,0,,
https://architecture.church.ua/,2024-11-24T19:00:35.160274,0,,
https://openarchive.nure.ua/,2024-11-24T19:00:36.023697,0,,
https://magdalina-centr.church.ua/,2024-11-24T19:00:36.211194,1,,
https://stahanov.church.ua/,2024-11-24T19:00:36.219187,0,,
https://rpb-don.church.ua/,2024-11-24T19:00:36.950098,0,,
https://sergiy.church.ua/,2024-11-24T19:00:37.146411,1,,
https://syniak.church.ua/,2024-11-24T19:00:37.934660,0,,
https://center-blind.church.ua/,2024-11-24T19:00:37.981234,0,,
https://nikolo-artemij.church.ua/,2024-11-24T19:00:38.723226,0,,
https://pokrovaberdyansk.church.ua/,2024-11-24T19:00:39.055389,0,,
http://dspace.mdu.edu.ua/jspui/handle/123456789/1003,2024-11-24T19:00:39.200085,0,,
https://donetsk-sob.church.ua/,2024-11-24T19:00:39.208909,0,,
https://vvedensky.church.ua/,2024-11-24T19:00:39.900383,0,,
https://gimnazium2mar.wixsite.com/site,2024-11-24T19:00:41.218306,0,,
https://sovietmosaicsinukraine.org/,2024-11-24T19:00:42.598020,0,,
https://golovanivsk.church.ua/main-page/,2024-11-24T19:00:43.176258,0,,
https://sulymivka.church.ua/,2024-11-24T19:00:44.255970,0,,
https://vyshenky.church.ua/,2024-11-24T19:00:44.618836,0,,
https://domanevka-mon.church.ua,2024-11-24T19:00:44.879755,0,,
https://pokrov-dobro.church.ua/,2024-11-24T19:00:45.098053,0,,
https://morozivka.church.ua/,2024-11-24T19:00:45.945785,0,,
http://tereblya-mon.church.ua/,2024-11-24T19:00:46.441452,0,,
https://eprints.oa.edu.ua/,2024-11-24T19:00:47.275153,0,,
https://rybak-svnik.church.ua/,2024-11-24T19:00:48.108618,0,,
https://petrivci-pokrov.church.ua/,2024-11-24T19:00:48.300601,0,,
https://bdut-ua.jimdofree.com/,2024-11-24T19:00:48.303446,0,,
https://cmitotem.wixsite.com/cmitotem,2024-11-24T19:00:48.315003,0,,
https://tishyv-mon.church.ua/,2024-11-24T19:00:49.038251,0,,
https://bibl10.wixsite.com/kuprina,2024-11-24T19:00:50.030148,0,,
https://ivankiv.church.ua/,2024-11-24T19:00:50.032397,0,,
https://blago.church.ua/,2024-11-24T19:00:50.075573,0,,
https://irpinblag.church.ua/,2024-11-24T19:00:50.811185,0,,
https://hram-piryatin.church.ua/,2024-11-24T19:00:51.160225,0,,
https://glibivca.church.ua/,2024-11-24T19:00:51.287871,0,,
https://chinadievo.church.ua/,2024-11-24T19:00:51.294301,0,,
https://k-voennotdel.church.ua/,2024-11-24T19:00:51.994998,0,,
http://kremen-eparh.org/,2024-11-24T19:00:52.157120,0,,
https://video.shakhtar.com/,2024-11-24T19:00:52.368141,0,,
https://pereyaslav-boris.church.ua/,2024-11-24T19:00:53.311958,0,,
http://www.bs.tze.org.ua/,2024-11-24T19:00:54.070076,0,,
http://iosifovsky-mon.church.ua/,2024-11-24T19:00:54.701148,0,,
http://en.kul.kiev.ua/,2024-11-24T19:00:54.944997,0,,
https://biblnekrasov.wixsite.com/mysite,2024-11-24T19:00:55.357701,0,,
https://artshostka.blogspot.com/,2024-11-24T19:00:56.057555,0,,
http://dspace.udpu.edu.ua/community-list,2024-11-24T19:00:56.379642,0,,
https://ir.vtei.edu.ua/,2024-11-24T19:00:56.634414,0,,
https://avdeevka.church.ua/,2024-11-24T19:00:56.727311,0,,
https://dudarkiv.church.ua,2024-11-24T19:00:56.967991,0,,
https://vyshhorod-borys.church.ua/,2024-11-24T19:00:57.200321,0,,
http://krvo.od.ua/school/lic_evrika/,2024-11-24T19:00:58.097657,0,,
https://mliniv.church.ua/,2024-11-24T19:00:58.532523,0,,
http://ittf.kiev.ua/,2024-11-24T19:00:59.079054,0,,
https://v-dubechnia.church.ua/,2024-11-24T19:00:59.379075,0,,
https://elib.umsa.edu.ua/,2024-11-24T19:00:59.391726,0,,
https://mazinky.church.ua/,2024-11-24T19:01:00.406655,0,,
http://oneu.edu.ua/,2024-11-24T19:01:00.417352,0,,
https://pochaev-dol.church.ua/,2024-11-24T19:01:01.139857,0,,
https://svit-nvk.wixsite.com/svitylnia,2024-11-24T19:01:01.777519,1,,
https://igor.church.ua/category/photo/,2024-11-24T19:01:02.165826,0,,
https://dun-mihaila.church.ua,2024-11-24T19:01:02.880818,1,,
http://www.zhu.edu.ua/journal_cpu,2024-11-24T19:01:03.121196,0,,
https://kamianska.church.ua/,2024-11-24T19:01:03.251900,0,,
https://blagovest.church.ua/,2024-11-24T19:01:03.397832,0,,
http://pyriatyn-crb.edu.poltava.ua/,2024-11-24T19:01:03.427115,0,,
http://apsnim.bsmu.edu.ua/,2024-11-24T19:01:03.486616,0,,
https://svt-nikolai.church.ua/,2024-11-24T19:01:04.250191,0,,
https://dubno-adm.gov.ua/pro-misto/arkhitekturna-spadshchina.html,2024-11-24T19:01:04.474436,0,,
http://mfat.imath.kiev.ua/,2024-11-24T19:01:04.475581,0,,
https://dzhankoy.church.ua/,2024-11-24T19:01:05.404029,0,,
https://molnytsia-mon.church.ua/,2024-11-24T19:01:06.162353,0,,
http://krivoy-rog-mon.church.ua/,2024-11-24T19:01:06.800829,0,,
https://ostropil.church.ua/,2024-11-24T19:01:08.150113,0,,
https://hospital.church.ua/,2024-11-24T19:01:08.821616,0,,
https://kifasavl12.church.ua/,2024-11-24T19:01:09.295481,0,,
https://boryspil-spas.church.ua/,2024-11-24T19:01:10.188211,0,,
https://grygorivska-gromada.gov.ua/,2024-11-24T19:01:11.337924,0,,
http://reposit.nupp.edu.ua/browse?type=title,2024-11-24T19:01:12.256562,0,,
https://sytbelitskoe2015.wixsite.com/syt2015/,2024-11-24T19:01:12.877289,0,,
https://hramazp.church.ua/,2024-11-24T19:01:13.240100,0,,
https://straholesye.church.ua/,2024-11-24T19:01:13.868571,0,,
https://shargorod.church.ua/,2024-11-24T19:01:14.274348,0,,
https://book.church.ua/,2024-11-24T19:01:14.357896,1,,
https://dymer.church.ua,2024-11-24T19:01:14.969076,0,,
https://rohoziv.church.ua/,2024-11-24T19:01:15.350189,0,,
https://melitopol-blagochinie.church.ua/,2024-11-24T19:01:15.498532,0,,
https://vsviat-dol.church.ua/,2024-11-24T19:01:15.511724,0,,
https://ioasaf.church.ua/,2024-11-24T19:01:16.328075,0,,
https://elispalomnik.church.ua/,2024-11-24T19:01:16.569312,0,,
https://gnidyn.church.ua/,2024-11-24T19:01:16.569669,0,,
http://www.journal-discourse.com/uk/,2024-11-24T19:01:16.995692,0,,
https://kdpu.edu.ua/en/,2024-11-24T19:01:17.366327,0,,
http://dspace.mnau.edu.ua/,2024-11-24T19:01:17.493436,0,,
https://hram-sv-nevskogo.church.ua/,2024-11-24T19:01:17.503020,0,,
https://simeiz-pokrov.church.ua/,2024-11-24T19:01:18.250203,0,,
https://schooll50.wixsite.com/schooll50,2024-11-24T19:01:18.420075,0,,
http://sergeevka-mon.church.ua/,2024-11-24T19:01:18.889519,0,,
https://cyt.cv.ua/,2024-11-24T19:01:19.542777,0,,
http://svtluka.org.ua/,2024-11-24T19:01:21.679716,0,,
https://nesterivka.church.ua/,2024-11-24T19:01:22.282743,0,,
https://title-book.church.ua/,2024-11-24T19:01:23.434274,0,,
https://pokrov-obuhovich.church.ua/main-page/,2024-11-24T19:01:24.358693,0,,
https://hr-mihail.church.ua/,2024-11-24T19:01:25.962117,0,,
http://pivdenne-cdut.edu.kh.ua/,2024-11-24T19:01:26.341791,0,,
https://elisavet-dol.church.ua/,2024-11-24T19:01:26.366358,0,,
https://farbovane.church.ua,2024-11-24T19:01:27.052982,0,,
https://svetoch.church.ua/,2024-11-24T19:01:27.441745,0,,
https://trisvyat-dp.church.ua/2018/04/24/nedelya-3-ya-po-pasxe-svv-zhen-mironosic-pravoslavnyj-zhenskij-den-3/,2024-11-24T19:01:27.598770,0,,
https://chram-nik.church.ua/,2024-11-24T19:01:28.111714,1,,
https://izym-blagochinie.church.ua/category/news/,2024-11-24T19:01:28.407500,0,,
https://kseniapeter-hram.church.ua/,2024-11-24T19:01:28.653250,0,,
https://st-xenia.church.ua/,2024-11-24T19:01:28.654194,0,,
https://hram-radonezh.church.ua/,2024-11-24T19:01:29.106964,0,,
https://culture.church.ua/,2024-11-24T19:01:29.583292,0,,
https://martusivca.church.ua/,2024-11-24T19:01:30.357462,0,,
https://ilyinsky-torez.church.ua/,2024-11-24T19:01:30.524422,0,,
https://bdut.teplodar.od.ua,2024-11-24T19:01:31.134781,0,,
https://toplovsky-mon.church.ua/,2024-11-24T19:01:31.638695,0,,
https://thailia.wixsite.com/marschool54,2024-11-24T19:01:31.672106,0,,
http://eparhia.mk.ua/,2024-11-24T19:01:32.236363,0,,
http://tppe.econom.univ.kiev.ua/,2024-11-24T19:01:32.705891,0,,
https://korniivka.church.ua/,2024-11-24T19:01:33.779469,0,,
http://www.grani.in.ua,2024-11-24T19:01:35.178023,0,,
https://sv-nikola.church.ua/,2024-11-24T19:01:35.523169,0,,
http://bibliotekaippo7.wix.com/libra,2024-11-24T19:01:35.753503,0,,
https://paryshkiv.church.ua/,2024-11-24T19:01:36.450086,0,,
https://hram-kovputa.church.ua/,2024-11-24T19:01:38.054872,0,,
https://boromlja.church.ua/,2024-11-24T19:01:38.458524,0,,
https://geovisnsnu.wordpress.com/,2024-11-24T19:01:38.458527,0,,
https://tulchin-sob.church.ua/,2024-11-24T19:01:38.466669,0,,
https://domostroy.church.ua/,2024-11-24T19:01:39.528830,0,,
https://www.npptovtry.org.ua/,2024-11-24T19:01:39.851538,0,,
https://lemeshivka.church.ua/,2024-11-24T19:01:40.506526,0,,
https://pereyaslav-georg.church.ua/,2024-11-24T19:01:40.751926,0,,
https://stanislavchik.church.ua/,2024-11-24T19:01:41.208063,0,,
https://pereyaslav-usp.church.ua/,2024-11-24T19:01:41.683027,0,,
https://arhistratig.church.ua/,2024-11-24T19:01:42.374773,1,,
https://makariy-kiev.church.ua/,2024-11-24T19:01:42.613306,0,,
https://tolokun.church.ua/,2024-11-24T19:01:42.626502,1,,
https://dnipropetrovsk.church.ua/,2024-11-24T19:01:42.939912,1,,
https://journal.ivinas.gov.ua/pwh/reviewing,2024-11-24T19:01:43.598665,0,,
http://kzdcrb2014.blogspot.com/,2024-11-24T19:01:43.905917,0,,
https://hram-viktorovka.church.ua/,2024-11-24T19:01:44.339935,0,,
http://pomoshnica.kiev.ua/,2024-11-24T19:01:44.523437,0,,
https://dopovidi-nanu.org.ua/,2024-11-24T19:01:44.790860,0,,
https://razdol-blag.church.ua/,2024-11-24T19:01:45.870440,0,,
http://kadety.org.ua/,2024-11-24T19:01:47.643251,0,,
https://svyatlavra.church.ua/,2024-11-24T19:01:47.833461,0,,
https://lebedivka.church.ua/,2024-11-24T19:01:48.542817,0,,
http://vbiblioteke.at.ua/,2024-11-24T19:01:48.566058,0,,
http://imiamn.org.ua/,2024-11-24T19:01:49.904495,0,,
https://lviv.church.ua/,2024-11-24T19:01:50.165399,0,,
https://hram-korsun.church.ua/,2024-11-24T19:01:50.551134,0,,
https://arhangel.church.ua/,2024-11-24T19:01:50.557950,0,,
https://ponteleimon-pl.church.ua/,2024-11-24T19:01:50.558005,0,,
https://nizhin-sob.church.ua/,2024-11-24T19:01:51.627203,0,,
https://torirem.ru/,2024-11-24T19:01:51.932537,0,,
https://vyshhorod-troit.church.ua/,2024-11-24T19:01:52.591952,0,,
https://kremenchuk-sob.church.ua/,2024-11-24T19:01:53.828058,1,,
https://hram-pervomaysk.church.ua/,2024-11-24T19:01:54.468080,0,,
https://gzvr62.wixsite.com/margzvr,2024-11-24T19:01:54.624912,0,,
https://kocherzhinci-mon.church.ua/,2024-11-24T19:01:54.706353,0,,
http://kharkiv.church.ua/,2024-11-24T19:01:54.706508,0,,
https://savvinsky-mon.church.ua/,2024-11-24T19:01:55.029715,0,,
https://hramluki.church.ua/,2024-11-24T19:01:56.001610,0,,
https://eparhiya.od.ua/,2024-11-24T19:01:56.703534,0,,
https://cbsbibl.wixsite.com/cbsbibl,2024-11-24T19:01:57.903539,0,,
http://biblfilia21.blogspot.com/2017/04/blog-post_1.html,2024-11-24T19:01:58.529577,0,,
https://cotcendutuntvor.odessaedu.net/,2024-11-24T19:01:58.611378,0,,
http://kispp.com/,2024-11-24T19:01:58.791160,0,,
http://boryspil-eparchy.org/,2024-11-24T19:01:59.253538,0,,
https://ioannbogoslov.church.ua/,2024-11-24T19:01:59.728867,0,,
https://znamenie.church.ua/,2024-11-24T19:02:00.754048,0,,
https://ierusalim.church.ua/,2024-11-24T19:02:00.754088,0,,
https://kalyta.church.ua/,2024-11-24T19:02:01.993676,0,,
https://izum-sob.church.ua/,2024-11-24T19:02:02.260857,0,,
https://domtvorchestva6.wixsite.com/lddut/golovna,2024-11-24T19:02:02.598982,0,,
https://mission-children.church.ua/,2024-11-24T19:02:02.653883,0,,
https://ioannkrestitel.church.ua/,2024-11-24T19:02:03.441987,1,,
https://pokrov-dol.church.ua/,2024-11-24T19:02:03.717674,0,,
https://novblag.church.ua/,2024-11-24T19:02:04.016225,0,,
https://hram-krasn.church.ua/,2024-11-24T19:02:04.316287,1,,
https://kossenko-museum.wixsite.com/,2024-11-24T19:02:04.830533,0,,
https://petrivske.church.ua/,2024-11-24T19:02:05.608650,1,,
http://kosma-damian.com.ua/,2024-11-24T19:02:06.066922,0,,
https://gorodnitsa-mon.church.ua/,2024-11-24T19:02:06.715180,0,,
https://st-georgy-sob.church.ua/,2024-11-24T19:02:06.759297,1,,
https://rozhivka.church.ua/,2024-11-24T19:02:06.818141,0,,
http://biblioteka-filiya13.edukit.kr.ua/,2024-11-24T19:02:07.499786,1,,
http://lssp.dspu.edu.ua/index,2024-11-24T19:02:07.579953,0,,
https://bookcase.church.ua/,2024-11-24T19:02:08.089161,0,,
https://severodonetsk-sob.church.ua/,2024-11-24T19:02:08.800972,0,,
https://gorbakiv-bibl.ucoz.ua/,2024-11-24T19:02:09.646329,0,,
https://petraipavlayas.church.ua/,2024-11-24T19:02:10.700488,0,,
http://umsf.dp.ua/,2024-11-24T19:02:10.756372,0,,
https://svsobor.church.ua/,2024-11-24T19:02:10.866533,0,,
https://sinod-molodost.church.ua/,2024-11-24T19:02:11.792218,0,,
https://motovilovka-prav.church.ua/,2024-11-24T19:02:11.822150,0,,
https://hram-yasinov.church.ua/,2024-11-24T19:02:12.859778,0,,
https://bdutbvo.wixsite.com/bdut-berd,2024-11-24T19:02:13.724212,0,,
https://kazan-dol.church.ua/,2024-11-24T19:02:14.681348,0,,
https://feodosiy-hram.church.ua/,2024-11-24T19:02:14.733155,0,,
https://visnukpfs.dp.ua/index.php/PFS,2024-11-24T19:02:14.931571,0,,
https://trebuhiv.church.ua/,2024-11-24T19:02:16.105665,0,,
https://sov-blag.church.ua/,2024-11-24T19:02:16.910193,0,,
https://spasov-skit.church.ua/,2024-11-24T19:02:18.165142,0,,
http://vsfp.ddpu.edu.ua/user/setLocale/uk_UA?source=%2Findex.php%2F2410-3381%2F,2024-11-24T19:02:18.231773,0,,
https://krim-cerkov.church.ua/,2024-11-24T19:02:18.862783,0,,
https://demidov.church.ua/,2024-11-24T19:02:18.917330,0,,
https://matrona-hram.church.ua/,2024-11-24T19:02:19.671772,0,,
https://lukashi.church.ua/,2024-11-24T19:02:20.169620,0,,
https://selysche.church.ua/,2024-11-24T19:02:20.912348,0,,
http://lib.mnau.edu.ua/,2024-11-24T19:02:22.275588,0,,
https://odgymanosvitu.odessaedu.net/,2024-11-24T19:02:22.747920,0,,
https://rakivka.church.ua/,2024-11-24T19:02:22.818287,0,,
https://hram-novokrasnoe.church.ua/,2024-11-24T19:02:22.956204,0,,
https://zp.church.ua/,2024-11-24T19:02:23.884570,0,,
https://hram-novoselovka.church.ua/,2024-11-24T19:02:23.909814,0,,
https://sci.ldubgd.edu.ua/,2024-11-24T19:02:24.166325,0,,
http://www.plantintroduction.org/ejit.200700145,2024-11-24T19:02:24.323846,0,,
https://leninskoe.church.ua/,2024-11-24T19:02:24.944070,0,,
http://detimariup1503.wixsite.com/marzoshi2,2024-11-24T19:02:26.364303,0,,
https://kpnzbdt.wixsite.com/mysite-3,2024-11-24T19:02:26.816179,0,,
https://puhivka.church.ua/,2024-11-24T19:02:26.816249,0,,
https://kazantip.church.ua/,2024-11-24T19:02:27.030251,0,,
https://zposvita39.wixsite.com/mysite,2024-11-24T19:02:28.388332,0,,
https://sukholuchchia.church.ua/,2024-11-24T19:02:28.998199,0,,
https://stara-orzhytsia.church.ua/,2024-11-24T19:02:29.570297,1,,
https://nni2.naiau.kiev.ua/,2024-11-24T19:02:30.016590,1,,
https://hram-peski.church.ua/,2024-11-24T19:02:30.318108,0,,
https://www.pdau.edu.ua/,2024-11-24T19:02:30.946660,0,,
https://voskres-pechersk.church.ua/,2024-11-24T19:02:30.975097,0,,
https://pravmolod-izyum.church.ua/,2024-11-24T19:02:30.996310,0,,
https://korets-georiy.church.ua/,2024-11-24T19:02:32.996296,0,,
http://kpnu.edu.ua/opp/,2024-11-24T19:02:34.367747,0,,
https://nikolaigabelko.church.ua/,2024-11-24T19:02:34.905899,0,,
https://rusaggression.gov.ua/ua/home.html,2024-11-24T19:02:34.987000,0,,
https://eccyb.org/,2024-11-24T19:02:35.014130,0,,
https://mukacheve-sob.church.ua/,2024-11-24T19:02:35.050746,0,,
https://st-sretenie.church.ua/,2024-11-24T19:02:35.982781,0,,
https://ostrovprihod.church.ua/,2024-11-24T19:02:35.995871,0,,
https://hram-nikolaia.church.ua/,2024-11-24T19:02:36.261389,0,,
https://svetoch.church.ua/,2024-11-24T19:02:37.008288,0,,
https://pasichna.church.ua/main-page/,2024-11-24T19:02:38.450710,0,,
http://veselynivka.church.ua/,2024-11-24T19:02:38.908377,0,,
http://ubphj.nuph.edu.ua/article/view/ubphj.17.141,2024-11-24T19:02:39.026845,0,,
https://lyturg.org/,2024-11-24T19:02:39.108594,0,,
https://sadove.church.ua/,2024-11-24T19:02:39.127060,0,,
http://glierinstitute.org/,2024-11-24T19:02:39.423082,0,,
https://st-george.church.ua/,2024-11-24T19:02:40.516076,0,,
https://hram-poznyaki.church.ua/,2024-11-24T19:02:41.083807,0,,
http://www.pushkinmuseum.ru/,2024-11-24T19:02:41.144793,0,,
https://apostol-andrey.church.ua/,2024-11-24T19:02:42.098202,0,,
https://knyga1.wixsite.com/muzychniadresy,2024-11-24T19:02:42.524497,0,,
http://www.geolgt.com.ua/,2024-11-24T19:02:43.052733,0,,
https://dneprorudnoe.church.ua/,2024-11-24T19:02:43.087805,0,,
http://journals.ukma.edu.ua/spne,2024-11-24T19:02:43.164185,0,,
http://kstuca.kharkov.ua/,2024-11-24T19:02:43.561968,0,,
http://trifon.kiev.ua/,2024-11-24T19:02:44.723486,0,,
https://sobor-kozelets.church.ua/,2024-11-24T19:02:45.096318,0,,
https://standreydn.church.ua/,2024-11-24T19:02:46.452157,0,,
https://peremoga.church.ua/,2024-11-24T19:02:47.067445,0,,
https://ekaterina.org.ua/,2024-11-24T19:02:47.094854,0,,
https://vel-krupil.church.ua/,2024-11-24T19:02:47.149129,0,,
https://www.filarm.kr.ua/,2024-11-24T19:02:47.216537,0,,
https://lozrbdut.wixsite.com/bdut-lozivskyj-rajon,2024-11-24T19:02:47.228393,0,,
https://rudnia-d.church.ua/,2024-11-24T19:02:48.082267,0,,
https://matrona.church.ua/,2024-11-24T19:02:48.349359,0,,
https://vel-omeliana.church.ua/,2024-11-24T19:02:49.101593,0,,
http://chm.onu.edu.ua/,2024-11-24T19:02:49.127666,0,,
https://oloshynivka.church.ua/,2024-11-24T19:02:51.218718,0,,
http://ir.stu.cn.ua/browse?type=dateissued,2024-11-24T19:02:51.282949,0,,
http://www.kiev-orthodox.org/site/byauthor/4326,2024-11-24T19:02:51.586552,0,,
http://koktebel.pravorg.ru/,2024-11-24T19:02:51.617358,0,,
http://ampr.diit.edu.ua/,2024-11-24T19:02:52.136245,0,,
https://krasylivka.church.ua/,2024-11-24T19:02:53.179428,0,,
https://vlibrarymk.blogspot.com/,2024-11-24T19:02:53.179601,0,,
https://litky.church.ua/,2024-11-24T19:02:53.221250,0,,
https://peter-kalnysh.church.ua/,2024-11-24T19:02:54.194784,0,,
https://hramprepodobnih.church.ua/,2024-11-24T19:02:54.294047,1,,
https://hram-zhelannoe.church.ua/,2024-11-24T19:02:55.606944,1,,
https://novomoskovsk-sob.church.ua/files/2014/08/%D0%9D%D0%BE%D0%B2%D0%BE%D0%BC%D0%BE%D1%81%D0%BA%D0%BE%D0%B2%D1%81%D0%BA-%D1%81%D0%BE%D0%B1%D0%BE%D1%80-2.jpg,2024-11-24T19:02:55.661624,0,,
https://dergachi.church.ua/,2024-11-24T19:02:56.819280,0,,
http://repo.uipa.edu.ua/jspui/community-list,2024-11-24T19:02:57.439138,0,,
https://hram-spartak.church.ua/,2024-11-24T19:02:59.193595,0,,
https://kherson-sob.church.ua/,2024-11-24T19:02:59.243941,0,,
http://conference.nau.edu.ua/,2024-11-24T19:02:59.775667,0,,
https://kiev-nazaret-mon.church.ua/,2024-11-24T19:03:00.438913,0,,
https://gaishin.church.ua/,2024-11-24T19:03:01.400410,0,,
http://sv-carstv-muchenikov.prihod.ru/,2024-11-24T19:03:03.279047,0,,
https://chernivtsi.church.ua/,2024-11-24T19:03:03.316356,0,,
https://vladimir-cn.church.ua/,2024-11-24T19:03:03.382050,0,,
https://rusaniv.church.ua/,2024-11-24T19:03:03.711420,0,,
http://balakliyskyy-cdut.wixsite.com/hurtok,2024-11-24T19:03:03.850428,0,,
https://kirove.church.ua/,2024-11-24T19:03:04.238006,0,,
https://georgiskelki.church.ua/,2024-11-24T19:03:05.425692,0,,
https://sloboda.church.ua/,2024-11-24T19:03:05.425861,0,,
https://paskivshchyna.church.ua/,2024-11-24T19:03:06.293563,0,,
http://feodosiia.church.ua/,2024-11-24T19:03:06.294332,0,,
https://boyarka.church.ua/,2024-11-24T19:03:06.406562,0,,
https://ternopil-sob.church.ua/,2024-11-24T19:03:07.697009,0,,
https://hram-keramik.church.ua/,2024-11-24T19:03:08.915659,0,,
http://eir.zntu.edu.ua/handle/123456789/26,2024-11-24T19:03:09.470968,0,,
https://molitva-grushevo.church.ua/kontakty/,2024-11-24T19:03:09.520644,0,,
https://bibliotekasv.blogspot.com/,2024-11-24T19:03:10.456224,0,,
https://useknovensky-kharkov.church.ua/,2024-11-24T19:03:11.302019,0,,
https://topaly-hram.church.ua/,2024-11-24T19:03:12.524773,0,,
http://vsfp.ddpu.edu.ua/user/setLocale/ru_RU?source=%2Findex.php%2F2410-3381%2F,2024-11-24T19:03:13.498761,0,,
https://prorok-ilia.church.ua/,2024-11-24T19:03:13.505498,0,,
https://neuvyadaemytsvet.church.ua/,2024-11-24T19:03:15.362804,0,,
https://centralvicariate.church.ua/,2024-11-24T19:03:15.395079,0,,
https://chernihiv.church.ua/,2024-11-24T19:03:15.467688,0,,
http://kuaf.kharkov.ua/,2024-11-24T19:03:15.539684,0,,
https://vzcz.church.ua/,2024-11-24T19:03:15.798850,0,,
https://novosilky-mikol.church.ua/,2024-11-24T19:03:15.935136,0,,
https://ivano-frankivsk.church.ua/,2024-11-24T19:03:16.334287,0,,
https://kazanskiy-chyg.church.ua/,2024-11-24T19:03:17.525669,0,,
https://buchmuzey.ucoz.ua/news,2024-11-24T19:03:17.546108,0,,
http://lokhvytsia-cbs.edu.poltava.ua/,2024-11-24T19:03:17.564360,0,,
https://uspenie.church.ua/,2024-11-24T19:03:18.382191,0,,
https://mejirich-mon.church.ua/,2024-11-24T19:03:18.385940,0,,
http://prihod.ru/,2024-11-24T19:03:19.643159,0,,
https://alexandr-nevskiy.church.ua/,2024-11-24T19:03:19.786443,0,,
http://library.znu.edu.ua/,2024-11-24T19:03:19.874040,0,,
https://pochaevskaya.church.ua/,2024-11-24T19:03:21.011076,0,,
http://izyum-biblioteka.edu.kh.ua/,2024-11-24T19:03:21.588430,0,,
https://lyutezh.church.ua/,2024-11-24T19:03:21.605580,0,,
http://kman.org.ua/,2024-11-24T19:03:21.911649,0,,
https://pervom-blag.church.ua/,2024-11-24T19:03:22.549585,0,,
https://khmelnytsky-sob.church.ua/,2024-11-24T19:03:23.406533,0,,
https://romny.church.ua/,2024-11-24T19:03:24.623000,0,,
https://voikove.church.ua/,2024-11-24T19:03:27.439569,0,,
https://ovruch-sob.church.ua/,2024-11-24T19:03:27.480030,0,,
http://www.prvo.od.ua/school/lic_samocvit/,2024-11-24T19:03:27.990666,0,,
https://yagotyn-pantelim.church.ua/,2024-11-24T19:03:28.058229,0,,
https://n-oleksandrivka.church.ua/,2024-11-24T19:03:28.420613,0,,
https://uzh-ioann.church.ua/,2024-11-24T19:03:29.633696,0,,
https://jiv-dol.church.ua/,2024-11-24T19:03:29.667324,0,,
https://yuzhnoukrainsk.church.ua/,2024-11-24T19:03:30.482761,0,,
https://vyshghorod-pant.church.ua/,2024-11-24T19:03:30.484030,0,,
https://dormition.church.ua/,2024-11-24T19:03:31.729458,0,,
https://semenivka.church.ua/,2024-11-24T19:03:32.009270,0,,
http://pravkazak.org.ua/,2024-11-24T19:03:32.080435,0,,
https://mazanka.church.ua/,2024-11-24T19:03:32.559562,1,,
https://svtatiana.church.ua/,2024-11-24T19:03:33.103412,0,,
https://news.church.ua/,2024-11-24T19:03:33.686747,0,,
https://dental-almanac.org/index.php/journal/user/setLocale/uk_UA?source=/index.php/journal,2024-11-24T19:03:33.768147,0,,
https://stgavriil.church.ua/,2024-11-24T19:03:34.000696,0,,
https://mgarsky-mon.church.ua/,2024-11-24T19:03:34.637080,0,,
https://saint-tatyana.church.ua/,2024-11-24T19:03:35.490394,0,,
http://hrampm.org/,2024-11-24T19:03:36.087339,0,,
https://www.vnmu.vn.ua/,2024-11-24T19:03:36.135847,0,,
https://svpanteleimon.church.ua/,2024-11-24T19:03:36.712800,0,,
http://hramkiprianaiiustinii.narod.ru/,2024-11-24T19:03:37.141155,0,,
http://ucs-univ.kiev.ua/,2024-11-24T19:03:37.721027,0,,
http://khorol-crb.edu.poltava.ua/,2024-11-24T19:03:38.047149,0,,
https://zustrichbibliotechnaya.blogspot.com/,2024-11-24T19:03:38.700993,0,,
https://hmeliv.church.ua/,2024-11-24T19:03:39.538306,0,,
https://skovorodamuseum.com.ua/,2024-11-24T19:03:39.717195,0,,
https://ohtyrka-sob.church.ua/,2024-11-24T19:03:40.148767,0,,
https://petrivci-georg.church.ua/,2024-11-24T19:03:40.537596,0,,
https://smolenskij-chram.church.ua/,2024-11-24T19:03:42.574472,0,,
https://zlatoust-kharkov.church.ua/wp-includes/css/dashicons.min.css?ver=4.7.11,2024-11-24T19:03:42.578828,0,,
https://horbanevka-mon.church.ua/,2024-11-24T19:03:44.167013,0,,
https://kotljarevka.wixsite.com/kotljarevka,2024-11-24T19:03:44.604506,0,,
https://hram-voskresenie.church.ua/,2024-11-24T19:03:44.644144,0,,
https://petrapavla-hram.church.ua/,2024-11-24T19:03:45.789481,0,,
https://pokrovvest.church.ua/,2024-11-24T19:03:45.857577,0,,
https://kinokiev.com/,2024-11-24T19:03:46.129362,0,,
https://svduh.church.ua/,2024-11-24T19:03:48.165040,0,,
https://ceremonial.church.ua/,2024-11-24T19:03:48.225759,0,,
https://prosvitcentr.church.ua/,2024-11-24T19:03:48.828488,0,,
https://rizdvo-sob.church.ua/,2024-11-24T19:03:49.230374,0,,
https://gzvon.church.ua/,2024-11-24T19:03:49.814305,0,,
http://uipa.edu.ua/,2024-11-24T19:03:50.379807,0,,
https://ms40.church.ua/,2024-11-24T19:03:50.805814,0,,
https://canonization.church.ua/,2024-11-24T19:03:51.634701,0,,
https://khmelnytskiy.church.ua/,2024-11-24T19:03:51.831908,0,,
https://iver-dol.church.ua/,2024-11-24T19:03:52.261583,0,,
https://sportedu.org.ua/,2024-11-24T19:03:52.353049,0,,
https://kubg.edu.ua/,2024-11-24T19:03:53.290780,0,,
https://ioann.church.ua/,2024-11-24T19:03:54.663041,0,,
https://sv-pokrova.church.ua/,2024-11-24T19:03:54.664730,0,,
https://gostomel.church.ua/,2024-11-24T19:03:56.116765,1,,
https://toreckcdut.wixsite.com/toreckcdut/,2024-11-24T19:03:56.382190,1,,
http://glau.kr.ua/index.php/ua/,2024-11-24T19:03:56.571547,1,,
https://oleksandrivka.church.ua/,2024-11-24T19:03:56.685178,1,,
https://latvynivka.church.ua/,2024-11-24T19:03:56.774452,1,,
https://aikaterina.church.ua/,2024-11-24T19:03:56.776826,1,,
http://biblio-child.dp.ua/,2024-11-24T19:03:56.784179,1,,
https://pearls20081.wixsite.com/ctduselidovo,2024-11-24T19:03:56.934830,1,,
https://wedensk.church.ua/,2024-11-24T19:03:56.937065,1,,
https://www.umoloda.kiev.ua/,2024-11-24T19:03:56.978033,1,,
https://ternopil.church.ua/,2024-11-24T19:03:56.988020,1,,
https://molochka.church.ua/,2024-11-24T19:03:57.005243,1,,
http://repo.uipa.edu.ua/jspui/,2024-11-24T19:03:57.283980,1,,
http://feodor.kiev.ua/,2024-11-24T19:03:57.394515,1,,
https://tsybli-pokrov.church.ua/,2024-11-24T19:03:57.479317,1,,
https://prystromy.church.ua/,2024-11-24T19:03:57.510630,1,,
https://maryevka.church.ua/,2024-11-24T19:03:57.545043,1,,
https://hram-stsmsktorez.church.ua/,2024-11-24T19:03:57.588521,1,,
https://krest-podol.church.ua/,2024-11-24T19:03:57.600296,1,,
https://uzhcitylib.blogspot.com/,2024-11-24T19:03:57.691044,1,,
https://sv-mih-hram.church.ua/,2024-11-24T19:03:57.907301,1,,
https://lukianivka.church.ua/,2024-11-24T19:03:57.973765,1,,
https://pokrov-malin.church.ua/,2024-11-24T19:03:58.039440,1,,
https://moodle.znu.edu.ua/,2024-11-24T19:03:58.051711,1,,
https://pidgorodne.church.ua/main-page/,2024-11-24T19:03:58.052961,1,,
https://pokrovprbog.church.ua/,2024-11-24T19:03:58.163708,1,,
https://ungsobor.church.ua/,2024-11-24T19:03:58.206323,1,,
http://www.sobor.in.ua/,2024-11-24T19:03:58.270201,1,,
https://pruxod.church.ua/,2024-11-24T19:03:58.309204,1,,
https://ukrbtdu.blogspot.com/,2024-11-24T19:03:58.464413,1,,
https://ddtilicha.wixsite.com/ddtilicha,2024-11-24T19:03:58.473183,1,,
https://mal-staricja.church.ua/,2024-11-24T19:03:58.474289,1,,
https://kapelan.church.ua/,2024-11-24T19:03:58.679968,1,,
https://kneu.edu.ua/en/,2024-11-24T19:03:58.793344,1,,
https://nikolay.church.ua/,2024-11-24T19:03:58.816896,1,,
https://verakh.church.ua/,2024-11-24T19:03:59.030817,1,,
https://panteleimon-mal.church.ua/,2024-11-24T19:03:59.138550,1,,
https://kharkov-mon.church.ua/,2024-11-24T19:03:59.220959,1,,
https://peskovka-mon.church.ua/,2024-11-24T19:03:59.284119,1,,
https://school33mariupol.wixsite.com/mysite,2024-11-24T19:03:59.298126,1,,
https://pokrov-korsun.church.ua/,2024-11-24T19:03:59.393930,1,,
http://orthodox-medical.org.ua/,2024-11-24T19:03:59.582631,1,,
https://nedra.church.ua/,2024-11-24T19:03:59.609159,1,,
http://visnyk-math.uzhnu.edu.ua/article/view/144047/141961,2024-11-24T19:03:59.620323,1,,
http://uu.edu.ua/,2024-11-24T19:03:59.745003,1,,
https://kharkiv-sob.church.ua/,2024-11-24T19:03:59.867653,1,,
https://mogilivpodilskiy-sob.church.ua/,2024-11-24T19:03:59.967200,1,,
https://ridna.ua/museums/hersonskyj-muzej-pryrody/,2024-11-24T19:04:00.166581,1,,
https://hram-gorod.church.ua/,2024-11-24T19:04:00.337689,1,,
http://4vpupo.org.ua/,2024-11-24T19:04:00.342276,1,,
https://korzhivtsy-mon.church.ua/,2024-11-24T19:04:00.383468,1,,
https://tulchin.church.ua/,2024-11-24T19:04:00.458383,1,,
https://ortodox-school.church.ua/,2024-11-24T19:04:00.507336,1,,
https://kamenskoe-mon.church.ua/,2024-11-24T19:04:00.664150,1,,
http://www.knuba.edu.ua/eng/,2024-11-24T19:04:00.677275,1,,
https://netishyn-cerkov.church.ua/,2024-11-24T19:04:00.984696,1,,
http://zhashkiv-museum.at.ua/,2024-11-24T19:04:01.056493,1,,
https://podol-blago.church.ua/category/news,2024-11-24T19:04:01.137096,1,,
https://bmv.church.ua/,2024-11-24T19:04:01.298476,1,,
https://uchkom.church.ua/,2024-11-24T19:04:01.527627,1,,
http://gorod.dp.ua/,2024-11-24T19:04:01.601762,1,,
https://pp-kafsob-lg.church.ua/,2024-11-24T19:04:01.638304,1,,
https://gostroluchchia.church.ua/,2024-11-24T19:04:01.695881,1,,
https://vinnytsia.church.ua/,2024-11-24T19:04:01.809096,1,,
https://voskresenie.church.ua/,2024-11-24T19:04:01.858950,1,,
http://goloseevo.com.ua/,2024-11-24T19:04:01.964507,1,,
https://v-n-l.church.ua/,2024-11-24T19:04:02.081004,1,,
https://pirnove.church.ua/,2024-11-24T19:04:02.094337,1,,
https://chernihiv-sob.church.ua/,2024-11-24T19:04:02.193671,1,,
https://hram-rativci.church.ua/,2024-11-24T19:04:02.234128,1,,
https://chytu-sercem.church.ua/,2024-11-24T19:04:02.272011,1,,
https://balta-sob.church.ua/,2024-11-24T19:04:02.320511,1,,
https://www.opera-ballet.com.ua/,2024-11-24T19:04:02.432546,1,,
https://rada.church.ua/,2024-11-24T19:04:02.463579,1,,
http://svyatonikolskiy.cerkov.ru/,2024-11-24T19:04:02.896888,1,,
https://gdkkamensk.wixsite.com/website,2024-11-24T19:04:02.975307,1,,
http://www.udau.edu.ua/,2024-11-24T19:04:03.004210,1,,
https://vovchkiv.church.ua/,2024-11-24T19:04:03.320484,1,,
http://iz.com.ua/,2024-11-24T19:04:03.410109,1,,
http://barvinok-theater.edukit.kiev.ua/,2024-11-24T19:04:03.920211,1,,
https://khust-sob.church.ua/category/audio/,2024-11-24T19:04:04.572263,1,,
https://bar.church.ua/,2024-11-24T19:04:06.247984,1,,
http://cerkovnikolay.ucoz.ru/,2024-11-24T19:04:07.006641,0,,
http://www.tureizahav.lviv.ua/,2024-11-24T19:04:07.026352,0,,
http://music-school10.edu.kh.ua/,2024-11-24T19:04:07.407005,0,,
https://lib.nuph.edu.ua/,2024-11-24T19:04:07.443230,0,,
https://er.nau.edu.ua/community-list,2024-11-24T19:04:07.948865,0,,
https://www.youtube.com/embed/H_LQf01nFmk,2024-11-24T19:04:08.699826,1,,
http://www.khnu.km.ua/,2024-11-24T19:04:08.982729,1,,
https://econom.church.ua/,2024-11-24T19:04:09.313519,1,,
http://eparhiya.org.ua/,2024-11-24T19:04:09.495532,1,,
https://calendar.church.ua/,2024-11-24T19:04:09.600458,1,,
http://ostrobram.prihod.ru/,2024-11-24T19:04:09.774231,1,,
https://rovzhi.church.ua/,2024-11-24T19:04:09.809817,1,,
https://grdt63.wixsite.com/grdt,2024-11-24T19:04:09.812606,1,,
https://bashtanka.church.ua/,2024-11-24T19:04:09.856065,1,,
https://mal-karatul.church.ua/,2024-11-24T19:04:09.892620,1,,
https://sudak-museum.com/,2024-11-24T19:04:09.976147,0,,
https://gnilitsa.church.ua/main-page/,2024-11-24T19:04:10.373199,1,,
https://sntluka.church.ua/,2024-11-24T19:04:10.376322,1,,
http://www.kplavra.kyiv.ua/,2024-11-24T19:04:10.522905,1,,
https://katuzhanka.church.ua/,2024-11-24T19:04:10.850489,1,,
https://katerlez.church.ua/,2024-11-24T19:04:10.863516,1,,
https://bogoslovie.church.ua/,2024-11-24T19:04:10.933525,1,,
http://onma.edu.ua/,2024-11-24T19:04:10.938118,1,,
https://vicatto.wixsite.com/gdev,2024-11-24T19:04:11.173067,1,,
https://nikolhram.church.ua/,2024-11-24T19:04:11.452630,1,,
https://stovpjagi.church.ua/,2024-11-24T19:04:11.560027,1,,
https://gorodok-mon.church.ua/,2024-11-24T19:04:11.579840,1,,
https://gliboke.church.ua/,2024-11-24T19:04:11.692941,1,,
https://klavdievo.church.ua/,2024-11-24T19:04:11.774421,1,,
http://khram-voskres.cerkov.ru/,2024-11-24T19:04:11.805840,1,,
https://bdut-pology.blogspot.com/,2024-11-24T19:04:11.819799,1,,
https://khust.church.ua/,2024-11-24T19:04:12.076367,1,,
https://rozhny.church.ua/,2024-11-24T19:04:12.189858,1,,
https://nizh-blag.church.ua/,2024-11-24T19:04:12.251349,1,,
https://izograf.church.ua/,2024-11-24T19:04:12.577474,1,,
https://hotsky.church.ua/,2024-11-24T19:04:12.711493,1,,
https://lehnivka.church.ua/,2024-11-24T19:04:12.824867,1,,
http://eprints.mdpu.org.ua/view/divisions/,2024-11-24T19:04:12.957724,1,,
https://hram-luka.church.ua/,2024-11-24T19:04:13.056735,1,,
http://ocpo.sumy.ua/,2024-11-24T19:04:13.066465,1,,
https://boryspil-illia.church.ua/,2024-11-24T19:04:13.113410,1,,
https://mykolaiv-sob.church.ua/,2024-11-24T19:04:13.242390,1,,
https://hrch.church.ua/,2024-11-24T19:04:13.651613,1,,
https://kuinji.wixsite.com/kuinji,2024-11-24T19:04:13.844137,1,,
https://serg-radonezh.church.ua/interesnoe-video/,2024-11-24T19:04:13.984222,1,,
https://sergiy-radonezh.church.ua/,2024-11-24T19:04:14.117840,1,,
http://slovoprosvity.org/,2024-11-24T19:04:14.199379,1,,
http://www.mif-ua.com/,2024-11-24T19:04:14.349619,1,,
https://nikolo-vladimir.church.ua/,2024-11-24T19:04:14.574802,1,,
https://m-church.org.ua/,2024-11-24T19:04:14.861316,1,,
https://rudnia.church.ua/,2024-11-24T19:04:15.030007,1,,
http://vtn.ztu.edu.ua/,2024-11-24T19:04:15.079313,1,,
https://nupp.edu.ua/,2024-11-24T19:04:15.101542,1,,
https://hram-nikola-nn.church.ua/,2024-11-24T19:04:15.108990,1,,
https://dik-library.wixsite.com/dik-library,2024-11-24T19:04:15.114699,1,,
https://medicine.dp.ua/,2024-11-24T19:04:15.314093,1,,
https://dnipropetrovsk.church.ua/,2024-11-24T19:04:15.408831,1,,
https://shidnitca-cerkva.church.ua/,2024-11-24T19:04:15.598912,1,,
http://libs.mfknukim.mk.ua/handle/123456789/14,2024-11-24T19:04:15.638897,1,,
https://ioannbogoslov25a.church.ua/,2024-11-24T19:04:15.773867,1,,
https://mariupol-school-18.wixsite.com/school18,2024-11-24T19:04:16.072127,1,,
https://perekop-blag.church.ua/,2024-11-24T19:04:16.135150,1,,
https://kocherzhinci-mon.church.ua/,2024-11-24T19:04:16.367599,1,,
https://svitylnia.church.ua/,2024-11-24T19:04:16.369039,1,,
http://berdychiv.in.ua/,2024-11-24T19:04:16.395159,1,,
https://lugansk.church.ua/,2024-11-24T19:04:16.450846,1,,
https://vzyskanie.church.ua/,2024-11-24T19:04:16.978486,1,,
https://bilka-selo.wixsite.com/bilka,2024-11-24T19:04:17.028944,1,,
https://krasnopil-mon.church.ua/,2024-11-24T19:04:17.084479,1,,
https://ancientkharkiv.wordpress.com/,2024-11-24T19:04:17.096134,1,,
http://biblioteka-filiya15.edukit.kr.ua/,2024-11-24T19:04:17.215475,1,,
https://hram-rozhdestva.church.ua/,2024-11-24T19:04:17.239775,1,,
https://selychivka.church.ua/,2024-11-24T19:04:17.359768,1,,
https://xramuspenie.church.ua/,2024-11-24T19:04:17.429626,1,,
https://openarchive.nure.ua/,2024-11-24T19:04:17.712856,1,,
https://berdyansk.church.ua/,2024-11-24T19:04:17.868014,1,,
https://academy.ssu.gov.ua/,2024-11-24T19:04:17.957159,1,,
https://tsybli.church.ua/,2024-11-24T19:04:18.036899,1,,
https://poltava.church.ua/,2024-11-24T19:04:18.568326,1,,
https://palomnik-kh.church.ua/,2024-11-24T19:04:18.668523,1,,
https://kazanskii-hram.church.ua/,2024-11-24T19:04:18.677117,1,,
https://konstantin-elena.church.ua/,2024-11-24T19:04:18.899198,1,,
https://troitskiy.church.ua/main-page/,2024-11-24T19:04:19.193619,1,,
https://luhansk-sob.church.ua/,2024-11-24T19:04:19.208314,1,,
http://www.oa.edu.ua/,2024-11-24T19:04:19.230477,1,,
https://georgios.church.ua/,2024-11-24T19:04:19.759431,1,,
https://rozhdestvo-hram.church.ua/,2024-11-24T19:04:20.208804,1,,
https://uspeniekrm.church.ua/,2024-11-24T19:04:20.425263,1,,
https://stilian-dol.church.ua/,2024-11-24T19:04:21.390904,1,,
https://urzuf.church.ua/,2024-11-24T19:04:22.154511,1,,
https://vstrecha.church.ua/,2024-11-24T19:04:22.283191,1,,
http://skhid.kubg.edu.ua/,2024-11-24T19:04:22.390911,1,,
https://rovenki-sob.church.ua/,2024-11-24T19:04:22.445739,1,,
https://publishing.socionic.info/,2024-11-24T19:04:22.583946,1,,
https://soborbogorodici.church.ua/,2024-11-24T19:04:23.172734,1,,
https://hram-orlovka.church.ua/,2024-11-24T19:04:23.205747,1,,
https://litochky.church.ua/,2024-11-24T19:04:23.276070,1,,
https://crimea-eparhia.ru/,2024-11-24T19:04:23.502953,1,,
https://hram-nikola.kiev.ua/,2024-11-24T19:04:23.952423,1,,
https://ovruch.church.ua/,2024-11-24T19:04:24.183378,1,,
https://comcendutuntvor.odessaedu.net/,2024-11-24T19:04:25.425837,1,,
https://tyachivbiblioteka.blogspot.com/,2024-11-24T19:04:26.092969,1,,
http://mrvo.od.ua/,2024-11-24T19:04:26.644621,1,,
https://svnikolaevskij.church.ua/,2024-11-24T19:04:28.712123,1,,
https://ujnpnzmriaj.odessaedu.net/,2024-11-24T19:04:30.442461,1,,
https://epkliment.church.ua/,2024-11-24T19:04:31.398694,1,,
https://www.prvo.od.ua/school/lic_unak/,2024-11-24T19:04:31.651787,1,,
https://vvedenskiy-podol.church.ua/,2024-11-24T19:04:32.833615,1,,
https://chug.church.ua/,2024-11-24T19:04:33.517333,1,,
http://repository.hdzva.edu.ua/home.jsp?locale=uk,2024-11-24T19:04:33.707388,1,,
https://www.prvo.od.ua/school/lic_moryana/,2024-11-24T19:04:33.987328,1,,
https://lebedyn.church.ua/,2024-11-24T19:04:35.008183,1,,
http://prostir.museum/ua/post/9388,2024-11-24T19:04:49.405916,1,,
https://mirne.church.ua/,2024-11-24T19:04:50.468348,1,,
https://filial40.od.ua/,2024-11-24T19:05:11.779390,0,,
https://perechinbook.blogspot.com/,2024-11-24T19:05:12.511307,1,,
https://edinoverhram.church.ua/,2024-11-24T19:05:13.655024,1,,
https://iversky-mon.church.ua/,2024-11-24T19:05:14.274283,1,,
https://berezan.church.ua/,2024-11-24T19:05:15.396795,1,,
http://bcpep.org.ua/,2024-11-24T19:05:15.585965,1,,
https://obolon-blago.church.ua/,2024-11-24T19:05:16.323825,1,,
http://www.medlib.zp.ua,2024-11-29T21:02:49.479554,0,,
http://exp21.com.ua/,2024-11-29T21:02:49.527023,1,,
http://www.archaeology.odessa.ua/,2024-11-29T21:02:49.529711,1,,
https://www.pisni.org.ua,2024-11-29T21:02:49.537523,1,,
http://actualproblems.dp.ua/index.php/index/oai,2024-11-29T21:02:49.560966,1,,
https://yizhakultura.com/,2024-11-29T21:02:49.586144,1,,
http://www.kokm.kr.ua/,2024-11-29T21:02:49.602408,0,,
http://dn.archives.gov.ua,2024-11-29T21:02:49.613892,1,,
https://kochur.do.am/,2024-11-29T21:02:49.637860,1,,
https://www.istpravda.com.ua/,2024-11-29T21:02:49.664782,1,,
http://www.mtlib.org.ua,2024-11-29T21:02:49.707517,1,,
http://mk.archives.gov.ua/tsifrovyi-arhiv-metrychni-knygy.html,2024-11-29T21:02:49.785015,1,,
http://dakiro.kr-admin.gov.ua,2024-11-29T21:02:49.860737,1,,
http://www.lonckoho.lviv.ua,2024-11-29T21:02:49.888714,1,,
https://viam.ucoz.net/,2024-11-29T21:02:49.948855,1,,
http://library.cv.ua/,2024-11-29T21:02:49.993987,1,,
http://kmhj.ukma.edu.ua/issue/archive,2024-11-29T21:02:49.995869,1,,
http://kitaevo.church.ua/,2024-11-29T21:02:50.016981,1,,
https://www.geshergalicia.org/ukrainian-archives/,2024-11-29T21:02:50.069115,1,,
http://www.maidanmuseum.org/,2024-11-29T21:02:50.070836,1,,
https://dlib.ukma.edu.ua/,2024-11-29T21:02:50.116032,1,,
https://lvivskansen.org/,2024-11-29T21:02:50.175798,1,,
https://kramatmuseum.wordpress.com,2024-11-29T21:02:50.234958,1,,
http://library.donetsk.ua,2024-11-29T21:02:50.241789,1,,
https://fizmat.sspu.edu.ua/,2024-11-29T21:02:50.326732,1,,
http://nrpcult.ukma.edu.ua/issue/archive,2024-11-29T21:02:50.343469,1,,
http://vnnie.tneu.edu.ua/,2024-11-29T21:02:50.547757,1,,
http://bucovinensia.chnu.edu.ua/,2024-11-29T21:02:50.576455,1,,
http://pokrlib.at.ua/,2024-11-29T21:02:50.607259,1,,
http://www.ksada.org,2024-11-29T21:02:50.699505,1,,
http://nrph.ukma.edu.ua/issue/archive,2024-11-29T21:02:50.709920,1,,
https://www.oa.edu.ua/,2024-11-29T21:02:50.842077,1,,
http://xktek.edu.ua/,2024-11-29T21:02:50.862908,1,,
https://kramistmuseum.wordpress.com/,2024-11-29T21:02:50.875347,1,,
http://archives.kh.gov.ua/?page_id=17964,2024-11-29T21:02:50.950148,1,,
http://www.lvivcenter.org,2024-11-29T21:02:51.017780,1,,
http://nao.nikolaev.ua/,2024-11-29T21:02:51.043334,1,,
https://lgnau.edu.ua/,2024-11-29T21:02:51.116131,0,,
https://museum-jz.business.site/,2024-11-29T21:02:51.117516,1,,
http://verchovynastr.at.ua,2024-11-29T21:02:51.167192,1,,
https://www.radyvyliv.info/radivilivskij-istrichnij-muzej-vidznachiv-svoye-25-richchya.html,2024-11-29T21:02:51.190860,1,,
http://history.odessa.ua,2024-11-29T21:02:51.202853,1,,
https://firstpalace.kh.ua/,2024-11-29T21:02:51.314952,1,,
http://www.odb.km.ua/,2024-11-29T21:02:51.323835,1,,
https://museum.org.ua,2024-11-29T21:02:51.348688,1,,
http://library.kpi.ua/,2024-11-29T21:02:51.396853,1,,
https://www.mkdu.com.ua/,2024-11-29T21:02:51.449156,1,,
https://old.library.kr.ua/,2024-11-29T21:02:51.463912,1,,
http://www.ulif.org.ua,2024-11-29T21:02:51.483295,1,,
http://vernisaz.blogspot.com/,2024-11-29T21:02:51.628578,1,,
http://dut.edu.ua/,2024-11-29T21:02:51.631452,1,,
http://vidrodzhennya.org.ua,2024-11-29T21:02:51.668626,1,,
http://www.hipt.com.ua/,2024-11-29T21:02:51.733774,1,,
http://www.lhm.lviv.ua/,2024-11-29T21:02:51.761268,1,,
http://diasporiana.org.ua,2024-11-29T21:02:51.761558,1,,
http://www.odnb.odessa.ua/,2024-11-29T21:02:51.790737,1,,
https://mussadnd.wordpress.com/,2024-11-29T21:02:51.813537,1,,
https://diasporiana.org.ua/,2024-11-29T21:02:52.023463,1,,
http://ibc-uaas.at.ua/,2024-11-29T21:02:52.129029,1,,
http://www.kpnu.edu.ua,2024-11-29T21:02:52.137343,1,,
https://catalog.gallery.pl.ua/,2024-11-29T21:02:52.148818,1,,
http://kosenko.com.ua/,2024-11-29T21:02:52.168092,0,,
https://www.kspu.edu/About/DepartmentAndServices/Library.aspx,2024-11-29T21:02:52.210080,1,,
http://www.xtt.kharkov.ua/,2024-11-29T21:02:52.326784,1,,
https://www.tkfgen.org/open_sources_ak_p01.html,2024-11-29T21:02:52.385536,1,,
http://zppl.org.ua/,2024-11-29T21:02:52.417758,1,,
http://georgievsky-mon.church.ua/,2024-11-29T21:02:52.452929,1,,
http://journal.kspu.edu/,2024-11-29T21:02:52.564359,1,,
http://ri-urbanhistory.org.ua/,2024-11-29T21:02:52.579424,1,,
http://www.onmb.pl.ua/,2024-11-29T21:02:52.600464,1,,
http://vcrc.org.ua/,2024-11-29T21:02:52.601787,1,,
http://dr-museum.com/museum/item/9,2024-11-29T21:02:52.616397,0,,
http://www.sevtolib.org.ua/,2024-11-29T21:02:52.646056,0,,
https://kam.edu.ua/,2024-11-29T21:02:52.734905,1,,
https://volyn.archives.gov.ua/elekt_archives/elekt_spravi/sprav20.php,2024-11-29T21:02:52.759590,1,,
http://www.rkc.lviv.ua/,2024-11-29T21:02:52.842416,1,,
http://sds.sumy.ua/,2024-11-29T21:02:52.910513,1,,
http://www.dance-academy.com.ua,2024-11-29T21:02:52.918055,1,,
http://kerchmuseum.ru/,2024-11-29T21:02:53.010885,1,,
http://mdch.kiev.ua/,2024-11-29T21:02:53.071138,1,,
https://zeft.in.ua/,2024-11-29T21:02:53.131693,1,,
https://www.kpba.edu.ua/,2024-11-29T21:02:53.291274,1,,
http://opera.lviv.ua,2024-11-29T21:02:53.385296,1,,
https://odma.edu.ua/biblioteka/zagalna-informacziya/spivpraczya-z-vydavnycztvamy/,2024-11-29T21:02:53.461594,0,,
http://feodor.church.ua/,2024-11-29T21:02:53.476902,1,,
https://libraria.ua/en/collections/23/,2024-11-29T21:02:53.528239,1,,
https://ldubgd.edu.ua/content/istorichna-pamyatka,2024-11-29T21:02:53.532857,1,,
http://www.kb.nuos.edu.ua,2024-11-29T21:02:53.627458,1,,
https://museum-gallery.org/,2024-11-29T21:02:53.772161,1,,
https://taras-shevchenko.storinka.org,2024-11-29T21:02:53.848068,1,,
https://lnulibrary.lviv.ua/to-users-2/pudelki/,2024-11-29T21:02:53.879453,1,,
http://www.libr.dp.ua,2024-11-29T21:02:53.881779,1,,
https://bashtanskaotg.gov.ua/enterprises-registry/komunalna-ustanova-bashtanski-kraznavchi-muze,2024-11-29T21:02:53.991338,1,,
http://www.kvpubd.com,2024-11-29T21:02:54.031948,1,,
http://iza-mon.church.ua/,2024-11-29T21:02:54.085115,1,,
http://dialog.lviv.ua/pl,2024-11-29T21:02:54.137270,1,,
https://zavorychi.church.ua/,2024-11-29T21:02:54.370656,1,,
http://muzey-sevastopol.com,2024-11-29T21:02:54.494033,1,,
http://resource.history.org.ua/cgi-bin/eiu/history.exe?I21DBN=EJRN&P21DBN=EJRN&S21SRW=name&S21SRD=UP&S21REF=10&S21CNR=50&S21STN=1&S21FMT=j_brief&C21COM=S&2_S21P03=VTYP=&2_S21STR=J,2024-11-29T21:02:54.498767,1,,
http://www.derev.org.ua/,2024-11-29T21:02:54.536065,1,,
http://verkhovyna.life/dovbush,2024-11-29T21:02:54.553438,1,,
https://www.barceramic.org.ua/,2024-11-29T21:02:54.649288,1,,
https://liskmuseum.at.ua/,2024-11-29T21:02:54.700775,1,,
http://www.reabit.org.ua/,2024-11-29T21:02:54.752701,1,,
https://nenc.gov.ua/?page_id=180,2024-11-29T21:02:54.941689,1,,
http://www.library.vn.ua/,2024-11-29T21:02:54.959153,1,,
https://imuseum.ucoz.ua/,2024-11-29T21:02:54.968051,1,,
https://soloma.libraries.kiev.ua/biblioteka/biblioteka-im-f-m-dostoevskogo/,2024-11-29T21:02:55.017938,1,,
https://archive.kyivcity.gov.ua/index.php/dovidkovyi-aparat/opysy/495,2024-11-29T21:02:55.091136,1,,
http://narodna.org.ua,2024-11-29T21:02:55.101709,1,,
http://www.lib.nau.edu.ua/oldbooksn/,2024-11-29T21:02:55.253147,1,,
http://irpinculture.org.ua/about/zaklady-kul-tury/istory-ko-krayeznavchy-j-muzej/,2024-11-29T21:02:55.263383,1,,
https://digital.warmuseum.kiev.ua/,2024-11-29T21:02:55.318991,0,,
http://saugustyn.narod.ru/Sacerdos/mucheniki.htm,2024-11-29T21:02:55.393291,1,,
https://pokrovskmuseum.wordpress.com/,2024-11-29T21:02:55.423705,1,,
http://volyn-museum.com.ua/news/lopatenskij_muzej_partizanskoji_slavi/1-0-20,2024-11-29T21:02:55.471836,1,,
https://volnomuseum.wordpress.com/,2024-11-29T21:02:55.509031,1,,
http://krmuz.dp.ua/,2024-11-29T21:02:55.578972,1,,
https://museumkamyanske.com.ua/,2024-11-29T21:02:55.616985,1,,
http://volyn-museum.com.ua/index/rokinivskij_muzej_istoriji_silskogo_gospodarstva_volini_skansen/0-23,2024-11-29T21:02:55.765494,1,,
https://www.catholic-kharkiv.org/,2024-11-29T21:02:55.817284,1,,
http://www.balletkiev.com/,2024-11-29T21:02:55.834856,1,,
http://www.univer.km.ua/,2024-11-29T21:02:55.885647,1,,
https://uvarovsky.wordpress.com/,2024-11-29T21:02:56.004589,1,,
http://www.poradnica.com.ua,2024-11-29T21:02:56.029017,1,,
http://volyn-museum.com.ua/index/torchinskij_narodnij_kraeznavchij_muzej/0-25,2024-11-29T21:02:56.059260,1,,
http://conflib.diit.edu.ua/Conf_univ_Library_2022/index,2024-11-29T21:02:56.136560,1,,
https://vn.npu.gov.ua/uk/publish/article/80461,2024-11-29T21:02:56.151205,1,,
http://www.munkacs-diocese.org/,2024-11-29T21:02:56.161732,1,,
https://molodist.com,2024-11-29T21:02:56.310101,1,,
https://gendermuseum.com/,2024-11-29T21:02:56.334171,1,,
http://www.girnyk.com.ua/,2024-11-29T21:02:56.387498,1,,
https://www.gallery.pl.ua/,2024-11-29T21:02:56.742575,1,,
https://www.cherkasy-music-art.org.ua,2024-11-29T21:02:56.772935,1,,
http://kdidpmid.edu.ua/,2024-11-29T21:02:56.846398,1,,
https://konotop-museum.in.ua,2024-11-29T21:02:56.880385,1,,
http://www.chtei-knteu.cv.ua,2024-11-29T21:02:56.885746,0,,
https://zokm.jimdofree.com/,2024-11-29T21:02:57.038768,1,,
http://www.yug.odessa.ua/,2024-11-29T21:02:57.059902,1,,
https://www.skovorodamuseum.com.ua/,2024-11-29T21:02:57.106781,1,,
https://sudak-museum.ru/ru/muzej-dacha-funka.html,2024-11-29T21:02:57.192443,1,,
http://culture-art-knukim.pp.ua/,2024-11-29T21:02:57.455674,1,,
http://msio.com.ua/,2024-11-29T21:02:57.539474,1,,
http://unilibnsd.diit.edu.ua/index,2024-11-29T21:02:57.564314,1,,
http://museum.motorsich.com/,2024-11-29T21:02:57.574321,0,,
https://uma.lvivcenter.org/en/videos,2024-11-29T21:02:57.593022,1,,
http://bcraybiblioteka.blogspot.com,2024-11-29T21:02:57.786671,1,,
https://www.eminak.net.ua/,2024-11-29T21:02:57.848024,1,,
http://www.buchmuzey.ucoz.ua,2024-11-29T21:02:57.971814,0,,
http://chnpu.edu.ua/faculties/physical-faculty,2024-11-29T21:02:58.004629,1,,
http://korsunzapovidnyk.com.ua/,2024-11-29T21:02:58.044054,1,,
http://ck.archives.gov.ua/,2024-11-29T21:02:58.140514,1,,
http://ofam.od.ua/publications/,2024-11-29T21:02:58.205910,1,,
https://mgce.uz.ua/,2024-11-29T21:02:58.295618,1,,
http://argo-unf.at.ua/,2024-11-29T21:02:58.568420,1,,
https://new.meduniv.lviv.ua/pidrozdily/muzei/,2024-11-29T21:02:58.707093,1,,
http://matbnau.in.ua/kontacts.php,2024-11-29T21:02:58.731074,1,,
http://document.kdu.edu.ua/monogr.php,2024-11-29T21:02:58.778964,0,,
http://palace.kiev.ua,2024-11-29T21:02:58.876261,1,,
https://tnpu.edu.ua/vyhovna%20robota/muzey.php,2024-11-29T21:02:58.893458,1,,
https://shmelyov.at.ua/,2024-11-29T21:02:58.899335,1,,
https://ifteatr.org.ua/,2024-11-29T21:02:59.037975,1,,
http://kppk.com.ua,2024-11-29T21:02:59.089795,1,,
http://ufj.ho.ua/,2024-11-29T21:02:59.169651,1,,
http://www.heraldry.com.ua/,2024-11-29T21:02:59.170869,1,,
http://kaniv-museum.at.ua/,2024-11-29T21:02:59.302932,1,,
http://ea.org.ua,2024-11-29T21:02:59.400796,1,,
http://jrnl.nau.edu.ua/index.php/go,2024-11-29T21:02:59.502719,1,,
http://lib-krm.org/ukr,2024-11-29T21:02:59.617444,1,,
https://javalibre.com.ua/,2024-11-29T21:02:59.711966,1,,
http://www.kul.kiev.ua/,2024-11-29T21:02:59.734612,1,,
https://teatrpushkina.com/,2024-11-29T21:02:59.834298,1,,
http://decerkva.org.ua/,2024-11-29T21:02:59.912784,1,,
http://lzdu.zosh.zt.ua/,2024-11-29T21:02:59.925955,1,,
http://opishne-museum.gov.ua/uk/poterrybooks/173-main,2024-11-29T21:03:00.006834,1,,
http://kutep.ua/ua,2024-11-29T21:03:00.032473,1,,
http://kpt.sumdu.edu.ua/,2024-11-29T21:03:00.053945,1,,
https://crimeahrg.org,2024-11-29T21:03:00.341984,1,,
http://onu.edu.ua/uk/culture/museums/zoological,2024-11-29T21:03:00.375143,1,,
http://handvorec.ru,2024-11-29T21:03:00.469995,1,,
http://vasiliyryabchenko.com/,2024-11-29T21:03:00.535828,1,,
https://uamusic.com.ua/,2024-11-29T21:03:00.617453,1,,
http://ojs.tdmu.edu.ua/index.php/ijmr/index,2024-11-29T21:03:00.645534,1,,
http://dako.gov.ua/,2024-11-29T21:03:00.648402,1,,
http://ukrssr.com.ua/,2024-11-29T21:03:00.860022,1,,
https://www.maidanmuseum.org/en/node/348,2024-11-29T21:03:00.988834,1,,
https://blk.edu.ua/Dendropark/,2024-11-29T21:03:00.991261,1,,
http://artmuz.org.ua/,2024-11-29T21:03:01.190922,1,,
http://kibit.edu.ua/,2024-11-29T21:03:01.277170,1,,
http://www.kkray.org.ua,2024-11-29T21:03:01.308017,0,,
http://nrps.ukma.edu.ua/,2024-11-29T21:03:01.358286,1,,
http://koronakarpat.com.ua/,2024-11-29T21:03:01.386407,0,,
http://museum.if.ua,2024-11-29T21:03:01.579652,1,,
http://otp-journal.com.ua,2024-11-29T21:03:01.684653,1,,
https://oldchernihiv.com,2024-11-29T21:03:01.689289,1,,
http://nti.khai.edu/ojs/index.php/aktt/index,2024-11-29T21:03:01.714140,1,,
http://pryingul.inf.ua,2024-11-29T21:03:01.757358,1,,
http://kipdm.com,2024-11-29T21:03:01.788865,1,,
http://tomainstytut.org/,2024-11-29T21:03:01.851720,1,,
http://nti.khai.edu/ojs/index.php/reks/index,2024-11-29T21:03:02.041770,1,,
https://www.karpaty.info/ua/,2024-11-29T21:03:02.050897,1,,
https://pharmj.org.ua,2024-11-29T21:03:02.067727,1,,
http://dspace.wunu.edu.ua/,2024-11-29T21:03:02.114211,1,,
https://ipiend.gov.ua/script/,2024-11-29T21:03:02.203310,1,,
http://hirurgiya.com.ua,2024-11-29T21:03:02.245557,1,,
https://pyrogiv.kiev.ua/,2024-11-29T21:03:02.326825,1,,
http://batarea411.narod.ru/nebo.htm,2024-11-29T21:03:02.406461,1,,
http://chornobylmuseum.kiev.ua/,2024-11-29T21:03:02.794339,0,,
http://makmuseum.com/,2024-11-29T21:03:02.819712,0,,
http://www.icmp.lviv.ua/journal/,2024-11-29T21:03:02.976885,1,,
http://bibl-kotsubynskogo.edukit.cn.ua//,2024-11-29T21:03:03.274683,1,,
http://biblio-child.dp.ua/,2024-11-29T21:03:03.491453,1,,
http://state-gov.sumy.ua/,2024-11-29T21:03:03.584656,1,,
http://hatob.com.ua/ukr/,2024-11-29T21:03:03.700789,1,,
http://usim.org.ua/,2024-11-29T21:03:03.732798,1,,
http://biotechnology.kiev.ua/,2024-11-29T21:03:03.832320,1,,
http://www.oridu.odessa.ua,2024-11-29T21:03:03.849994,0,,
https://e-medjournal.com/index.php/psp/about,2024-11-29T21:03:03.995038,1,,
http://www.katedral.org.ua/,2024-11-29T21:03:04.007977,1,,
http://ibhb.chnu.edu.ua,2024-11-29T21:03:04.089274,1,,
https://nv.nltu.edu.ua,2024-11-29T21:03:04.198622,1,,
http://childrenkinofest.com/,2024-11-29T21:03:04.241762,1,,
https://www.alexandria-park.com.ua/,2024-11-29T21:03:04.348911,1,,
https://dntb.gov.ua/,2024-11-29T21:03:04.508130,1,,
https://www.univer.kharkov.ua/,2024-11-29T21:03:04.651855,1,,
http://pmu.in.ua/pedago_memor_mus_ukraini/makaranko_budinok_musei_kremenchyg/,2024-11-29T21:03:04.659220,1,,
https://karazin.ua/,2024-11-29T21:03:04.659419,1,,
https://daso.archives.gov.ua/%d0%b3%d0%be%d0%bb%d0%be%d0%b2%d0%bd%d0%b0/informatsiyna-diyalnist/vystavky-online/,2024-11-29T21:03:04.662429,1,,
http://ojs.tdmu.edu.ua/index.php/pharm-chas,2024-11-29T21:03:04.786726,1,,
https://www.primetour.ua/uk/excursions/museum/Muzey-gologramm.html,2024-11-29T21:03:04.859115,1,,
http://www.korydor.in.ua/ua/,2024-11-29T21:03:05.010442,1,,
http://library.snu.edu.ua/,2024-11-29T21:03:05.108793,1,,
http://pdsem.mrezha.net/,2024-11-29T21:03:05.195570,1,,
http://animal.kharkov.ua/,2024-11-29T21:03:05.249331,1,,
http://www.pntu.edu.ua/,2024-11-29T21:03:05.395575,1,,
https://www.duet.edu.ua/en,2024-11-29T21:03:05.456631,1,,
https://kkibp.edu.ua,2024-11-29T21:03:05.732212,1,,
https://ki.sumdu.edu.ua,2024-11-29T21:03:05.851805,1,,
http://www.tnu.edu.ua/,2024-11-29T21:03:05.885135,0,,
https://iea.gov.ua/en/,2024-11-29T21:03:06.250144,1,,
https://dkvmayak.wixsite.com/palaceofculture,2024-11-29T21:03:06.463124,1,,
http://mbk-pryluky.com.ua/,2024-11-29T21:03:06.600767,0,,
http://dk.motorsich.com/,2024-11-29T21:03:06.633138,0,,
http://www.dovzhenkocentre.org/,2024-11-29T21:03:06.966153,1,,
http://cpto.com.ua/,2024-11-29T21:03:07.111420,1,,
http://www.cdu.edu.ua/,2024-11-29T21:03:07.134863,1,,
https://www.uaportal.com,2024-11-29T21:03:07.240105,1,,
https://nv.pdpu.edu.ua,2024-11-29T21:03:07.468417,1,,
https://lma.edu.ua/,2024-11-29T21:03:07.561443,1,,
http://en.chnu.edu.ua/,2024-11-29T21:03:07.647010,1,,
http://zorilebucovinei.com,2024-11-29T21:03:07.712421,1,,
https://nvlvet.com.ua/index.php/agriculture/index,2024-11-29T21:03:07.731447,1,,
"https://karazin.ua/en/kultura/muzei-prirodi/, http://muzei-prirody.blogspot.com/",2024-11-29T21:03:07.862852,1,,
https://www.mediaartarchive.org.ua/,2024-11-29T21:03:07.920101,1,,
https://www.znu.edu.ua/ukr/university/11929,2024-11-29T21:03:07.963006,0,,
https://mistomariupol.com.ua/,2024-11-29T21:03:08.124890,1,,
https://science.lpnu.ua/ep,2024-11-29T21:03:09.269118,1,,
https://unesco-journal.com.ua/,2024-11-29T21:03:09.523577,1,,
https://midnipro.museum/,2024-11-29T21:03:10.284340,1,,
http://www.holocaust.kiev.ua,2024-11-29T21:03:10.706127,1,,
https://greencubator.info,2024-11-29T21:03:11.461961,1,,
http://businessperspectives.org/journals/problems-and-perspectives-in-management?category_id=30,2024-11-29T21:03:12.420464,1,,
http://mfat.imath.kiev.ua/,2024-11-29T21:03:12.863991,1,,
http://www.pu.if.ua,2024-11-29T21:03:12.934154,1,,
http://escriptorium.univer.kharkov.ua/oai/request,2024-11-29T21:03:13.034803,1,,
https://sportpedagogy.org.ua/index.php/ppcs/oai,2024-11-29T21:03:13.266779,1,,
http://urdisc.com.ua/,2024-11-29T21:03:13.287656,1,,
http://il.kubg.edu.ua/,2024-11-29T21:03:13.322056,0,,
http://astro.nau.edu.ua/uk/,2024-11-29T21:03:13.521511,1,,
http://www.antiaids.org,2024-11-29T21:03:13.630100,1,,
http://dpl.drohobych.net,2024-11-29T21:03:13.702584,1,,
http://pfirs.org,2024-11-29T21:03:13.730740,1,,
http://www.artgallery.zp.ua,2024-11-29T21:03:13.822986,1,,
http://cb-igph.lviv.ua/,2024-11-29T21:03:14.123297,1,,
http://lubp.com.ua/,2024-11-29T21:03:14.323860,1,,
https://hdzva.edu.ua,2024-11-29T21:03:14.541879,0,,
http://museum.cult.gov.ua/kozeletskyj-muzej-istoriji-tkatstva-chernihivschyny/,2024-11-29T21:03:14.894712,1,,
http://chigirinzapovidnyk.org.ua/index.php,2024-11-29T21:03:15.030384,1,,
https://www.inst-ukr.lviv.ua/,2024-11-29T21:03:15.356655,1,,
http://ctdug.lviv.ua/,2024-11-29T21:03:15.411052,1,,
http://www.molodist.com/,2024-11-29T21:03:16.756413,1,,
http://www.mena-museum.cn.sch.in.ua,2024-11-29T21:03:16.758858,1,,
http://www.morskojmuzej.kh.ua,2024-11-29T21:03:16.936435,1,,
https://ucu.edu.ua/en/,2024-11-29T21:03:16.948646,1,,
http://medinstitut.dp.ua/,2024-11-29T21:03:17.165810,1,,
http://donntu.edu.ua/,2024-11-29T21:03:17.522110,1,,
http://www.kisff.org,2024-11-29T21:03:17.915006,1,,
http://www.oseu.edu.ua,2024-11-29T21:03:18.132523,1,,
http://www.case-ukraine.com.ua,2024-11-29T21:03:18.164576,1,,
http://www.museum.dp.ua/,2024-11-29T21:03:18.737174,1,,
http://www.hneu.edu.ua/,2024-11-29T21:03:19.487426,1,,
http://bumib.edu.ua/uk,2024-11-29T21:03:19.660026,1,,
http://www.museumkiev.org/,2024-11-29T21:03:19.737916,1,,
http://www.muzejkarmalyka.com.ua/,2024-11-29T21:03:19.766388,0,,
http://samchyky.com.ua/,2024-11-29T21:03:19.791311,0,,
http://semenov-foundation.org/,2024-11-29T21:03:20.163778,0,,
http://bulgakov.org.ua,2024-11-29T21:03:20.272484,1,,
http://www.kipt.kharkov.ua,2024-11-29T21:03:20.319006,1,,
http://kumr.edu.ua/,2024-11-29T21:03:21.465249,1,,
http://cdutkonotop.in.ua,2024-11-29T21:03:21.490475,0,,
http://dptnzkrolev.jimdo.com/,2024-11-29T21:03:21.876352,1,,
http://www.chekhov.sumy.ua/,2024-11-29T21:03:22.208386,1,,
http://khpg.org/ru,2024-11-29T21:03:22.302058,1,,
http://www.dnu.dp.ua,2024-11-29T21:03:22.939267,1,,
http://adrenalin.lutsk.ua/,2024-11-29T21:03:23.143206,1,,
"http://www.terioshkola.org.ua/ua/journal.htm, http://terioshkola.org.ua/ua/pts.htm",2024-11-29T21:03:23.348485,1,,
http://2001.ukrcensus.gov.ua/rus,2024-11-29T21:03:23.473647,1,,
http://bokshaymuseum.com,2024-11-29T21:03:23.498524,1,,
http://proskuriv.info,2024-11-29T21:03:23.744131,1,,
http://uvan.org,2024-11-29T21:03:23.934301,1,,
http://www.korsun.ic.ck.ua/index.php/pages/15,2024-11-29T21:03:23.973413,1,,
http://region.in.ua/elisavet/jmuz_u.html,2024-11-29T21:03:24.220154,1,,
http://www.lhm.lviv.ua/ekspozyciyi/muzeyarsenal.html,2024-11-29T21:03:24.331673,1,,
http://www.nltu.edu.ua/,2024-11-29T21:03:24.486311,1,,
http://www.artmuzeum.kr.ua/,2024-11-29T21:03:24.886213,1,,
http://www.kp.ua/,2024-11-29T21:03:25.191928,1,,
http://www.turka-crb.edukit.lviv.ua/,2024-11-29T21:03:25.393070,1,,
http://2001.ukrcensus.gov.ua,2024-11-29T21:03:25.757502,1,,
http://restorer.kiev.ua,2024-11-29T21:03:25.883586,1,,
http://volyn-museum.com.ua/index/zaturcivskij_memorialnij_muzej_v_lipinskogo/0-6,2024-11-29T21:03:26.167272,1,,
http://nashazorya.ucoz.ua/,2024-11-29T21:03:26.271776,1,,
http://volyn-museum.com.ua/news/kovelskij_istorichnij_muzej/1-0-9,2024-11-29T21:03:26.398896,1,,
http://volyn-museum.com.ua/news/ljubomlskij_kraeznavchij_muzej/1-0-11,2024-11-29T21:03:26.636613,1,,
https://plomin.club/,2024-11-29T21:03:26.739007,1,,
https://folklore-archive.org.ua/,2024-11-29T21:03:26.971307,1,,
https://st-alexander.livejournal.com/,2024-11-29T21:03:27.731135,1,,
http://hatob.com.ua/,2024-11-29T21:03:27.828966,1,,
https://sites.google.com/site/bibliotekakpu/,2024-11-29T21:03:27.949986,1,,
http://www.mubip.org.ua,2024-11-29T21:03:28.386917,1,,
"http://www.imath.kiev.ua/~sigma/, http://www.emis.de/journals/sigma/",2024-11-29T21:03:28.918913,1,,
https://www.kadr.kiev.ua/,2024-11-29T21:03:28.954281,0,,
http://tronkocentr.karazin.ua,2024-11-29T21:03:29.320392,1,,
https://www.kharkivmedicaluniversity.com,2024-11-29T21:03:29.545786,1,,
http://www.ukma.edu.ua,2024-11-29T21:03:30.360274,1,,
http://khntusg.com.ua/,2024-11-29T21:03:30.463310,1,,
http://history.org.ua/uk,2024-11-29T21:03:30.738920,1,,
http://romny-dytbibl.edukit.sumy.ua/,2024-11-29T21:03:30.923137,1,,
http://journal.kdpu.edu.ua/,2024-11-29T21:03:31.137863,1,,
http://med.edu.ua,2024-11-29T21:03:31.398541,1,,
http://www.knlu.kiev.ua/,2024-11-29T21:03:31.703615,1,,
http://socio-cultural.knukim.edu.ua/,2024-11-29T21:03:33.154552,1,,
https://center.ucu.edu.ua/biblioteka/,2024-11-29T21:03:33.343576,1,,
http://mcm-tech.kpnu.edu.ua/,2024-11-29T21:03:33.582433,1,,
http://ojs.tdmu.edu.ua/index.php/here/oai,2024-11-29T21:03:34.009302,1,,
https://library.khntusg.com.ua/,2024-11-29T21:03:34.036530,1,,
https://lnulibrary.lviv.ua/en/about-us-en/,2024-11-29T21:03:34.279715,1,,
https://diasporiana.org.ua/category/mistetstvo/,2024-11-29T21:03:34.343725,1,,
https://martyrology.org.ua/,2024-11-29T21:03:34.517950,0,,
https://rv.archives.gov.ua/,2024-11-29T21:03:34.664190,1,,
https://cv.archives.gov.ua/,2024-11-29T21:03:34.839149,1,,
https://phm.cuspu.edu.ua/ojs/,2024-11-29T21:03:34.846682,1,,
http://pytlit.chnu.edu.ua/index.php/2306-2908/oai,2024-11-29T21:03:35.366753,1,,
http://davio.gov.ua,2024-11-29T21:03:35.403337,1,,
https://daso.archives.gov.ua/wp-content/earchives/,2024-11-29T21:03:35.527783,1,,
http://radap.kpi.ua/index.php/radiotechnique/oai,2024-11-29T21:03:35.991348,1,,
http://sb-keip.kpi.ua/index.php/2310-5534/oai,2024-11-29T21:03:36.380528,1,,
https://oriental-world.org.ua/,2024-11-29T21:03:36.497687,1,,
https://collection-lvivgallery.org.ua/en,2024-11-29T21:03:36.699001,1,,
https://tsdavo.gov.ua/ukrayinska-revolyutsiya-arhivni-hroniky-2/,2024-11-29T21:03:37.797089,1,,
http://pmu.in.ua/category/exhibitions/,2024-11-29T21:03:38.320043,1,,
http://www.icyb.kiev.ua/?lang=en,2024-11-29T21:03:38.391763,0,,
https://archive.od.gov.ua/,2024-11-29T21:03:38.761897,1,,
http://www.kpi.kharkov.ua/,2024-11-29T21:03:39.435967,1,,
http://vgosau.kiev.ua/,2024-11-29T21:03:39.468460,1,,
http://museum.kambio.ua,2024-11-29T21:03:39.753675,1,,
http://www.db.geroika.org.ua/ua/home.html,2024-11-29T21:03:40.133496,1,,
http://www.neuro.kiev.ua,2024-11-29T21:03:40.649254,1,,
https://libraria.ua/,2024-11-29T21:03:40.896162,1,,
http://www.bkm.zp.ua/mp-index.html,2024-11-29T21:03:41.255487,1,,
http://lg.archives.gov.ua/,2024-11-29T21:03:41.356342,1,,
http://inephrology.kiev.ua/,2024-11-29T21:03:41.481214,1,,
http://dspace.kntu.kr.ua/oai/request,2024-11-29T21:03:42.131699,1,,
http://elar.nung.edu.ua/,2024-11-29T21:03:42.663653,1,,
http://i-soc.com.ua/ukr/index.php,2024-11-29T21:03:42.807987,1,,
http://ka.ukma.edu.ua/index.php/1995-025X/oai,2024-11-29T21:03:42.959614,1,,
http://www.filosof.com.ua/,2024-11-29T21:03:42.966308,1,,
http://kinofest.g-2b.com/,2024-11-29T21:03:43.166453,1,,
http://znamensky-mon.church.ua/,2024-11-29T21:03:43.240158,1,,
http://www.knukim.edu.ua,2024-11-29T21:03:43.295072,1,,
http://www.kcu.org.ua/,2024-11-29T21:03:43.322174,0,,
http://namu.kiev.ua/,2024-11-29T21:03:43.747570,1,,
http://sergeevka-mon.church.ua/,2024-11-29T21:03:43.863640,1,,
http://www.kntu.kr.ua,2024-11-29T21:03:43.869021,1,,
https://www.lvivart.center/,2024-11-29T21:03:44.013839,1,,
https://zarichevo-mon.church.ua/,2024-11-29T21:03:44.510049,1,,
http://www.iz.com.ua/,2024-11-29T21:03:44.608196,1,,
http://zoomuseum.net/,2024-11-29T21:03:44.700449,1,,
https://bdkm.com.ua/,2024-11-29T21:03:44.726879,0,,
http://eurodev.duan.edu.ua/,2024-11-29T21:03:44.931069,1,,
http://acadrev.duan.edu.ua/,2024-11-29T21:03:45.419072,1,,
https://skhodoznavstvo.org.ua/,2024-11-29T21:03:45.726957,1,,
https://shustoff.com/,2024-11-29T21:03:46.098791,1,,
http://www.komanda.com.ua,2024-11-29T21:03:46.244117,1,,
http://eie.khpi.edu.ua,2024-11-29T21:03:46.341177,1,,
https://fst.onaft.edu.ua/,2024-11-29T21:03:46.426350,0,,
"http://www.zgia.zp.ua/index.php?page=478&lang=ru, http://vestnikzgia.com.ua/, http://www.zgia.zp.ua/index.php?page=478&lang=ru, http://vestnikzgia.com.ua/",2024-11-29T21:03:46.852217,1,,
http://www.kdu.edu.ua/,2024-11-29T21:03:46.924042,0,,
http://pratsi.opu.ua/,2024-11-29T21:03:47.179078,1,,
https://uma.lvivcenter.org/uk,2024-11-29T21:03:47.644625,1,,
https://library.udpu.edu.ua/,2024-11-29T21:03:48.038492,1,,
https://khanenkomuseum.kiev.ua,2024-11-29T21:03:48.147798,0,,
https://elfa.archives.gov.ua/,2024-11-29T21:03:48.298800,1,,
https://repository.tdmu.edu.ua/,2024-11-29T21:03:48.714978,1,,
"http://journals.uran.ua/chseg, http://hgj.univer.kharkov.ua, http://journals.uran.ua/chseg, http://hgj.univer.kharkov.ua",2024-11-29T21:03:48.743373,1,,
http://museum.kh.ua/,2024-11-29T21:03:48.970147,1,,
http://vskrynia.com.ua,2024-11-29T21:03:49.786759,1,,
http://lgaki.info/,2024-11-29T21:03:49.838718,1,,
http://kherson.archives.gov.ua/,2024-11-29T21:03:49.885969,1,,
http://www.luguniv.edu.ua,2024-11-29T21:03:50.076826,1,,
http://at.khadi.kharkov.ua/index.php/ru/,2024-11-29T21:03:50.198004,1,,
http://lutsk-ntu.com.ua,2024-11-29T21:03:50.204256,1,,
http://www.lnam.edu.ua/,2024-11-29T21:03:50.372591,1,,
"http://www.tkea.com.ua/tkea/new.html, http://www.tkea.com.ua/english/tkea/new.html, http://www.tkea.com.ua/tkea/new.html, http://www.tkea.com.ua/english/tkea/new.html",2024-11-29T21:03:50.470444,1,,
http://library.wunu.edu.ua/,2024-11-29T21:03:50.614703,1,,
https://gallery-dolls.com.ua/en/,2024-11-29T21:03:50.707109,1,,
http://dakh.com.ua/,2024-11-29T21:03:50.904806,1,,
https://kubg.edu.ua/,2024-11-29T21:03:50.939297,1,,
http://archaeologicalmuseum.ra.ck.ua/,2024-11-29T21:03:50.958993,0,,
http://www.problecon.com,2024-11-29T21:03:51.099199,1,,
http://www.kymu.edu.ua,2024-11-29T21:03:51.123768,1,,
http://www.kse.org.ua/,2024-11-29T21:03:51.487972,1,,
http://library.lnu.edu.ua/bibl/,2024-11-29T21:03:51.639868,0,,
http://artmuseum.dp.ua/,2024-11-29T21:03:51.918999,1,,
https://www.lvduvs.edu.ua/,2024-11-29T21:03:52.172845,1,,
http://br-museum.at.ua/,2024-11-29T21:03:52.277054,1,,
http://hudkult.mari.kiev.ua/,2024-11-29T21:03:52.478222,1,,
http://cbr.nature.org.ua/museum.htm,2024-11-29T21:03:52.640111,1,,
http://www.shevkyivlib.org.ua/,2024-11-29T21:03:52.731236,0,,
http://chigirinzapovidnyk.org.ua/index.php?option=com_content&view=article&id=83:2012-02-27-14-34-06&catid=62:2012-02-09-08-33-39&Itemid=86,2024-11-29T21:03:52.761810,1,,
http://www.svichado.com.ua,2024-11-29T21:03:52.769337,0,,
http://zarichne.libr.rv.ua,2024-11-29T21:03:52.865213,0,,
https://bibliolis.wordpress.com/,2024-11-29T21:03:53.302306,1,,
http://niez-pereyaslav.com.ua/,2024-11-29T21:03:53.465569,1,,
http://ckoblmuz.ck.ua/,2024-11-29T21:03:53.487168,1,,
http://mmk.ucoz.org/,2024-11-29T21:03:53.823163,1,,
http://www.meduniv.lviv.ua,2024-11-29T21:03:53.875995,1,,
http://nbuv.gov.ua/j-tit/vispdoso,2024-11-29T21:03:53.934412,0,,
http://www.irbis-nbuv.gov.ua,2024-11-29T21:03:53.937429,0,,
https://library.gov.ua/,2024-11-29T21:03:54.174512,1,,
http://memory.ucoz.ua/,2024-11-29T21:03:54.245588,1,,
http://min.od.ua/,2024-11-29T21:03:54.364362,1,,
http://en.fpri.kiev.ua,2024-11-29T21:03:54.629269,1,,
https://archive.lviv.ua/,2024-11-29T21:03:54.761896,1,,
http://www.aprnu.kharkiv.org/,2024-11-29T21:03:54.777716,1,,
https://library.ndu.edu.ua,2024-11-29T21:03:55.051986,1,,
http://nam.kiev.ua,2024-11-29T21:03:55.164603,1,,
https://csamm.archives.gov.ua/tsyfrovyi-fond-korystuvannia/,2024-11-29T21:03:55.201449,1,,
http://ostrohcastle.com.ua/,2024-11-29T21:03:55.250713,1,,
https://sunic.com.ua/museums/137; http://www.pushkinmuseum.ru/?q=com-push-mus/literaturno-memorialnyy-muzey-pushkina-filial-odesskogo-literaturnogo-muzeya,2024-11-29T21:03:55.349183,0,,
https://lviv-lychakiv.com.ua/en/,2024-11-29T21:03:55.422925,1,,
http://mvba.com.ua,2024-11-29T21:03:55.532033,1,,
http://www.dmkd.dp.ua/node/493,2024-11-29T21:03:55.746193,0,,
https://ukrdrama.dp.ua/,2024-11-29T21:03:56.196130,1,,
"http://nuczu.edu.ua/eng/, http://nuczu.edu.ua, http://nuczu.edu.ua/eng/, http://nuczu.edu.ua",2024-11-29T21:03:56.300343,1,,
http://pkm.poltava.ua/ua/,2024-11-29T21:03:56.458165,1,,
https://www.mundm.kiev.ua/,2024-11-29T21:03:56.625311,1,,
http://www.bkm.zp.ua/,2024-11-29T21:03:56.752671,1,,
http://www.rare.univ.kiev.ua/eng/index.php3,2024-11-29T21:03:56.783520,1,,
http://botany.kiev.ua/gerbary.htm,2024-11-29T21:03:57.072849,1,,
https://teatr-dndz.com/,2024-11-29T21:03:57.304061,1,,
https://nuft.edu.ua/,2024-11-29T21:03:57.535225,1,,
http://kamishevaha-mon.church.ua/,2024-11-29T21:03:57.685904,1,,
http://nsku.org.ua,2024-11-29T21:03:57.827832,1,,
http://www.pravda.com.ua,2024-11-29T21:03:58.156453,1,,
http://www.choim.org/,2024-11-29T21:03:58.218298,1,,
http://collection.litme.com.ua/pobjects/%D0%AF%D0%BD%D0%BE%D0%B2%D1%81%D1%8C%D0%BA%D0%B8%D0%B9%20%D0%AE.,2024-11-29T21:03:58.233051,0,,
http://discovering.chersonesos.org/,2024-11-29T21:03:58.324444,1,,
http://holocaustmuseum.kharkov.ua/,2024-11-29T21:03:58.432816,1,,
http://teatrkukol.com.ua/,2024-11-29T21:03:58.636040,1,,
http://ilurat.spbu.ru/content/index.htm,2024-11-29T21:03:58.668195,1,,
http://myrmekion.ru/,2024-11-29T21:03:58.867517,1,,
https://zt-teatr.com.ua/,2024-11-29T21:03:58.969620,1,,
http://savva.org.ua/,2024-11-29T21:03:59.046207,1,,
http://www.president.gov.ua,2024-11-29T21:03:59.115714,1,,
http://onestreet.kiev.ua/,2024-11-29T21:03:59.157721,1,,
http://iona.kiev.ua/,2024-11-29T21:03:59.222507,1,,
http://www.oweamuseum.odessa.ua/,2024-11-29T21:03:59.476584,1,,
http://www.cvu.org.ua,2024-11-29T21:03:59.536004,1,,
http://www.hokm.ks.ua,2024-11-29T21:03:59.582175,1,,
http://www.avia-museum.lg.ua/,2024-11-29T21:03:59.688612,0,,
https://cossacksmuseu.jimdofree.com/,2024-11-29T21:03:59.707027,1,,
http://kse.org.ua,2024-11-29T21:03:59.990823,1,,
http://www.kyivhistorymuseum.org/uk/kolektsiya-muzeyu,2024-11-29T21:04:00.033811,1,,
http://ethnology.lviv.ua,2024-11-29T21:04:00.208342,1,,
http://pnpu.edu.ua,2024-11-29T21:04:00.260444,1,,
http://savvynsky-mon.church.ua/,2024-11-29T21:04:00.327111,1,,
http://omlk.com.ua/,2024-11-29T21:04:00.456357,0,,
https://bulgakovmuseum.com/,2024-11-29T21:04:00.533378,1,,
http://hero.izmail-city.com/muzei/museum.html,2024-11-29T21:04:00.581077,1,,
http://195.64.191.106:8080/,2024-11-29T21:04:00.667003,0,,
http://modern-museum.org.ua/ua/index.htm,2024-11-29T21:04:00.784735,1,,
https://lvivpuppet.com/,2024-11-29T21:04:00.807937,1,,
http://teatr.kolomyya.org/,2024-11-29T21:04:00.953518,1,,
http://bibliotekald.at.ua/,2024-11-29T21:04:00.965657,1,,
https://goldenukr.com.ua/,2024-11-29T21:04:01.187066,1,,
http://ternivka-mon.church.ua/,2024-11-29T21:04:01.293259,1,,
https://teatr-koryfeiv.com.ua/,2024-11-29T21:04:01.367345,1,,
http://museum-rogatyn.at.ua/,2024-11-29T21:04:01.401438,1,,
http://museum.net.ua,2024-11-29T21:04:01.564244,1,,
http://www.theatre.org.ua/,2024-11-29T21:04:01.566895,1,,
https://operahouse.od.ua/en/,2024-11-29T21:04:01.801032,1,,
http://www.kogpi.edu.te.ua,2024-11-29T21:04:01.844451,0,,
http://www.teatr-kukol.od.ua/,2024-11-29T21:04:01.976212,1,,
http://rusteatr.odessa.ua/,2024-11-29T21:04:02.130316,1,,
http://museumparhomovka.com.ua/,2024-11-29T21:04:02.484652,1,,
https://teatr-gogolya.pl.ua/,2024-11-29T21:04:02.510786,1,,
http://panorama.pl.ua/,2024-11-29T21:04:02.587819,1,,
http://museums.kh.ua/hotkevych,2024-11-29T21:04:02.650104,1,,
http://komu.dp.ua/,2024-11-29T21:04:03.381257,1,,
http://biblioteka-mayakovskogo.edu.kh.ua/,2024-11-29T21:04:03.644673,0,,
https://www.duet.edu.ua/,2024-11-29T21:04:03.835070,1,,
http://krasnyy-mak-mon.church.ua/,2024-11-29T21:04:03.970965,1,,
http://kiziltash.org/,2024-11-29T21:04:04.027100,0,,
http://www.kmy.org.ua,2024-11-29T21:04:04.364725,1,,
http://dramteatr.com.ua/,2024-11-29T21:04:04.429221,1,,
http://karmazynovka-mon.church.ua/,2024-11-29T21:04:04.667422,1,,
http://monastyr.lg.ua/,2024-11-29T21:04:04.748884,0,,
http://cerkovnoe.church.ua/,2024-11-29T21:04:05.044927,1,,
http://puppet.kharkov.ua/,2024-11-29T21:04:05.080571,1,,
http://medcollege.kr.ua/,2024-11-29T21:04:05.469144,1,,
http://krasnuyderkul.blogspot.com/,2024-11-29T21:04:05.577012,1,,
http://medcolpo.lviv.ua,2024-11-29T21:04:05.680400,1,,
https://dyven.org/,2024-11-29T21:04:05.690663,1,,
https://www.rbklb.at.ua/,2024-11-29T21:04:05.835217,0,,
http://makvisti.com/,2024-11-29T21:04:06.056097,0,,
http://museums.lnu.edu.ua/mineralogy,2024-11-29T21:04:06.186543,1,,
http://starobelsk-mon.church.ua/,2024-11-29T21:04:06.209412,1,,
https://teatrlalek.carrd.co/,2024-11-29T21:04:06.383962,1,,
http://glmed.org.ua/,2024-11-29T21:04:06.469671,1,,
http://onufrievsky-mon.church.ua/,2024-11-29T21:04:06.861112,1,,
http://med.sumdu.edu.ua,2024-11-29T21:04:07.073868,1,,
http://museums.lnu.edu.ua/zoology/,2024-11-29T21:04:07.404625,1,,
http://lvov-mon.church.ua/,2024-11-29T21:04:08.197493,1,,
http://www.kname.edu.ua,2024-11-29T21:04:08.265648,0,,
http://pelageevka-mon.church.ua/,2024-11-29T21:04:08.916668,1,,
https://history.korolenko.kharkov.com/budivlja-biblioteki/; https://korolenko.kharkov.com/,2024-11-29T21:04:09.525472,1,,
http://konstantinov-mon.church.ua/,2024-11-29T21:04:09.573453,1,,
https://honchar.org.ua/,2024-11-29T21:04:09.901382,1,,
https://zp.edu.ua/,2024-11-29T21:04:10.122853,1,,
http://school22.com.ua/,2024-11-29T21:04:10.255573,1,,
http://iliya-monastery.org,2024-11-29T21:04:10.352747,1,,
http://palace-ukraine.com/,2024-11-29T21:04:10.516554,1,,
https://library.kr.ua,2024-11-29T21:04:10.532511,1,,
http://doksa.onu.edu.ua/,2024-11-29T21:04:10.696755,1,,
https://uagreeks.com/newspaper,2024-11-29T21:04:10.696871,1,,
http://golos-obitely.prihod.ru,2024-11-29T21:04:10.726192,1,,
https://www.iananu.org.ua/vidannya/naukovi-monografiji,2024-11-29T21:04:11.142311,1,,
http://docudays.org.ua/,2024-11-29T21:04:11.157850,1,,
http://mgarsky-monastery.org,2024-11-29T21:04:11.222571,1,,
http://www.zakliceypvfp.com.ua/,2024-11-29T21:04:11.381988,1,,
https://www.museum.com.ua/,2024-11-29T21:04:11.484527,1,,
http://www.ieenas.org/,2024-11-29T21:04:11.542788,1,,
http://www.ufd.ua,2024-11-29T21:04:11.615114,0,,
http://ifds.org.ua/main.html,2024-11-29T21:04:11.644019,0,,
http://virtmuseum.uccs.org.ua/,2024-11-29T21:04:11.694288,1,,
http://www.nashagazeta.com.ua,2024-11-29T21:04:11.701891,1,,
http://www.ive.org.ua,2024-11-29T21:04:11.813327,1,,
http://nkddau.org.ua,2024-11-29T21:04:11.843678,1,,
http://www.nmt.org.ua,2024-11-29T21:04:12.282964,1,,
https://heritageua.dcvisu.com/,2024-11-29T21:04:12.347026,1,,
https://hutsul.museum/,2024-11-29T21:04:12.467431,1,,
http://zum.onu.edu.ua/,2024-11-29T21:04:12.492556,1,,
https://periodicals.karazin.ua/,2024-11-29T21:04:12.649964,1,,
https://istznu.org/index.php/journal,2024-11-29T21:04:12.710729,1,,
https://fip.dp.ua/index.php/FIP,2024-11-29T21:04:12.946067,1,,
https://bilsk.com.ua/,2024-11-29T21:04:12.991108,1,,
http://www.ittf.kiev.ua,2024-11-29T21:04:13.275768,1,,
http://antiquity.karazin.ua/science/,2024-11-29T21:04:13.480548,1,,
http://antiquity.karazin.ua/antiquities/,2024-11-29T21:04:13.709745,1,,
http://biph.kiev.ua,2024-11-29T21:04:13.807083,1,,
http://pdatu.edu.ua,2024-11-29T21:04:13.813686,1,,
http://www.bosporuscrypt.ru/,2024-11-29T21:04:14.060148,1,,
https://biblioteka.cdu.edu.ua/,2024-11-29T21:04:14.180229,1,,
http://history.karazin.ua/nauka.html,2024-11-29T21:04:14.218413,1,,
https://library.onaft.edu.ua/,2024-11-29T21:04:14.328746,0,,
http://www.pdaa.edu.ua,2024-11-29T21:04:14.479952,1,,
http://www.archmap.ru/,2024-11-29T21:04:14.499887,1,,
http://libblog.odmu.edu.ua/,2024-11-29T21:04:14.795706,1,,
http://www.ript.com.ua/index.php,2024-11-29T21:04:14.810740,1,,
http://www.sttc.rv.ua/,2024-11-29T21:04:15.110395,1,,
https://vinnytsia-museum.in.ua/,2024-11-29T21:04:15.183010,1,,
https://selo.pl.ua/,2024-11-29T21:04:15.474248,1,,
http://libr.knmu.edu.ua/,2024-11-29T21:04:15.730670,1,,
http://slovoprosvity.org/,2024-11-29T21:04:15.756873,1,,
http://mgz.com.ua/,2024-11-29T21:04:15.781836,0,,
https://lib.nuwm.edu.ua/,2024-11-29T21:04:16.221331,1,,
http://museum.slavyansk.online/,2024-11-29T21:04:16.282228,0,,
http://ukr-vo.org/,2024-11-29T21:04:16.311632,1,,
http://kostsyushko.chersonesos.org/,2024-11-29T21:04:16.403567,1,,
https://bibliokruiz.nethouse.ua/,2024-11-29T21:04:16.410670,0,,
http://ephsheir.phdpu.edu.ua/xmlui/,2024-11-29T21:04:16.476177,0,,
https://sspu.edu.ua/,2024-11-29T21:04:16.542726,1,,
https://judaicacenter.kiev.ua/archive/,2024-11-29T21:04:16.885383,1,,
https://golodomor.kharkov.ua/,2024-11-29T21:04:16.932319,0,,
http://sevmuz.lg.ua,2024-11-29T21:04:16.949770,1,,
http://tvuk.at.ua,2024-11-29T21:04:18.153972,1,,
http://www.tisit.edu.ua/,2024-11-29T21:04:19.543595,1,,
http://tribune.com.ua,2024-11-29T21:04:19.782374,1,,
http://www.kozatstvo.net.ua/ua/publications/uk_r.php,2024-11-29T21:04:20.014550,1,,
http://nasoa.edu.ua/,2024-11-29T21:04:20.244671,1,,
"http://ukrbiochemjournal.org/, http://ua.ukrbiochemjournal.org/",2024-11-29T21:04:21.382051,1,,
http://biblioteka-sl-dorosla.jimdo.com/,2024-11-29T21:04:23.200770,1,,
http://pochaev.org.ua,2024-11-29T21:04:27.308756,1,,
https://avr.org.ua/,2024-11-29T21:04:27.797495,1,,
http://www.botany-center.kiev.ua/,2024-11-29T21:04:28.187136,1,,
http://www.umuz.16mb.com/,2024-11-29T21:04:28.287496,1,,
http://ek.nlu.edu.ua/,2024-11-29T21:04:28.392260,1,,
http://faks.kpi.ua/,2024-11-29T21:04:28.505587,1,,
https://zounb.zp.ua,2024-11-29T21:04:29.497714,1,,
http://fizmatsspu.sumy.ua,2024-11-29T21:04:29.625907,1,,
https://www.ck.archives.gov.ua/,2024-11-29T21:04:29.642141,0,,
https://okhtyrkamr.gov.ua/міська-рада/заклади-культури/кз-охтирський-міський-краєзнавчий-му/,2024-11-29T21:04:29.870040,1,,
https://glassmuseuminlviv.org/,2024-11-29T21:04:29.870456,1,,
http://www.museum.if.ua/,2024-11-29T21:04:29.870800,1,,
http://www.hai-nyzhnyk.in.ua/,2024-11-29T21:04:30.153960,1,,
http://slavutichlib.com.ua/,2024-11-29T21:04:30.393556,1,,
https://bkmuseum.at.ua/,2024-11-29T21:04:30.789864,1,,
http://lesiaukrainka.crimea.ua/,2024-11-29T21:04:30.990934,1,,
http://culture.pp.ua/,2024-11-29T21:04:31.085211,0,,
https://ifnmujournal.com/,2024-11-29T21:04:31.197773,1,,
http://plaw.nlu.edu.ua/,2024-11-29T21:04:31.863656,1,,
http://uartlib.org/,2024-11-29T21:04:32.874234,1,,
https://landmarks.in.ua/,2024-11-29T21:04:33.112604,1,,
http://memory.chornobylmuseum.kiev.ua/,2024-11-29T21:04:33.341303,1,,
http://tlaw.nlu.edu.ua/,2024-11-29T21:04:33.352320,1,,
https://ua.vlasenko.net/,2024-11-29T21:04:33.510169,1,,
https://aviamuseum.com.ua/3d.html,2024-11-29T21:04:33.572327,1,,
https://odma.edu.ua/,2024-11-29T21:04:33.716440,0,,
https://odma.edu.ua/biblioteka/zagalna-informacziya/biblioteka-v-czyfrah/,2024-11-29T21:04:33.913031,0,,
http://ubphj.nuph.edu.ua/,2024-11-29T21:04:34.883896,1,,
https://zamokdubno.com.ua/,2024-11-29T21:04:35.067403,1,,
https://khotynska-fortecya.cv.ua/,2024-11-29T21:04:35.511701,1,,
https://www.ranukraine.com/,2024-11-29T21:04:36.532620,1,,
http://www.irce.onaft.edu.ua/,2024-11-29T21:04:36.689060,0,,
http://museum.khpg.org/,2024-11-29T21:04:36.743207,1,,
http://www.onaft.edu.ua,2024-11-29T21:04:36.747642,0,,
http://www.ofam.org.ua,2024-11-29T21:04:36.756181,0,,
http://rep.btsau.edu.ua,2024-11-29T21:04:37.190731,1,,
http://ophcj.nuph.edu.ua/,2024-11-29T21:04:37.211469,1,,
http://nvlvet.com.ua/,2024-11-29T21:04:37.318407,1,,
http://eztuir.ztu.edu.ua/,2024-11-29T21:04:37.583331,1,,
http://archivelviv.gov.ua/,2024-11-29T21:04:37.773195,1,,
http://dspace.udpu.org.ua/,2024-11-29T21:04:38.061482,1,,
http://elar.khnu.km.ua/jspui/?locale=uk,2024-11-29T21:04:38.550724,0,,
http://eee.khpi.edu.ua/,2024-11-29T21:04:38.937521,1,,
http://openarchive.nure.ua/,2024-11-29T21:04:39.145292,1,,
http://lib.npu.edu.ua/resursy/fondy-ta-kolektsii,2024-11-29T21:04:39.556235,1,,
http://region.in.ua/elisavetgradmuseum.kr.ua/,2024-11-29T21:04:39.731689,1,,
http://www.onma.edu.ua,2024-11-29T21:04:39.755738,1,,
http://eadnurt.diit.edu.ua,2024-11-29T21:04:39.922960,1,,
http://museum.kpi.ua,2024-11-29T21:04:40.644173,1,,
http://www.odeku.edu.ua,2024-11-29T21:04:42.005248,1,,
http://www.tikva.odessa.ua,2024-11-29T21:04:42.088393,0,,
http://odmu.edu.ua/,2024-11-29T21:04:42.310779,0,,
http://medlib.lviv.pro/en/virtualni-vystavky,2024-11-29T21:04:43.545009,1,,
http://grekovka.com.ua,2024-11-29T21:04:43.867847,1,,
http://lute.lviv.ua,2024-11-29T21:04:44.274619,1,,
https://cosmosmuseum.info/,2024-11-29T21:04:44.291083,1,,
http://pr.ua/,2024-11-29T21:04:44.763252,1,,
https://english.migdal.org.ua/museum/,2024-11-29T21:04:44.791069,1,,
http://rshu.edu.ua/,2024-11-29T21:04:45.270580,1,,
http://sumdu.edu.ua,2024-11-29T21:04:46.114698,1,,
http://scp.univ.kiev.ua/ua/,2024-11-29T21:04:46.316204,0,,
http://kinobaza.com.ua,2024-11-29T21:04:46.617904,1,,
https://natc.org.ua/,2024-11-29T21:04:46.974910,1,,
http://uad.lviv.ua/,2024-11-29T21:04:47.314721,1,,
https://tsdavo.gov.ua/,2024-11-29T21:04:47.578220,1,,
https://nursing.tdmu.edu.ua/,2024-11-29T21:04:47.776872,1,,
https://openkurbas.org,2024-11-29T21:04:47.877419,1,,
http://izyum-biblioteka.edu.kh.ua/,2024-11-29T21:04:47.935015,1,,
http://museum.if.ua/museums/r2/22.html,2024-11-29T21:04:48.109346,1,,
http://med-akademiya.com.ua/,2024-11-29T21:04:48.551811,1,,
https://nni-fpo.tdmu.edu.ua/,2024-11-29T21:04:48.630202,1,,
http://www.icc-kiev.gov.ua/,2024-11-29T21:04:48.823030,1,,
http://znp.pntu.edu.ua/,2024-11-29T21:04:49.190026,1,,
http://leypzig.megakino.com.ua,2024-11-29T21:04:49.228506,0,,
https://vestnmath.dnu.dp.ua,2024-11-29T21:04:49.520585,1,,
http://www.nua.kharkov.ua/,2024-11-29T21:04:50.017666,1,,
http://zal.te.ua/index.php/onlajn-arhiv-gazety-qkolosq,2024-11-29T21:04:50.254343,1,,
http://v-khsac.in.ua/,2024-11-29T21:04:50.491630,1,,
http://www.hibm.com.ua/,2024-11-29T21:04:50.769580,1,,
http://www.kstuca.kharkov.ua/,2024-11-29T21:04:51.091283,0,,
https://www.filarmonia.odessa.ua/,2024-11-29T21:04:51.236244,1,,
http://pronto.kiev.ua,2024-11-29T21:04:51.351537,1,,
http://www.ksau.kherson.ua,2024-11-29T21:04:51.514918,1,,
http://sfa.org.ua,2024-11-29T21:04:51.545509,1,,
http://gntn.kr.ua/,2024-11-29T21:04:51.757875,0,,
http://library.lp.edu.ua/,2024-11-29T21:04:51.772900,0,,
http://xemt.kharkov.ua,2024-11-29T21:04:51.822612,1,,
http://kyiv.man.gov.ua,2024-11-29T21:04:51.853183,0,,
http://www.artcollege.lviv.ua/,2024-11-29T21:04:51.948271,1,,
"https://strana.today, https://strana.news",2024-11-29T21:04:51.975761,0,,
http://library.nuft.edu.ua/,2024-11-29T21:04:52.373965,1,,
http://www.metro.kyiv.ua/,2024-11-29T21:04:52.564000,0,,
http://library.nung.edu.ua,2024-11-29T21:04:52.961824,1,,
http://prekrasastudio.com,2024-11-29T21:04:53.065351,1,,
https://www.filarmonia.com.ua/,2024-11-29T21:04:53.610039,1,,
https://old.honchar.org.ua/,2024-11-29T21:04:53.620577,1,,
http://library.tneu.edu.ua/,2024-11-29T21:04:53.692918,1,,
http://nbuv.gov.ua/j-tit/vpoupra,2024-11-29T21:04:53.954778,0,,
http://ep3.nuwm.edu.ua/,2024-11-29T21:04:54.025054,1,,
http://library.chersonesos.org/,2024-11-29T21:04:54.089294,1,,
http://libuzhnu.brinkster.net/,2024-11-29T21:04:54.270408,1,,
http://library.odeku.edu.ua/,2024-11-29T21:04:54.369491,0,,
http://lonmb13.ucoz.ua,2024-11-29T21:04:54.785952,1,,
http://www.oiff.com.ua,2024-11-29T21:04:55.278038,1,,
http://asac.kpi.ua/,2024-11-29T21:04:55.341555,1,,
http://www.tk.te.ua/,2024-11-29T21:04:55.495739,1,,
http://www.medcollege.te.ua/,2024-11-29T21:04:56.031239,0,,
http://mayakovka.od.ua,2024-11-29T21:04:56.032633,1,,
https://library.chnpu.edu.ua/,2024-11-29T21:04:56.078371,1,,
http://vlch.org,2024-11-29T21:04:56.176162,1,,
http://lic25.zosh.zt.ua/,2024-11-29T21:04:56.599234,1,,
https://judaica.kiev.ua/old/eng/indexEng.html,2024-11-29T21:04:56.645264,0,,
http://www.knu.edu.ua,2024-11-29T21:04:56.783752,1,,
http://khanenkomuseum.kiev.ua/,2024-11-29T21:04:57.120722,1,,
http://udpu.org.ua/,2024-11-29T21:04:57.380904,1,,
http://www.greentheat.re/,2024-11-29T21:04:57.430309,1,,
http://www.rusdrama.kh.ua,2024-11-29T21:04:57.739329,1,,
https://lvet.edu.ua/,2024-11-29T21:04:58.001313,1,,
http://tyz.kharkov.ua/,2024-11-29T21:04:58.004462,1,,
http://www.beregszasziszinhaz.com.ua,2024-11-29T21:04:58.033983,0,,
http://ee.zntu.edu.ua/,2024-11-29T21:04:58.153145,1,,
http://teatr-romans.com.ua/,2024-11-29T21:04:58.403774,1,,
http://www.arthousetraffic.com,2024-11-29T21:04:58.679822,1,,
https://teatr-kotelok.at.ua,2024-11-29T21:04:58.703120,1,,
http://journal.iasa.kpi.ua,2024-11-29T21:04:59.023899,1,,
http://www.vspu.edu.ua/,2024-11-29T21:04:59.089514,1,,
http://forlan.org.ua,2024-11-29T21:04:59.587933,1,,
http://izium-cbs.edu.kh.ua,2024-11-29T21:05:00.745349,0,,
http://194.44.193.60/cgi-bin/irbis64r_15/cgiirbis_64.exe?C21COM=F&I21DBN=LIBRARY1&P21DBN=LIBRARY1&LNG=,2024-11-29T21:05:00.978765,0,,
http://ipmgu.dn.ua/index.php/mks/mks-bibliotek,2024-11-29T21:05:00.980110,1,,
http://www.davniyhalych.com.ua/,2024-11-29T21:05:01.201787,1,,
http://vtn.ztu.edu.ua/,2024-11-29T21:05:01.256159,1,,
http://theatreyalta.com/,2024-11-29T21:05:01.286101,1,,
"https://sportpedagogy.org.ua/html/Pedagogy/title-PD.html, https://sportpedagogy.org.ua/html/arhive-e.html",2024-11-29T21:05:01.421141,1,,
http://www.library.cv.ua/,2024-11-29T21:05:01.442395,1,,
https://artsvit.dp.ua/,2024-11-29T21:05:01.539831,1,,
https://donntu.edu.ua/library,2024-11-29T21:05:01.632872,1,,
http://www.dua.com.ua/,2024-11-29T21:05:01.787013,1,,
https://www.karpaty.info/en/recreation/tourservice/museum/,2024-11-29T21:05:01.817613,1,,
http://jnpae.kinr.kiev.ua,2024-11-29T21:05:01.984677,1,,
http://www.history.univ.kiev.ua,2024-11-29T21:05:01.984897,0,,
http://jrnl.nau.edu.ua/index.php/visnik,2024-11-29T21:05:02.059493,0,,
"http://jsdtl.sciview.net/index.php/jsdtl, http://jsdtl.sciview.net, http://jsdtl.sciview.net/index.php/jsdtl, http://jsdtl.sciview.net",2024-11-29T21:05:02.209198,1,,
http://www.institutfrancais-ukraine.com/,2024-11-29T21:05:02.215361,1,,
https://karpaty.rocks/region/ivano-frankivska-oblast/dolynskyy-rayon/bolehiv/muzey-istoriyi-mista-bolehova-im-romana-skvoriya,2024-11-29T21:05:02.309856,1,,
http://www.dstu.dp.ua/,2024-11-29T21:05:02.402188,1,,
http://odesskiy.com/otdih-v-odesse/memorial-geroicheskoj-oborony-odessy-411-j-beregovoj-batarei.html,2024-11-29T21:05:02.517018,1,,
http://www.dsfa.dp.ua,2024-11-29T21:05:02.564756,0,,
https://www.libertyspace.org.ua/,2024-11-29T21:05:02.596832,1,,
http://pbo.ztu.edu.ua/,2024-11-29T21:05:02.811614,1,,
http://www.dsau.dp.ua/,2024-11-29T21:05:02.882866,1,,
https://lib.ztu.edu.ua/,2024-11-29T21:05:02.981739,1,,
"http://journal.sportnauka.org.ua/, http://www.nbuv.gov.ua/articles/nufvsu/, http://journal.sportnauka.org.ua/, http://www.nbuv.gov.ua/articles/nufvsu/",2024-11-29T21:05:03.135140,1,,
https://museumstone.com.ua/,2024-11-29T21:05:03.188179,0,,
http://nmmu.org/,2024-11-29T21:05:03.510104,1,,
http://yakubovski.kiev.ua/index.html,2024-11-29T21:05:03.574607,0,,
http://ukrainianworldcongress.org,2024-11-29T21:05:03.678956,1,,
https://museum-truskavets.in.ua/,2024-11-29T21:05:03.679584,1,,
http://kobza.com.ua,2024-11-29T21:05:03.833072,1,,
http://graffitizone.kiev.ua/,2024-11-29T21:05:04.080790,1,,
http://svmisto.com.ua/aboutcity/894-turistichno-privabliv-obyekti-svtlovodska-mskiy-krayeznavchiy-muzey.html,2024-11-29T21:05:04.105632,0,,
https://photo-lviv.in.ua/,2024-11-29T21:05:04.180983,1,,
https://moba.net.ua/,2024-11-29T21:05:04.186783,1,,
http://lib.kherson.ua/,2024-11-29T21:05:04.250950,1,,
http://www.brodu.narod.ru/,2024-11-29T21:05:04.451782,0,,
http://www.helsinki.org.ua,2024-11-29T21:05:04.659357,1,,
http://www.ukrterra.com.ua,2024-11-29T21:05:04.696983,1,,
http://www.ipn.cdu.edu.ua/index.php?option=com_content&view=article&id=9&Itemid=6,2024-11-29T21:05:04.885412,1,,
http://kobzarmuseum.at.ua/,2024-11-29T21:05:04.976493,1,,
http://mau-nau.org.ua,2024-11-29T21:05:05.083144,1,,
http://www.nppds.inf.ua/index.html,2024-11-29T21:05:05.304968,1,,
http://infiz.dp.ua/,2024-11-29T21:05:05.708713,1,,
http://www.zolochiv-rda.gov.ua/zamok.htm,2024-11-29T21:05:05.953137,1,,
http://library.chnu.edu.ua/index.php?page=ua,2024-11-29T21:05:06.077939,1,,
http://artedu.uz.ua/zakad.html,2024-11-29T21:05:06.093629,1,,
https://lychakiv-cemetery.virtual.ua/ua/,2024-11-29T21:05:06.187343,1,,
http://philarmonia.uz.ua,2024-11-29T21:05:06.803697,1,,
http://www.zoomena.com.ua/,2024-11-29T21:05:07.102527,1,,
http://www.odessa-roerich-house.od.ua/,2024-11-29T21:05:07.158448,1,,
http://garden.onu.edu.ua,2024-11-29T21:05:07.487123,1,,
http://museums.univ.kiev.ua/lingvo.php,2024-11-29T21:05:07.549905,0,,
http://p-space.narod.ru/index.html,2024-11-29T21:05:07.560793,1,,
http://encyclopedia.kiev.ua,2024-11-29T21:05:07.588167,1,,
http://v-perspektyvy.com.ua/,2024-11-29T21:05:07.614424,0,,
http://feofaniya.kiev.ua,2024-11-29T21:05:07.652053,1,,
http://museumshevchenko.org.ua/,2024-11-29T21:05:07.926084,1,,
http://bitep2005.narod.ru/km2.htm,2024-11-29T21:05:07.947718,1,,
http://museumtoilet.com.ua/,2024-11-29T21:05:08.151209,1,,
http://museum.shostka.org/,2024-11-29T21:05:08.299659,1,,
http://kremdiaz.com/,2024-11-29T21:05:08.324715,0,,
http://oblfilarmonia.com/,2024-11-29T21:05:08.381182,1,,
http://www.nick-philharmonic.com.ua,2024-11-29T21:05:08.416499,0,,
https://www.dnipro.libr.dp.ua,2024-11-29T21:05:08.510700,1,,
http://kharkov.vbelous.net/ukrain/mus-lit.htm,2024-11-29T21:05:08.538625,1,,
http://www.iananu.kiev.ua,2024-11-29T21:05:08.818556,1,,
http://botsad.zp.ua/,2024-11-29T21:05:08.862572,1,,
http://hokm.ks.ua/,2024-11-29T21:05:09.002806,1,,
http://www.odessaphilharmonic.org,2024-11-29T21:05:09.194584,0,,
https://iananu.org.ua/,2024-11-29T21:05:09.346736,1,,
http://muzey-sevastopol.com/,2024-11-29T21:05:09.388313,1,,
https://samchikmuseum.wordpress.com/,2024-11-29T21:05:09.574940,1,,
http://www.etnolog.org.ua/,2024-11-29T21:05:09.918473,1,,
http://tmfv.com.ua/journal/oai,2024-11-29T21:05:10.155538,1,,
http://museum.cult.gov.ua/sosnitskiy-literaturno-memorialniy-muzey-oleksandra-dovzhenka/,2024-11-29T21:05:10.471264,1,,
http://opishne-museum.gov.ua/,2024-11-29T21:05:10.678686,1,,
http://www.nbg.kiev.ua/en/,2024-11-29T21:05:10.683509,1,,
http://vntu.edu.ua/,2024-11-29T21:05:10.799114,0,,
https://vspu.edu.ua/,2024-11-29T21:05:11.016257,1,,
http://ostrovskymuseum.at.ua,2024-11-29T21:05:11.059182,1,,
http://botanicgarden.lnu.edu.ua/,2024-11-29T21:05:11.328347,1,,
http://petr-muzej.at.ua/,2024-11-29T21:05:11.548250,1,,
https://zmfk.zt.ua/,2024-11-29T21:05:11.648866,1,,
http://www.vnmu.edu.ua/,2024-11-29T21:05:11.676029,1,,
http://www.surgery.org.ua,2024-11-29T21:05:11.749349,1,,
http://www.arsani.ua,2024-11-29T21:05:11.784351,0,,
http://petrykivka.jimdo.com,2024-11-29T21:05:12.038617,1,,
https://muzeynauki.net/,2024-11-29T21:05:12.142203,1,,
http://ttdruk.vpi.kpi.ua/index.php/2077-7264/oai,2024-11-29T21:05:12.184129,1,,
http://museum-slava.at.ua/,2024-11-29T21:05:12.363268,1,,
http://pmu.in.ua/,2024-11-29T21:05:12.505746,1,,
http://ven.chdtu.edu.ua/index.php/2306-4420/oai,2024-11-29T21:05:12.627742,1,,
https://xn----8sbfkobckofaskby8kve.xn--p1ai/muzei-zapovednika/dom-muzej-m-voloshina/,2024-11-29T21:05:12.824855,1,,
http://vtn.chdtu.edu.ua/index.php/2306-4412/oai,2024-11-29T21:05:12.990565,1,,
https://etno-selo.com.ua/,2024-11-29T21:05:13.027437,1,,
http://prokopovich.com.ua/nacionalnij-muzej-bdzhilnictva/,2024-11-29T21:05:13.241761,1,,
http://shevchenko-museum.com.ua/,2024-11-29T21:05:13.819303,1,,
http://www.ocntt.dp.ua/,2024-11-29T21:05:13.885401,1,,
http://pgasa.dp.ua/#&panel1-1,2024-11-29T21:05:14.164215,0,,
http://valky-museum.at.ua/,2024-11-29T21:05:14.194546,1,,
http://library.pl.ua/,2024-11-29T21:05:14.307298,1,,
http://cphj.nuph.edu.ua/,2024-11-29T21:05:14.420532,1,,
http://vereschagin.com.ua,2024-11-29T21:05:14.488294,1,,
http://rt.nure.ua/index.php/0485-8972/oai,2024-11-29T21:05:14.759408,1,,
http://www.dridu.dp.ua/,2024-11-29T21:05:14.970403,1,,
http://journals.iapmm.lviv.ua/ojs/index.php/MBSSS/oai,2024-11-29T21:05:15.086899,1,,
http://vinnytsia-museum.in.ua/branches/memorial-compex,2024-11-29T21:05:15.294828,1,,
https://philology.knu.ua/,2024-11-29T21:05:15.453148,0,,
http://iitlt.gov.ua/,2024-11-29T21:05:15.810775,1,,
http://volodymyrmuseum.com/,2024-11-29T21:05:15.906517,1,,
http://jvestnik-politology.donnu.edu.ua/oai,2024-11-29T21:05:15.948257,1,,
https://visnyk-irpin.com.ua/,2024-11-29T21:05:16.068378,1,,
http://maup.dp.ua/,2024-11-29T21:05:16.398561,1,,
http://pgasa.dp.ua/,2024-11-29T21:05:16.402007,0,,
http://volyn-kray-mus.at.ua/,2024-11-29T21:05:16.416289,1,,
http://www.atngu.dp.ua/,2024-11-29T21:05:16.686062,1,,
http://www.aqua-kiev.info,2024-11-29T21:05:16.757606,1,,
https://audio.ipri.kiev.ua/,2024-11-29T21:05:16.945129,0,,
http://www.donnaba.edu.ua/,2024-11-29T21:05:17.173608,1,,
http://umsf.dp.ua/,2024-11-29T21:05:18.162786,1,,
http://vifbs.in.ua/,2024-11-29T21:05:18.330960,1,,
https://dumka.philosophy.ua,2024-11-29T21:05:18.392915,1,,
https://uamoderna.com,2024-11-29T21:05:18.729595,1,,
http://vasilkov.info/index.php?go=Files&in=cat&id=12,2024-11-29T21:05:19.172640,1,,
http://press.ucu.edu.ua/,2024-11-29T21:05:19.366913,1,,
https://diasporiana.org.ua/category/folklor/,2024-11-29T21:05:19.444176,1,,
http://www.dgma.donetsk.ua/,2024-11-29T21:05:19.471833,1,,
http://escriptorium.univer.kharkov.ua/,2024-11-29T21:05:19.510854,1,,
http://dsum.edu.ua/,2024-11-29T21:05:19.811798,0,,
http://www.adidonntu.ru/,2024-11-29T21:05:20.218504,1,,
http://uajcea.pgasa.dp.ua/,2024-11-29T21:05:20.314439,0,,
http://www.donnu.edu.ua/en/,2024-11-29T21:05:20.328869,1,,
http://www.collegium.kharkov.ua/,2024-11-29T21:05:20.465437,1,,
http://medlib.bsmu.edu.ua/,2024-11-29T21:05:20.487089,0,,
http://escriptorium.univer.kharkov.ua/handle/1237075002/3,2024-11-29T21:05:20.828564,0,,
http://mdu.in.ua/,2024-11-29T21:05:20.913836,1,,
http://www.artmuseum.ks.ua/,2024-11-29T21:05:20.977371,1,,
http://www.bkm.zp.ua/msh-index.html,2024-11-29T21:05:21.276912,1,,
http://www.getman-museum.kiev.ua/,2024-11-29T21:05:21.509805,0,,
http://www.vpu3.cv.ua/,2024-11-29T21:05:21.556855,1,,
http://escriptorium.univer.kharkov.ua/handle/1237075002/4,2024-11-29T21:05:21.627168,0,,
http://dat-dn.ru/,2024-11-29T21:05:21.714594,1,,
http://www.vtei.com.ua/,2024-11-29T21:05:21.745888,1,,
https://ptu8.cv.ua/,2024-11-29T21:05:21.911716,1,,
https://zu.edu.ua/,2024-11-29T21:05:22.047776,1,,
http://www.history.odessa.ua/,2024-11-29T21:05:22.130692,1,,
https://cineast.com.ua/,2024-11-29T21:05:22.207608,1,,
https://www.newroute.org.ua/,2024-11-29T21:05:22.375618,1,,
https://ztu.edu.ua/,2024-11-29T21:05:22.507451,1,,
http://www.ifkm.if.ua/index.html,2024-11-29T21:05:22.588056,1,,
http://vmurol.zt.ua/,2024-11-29T21:05:22.724661,0,,
https://diasporiana.org.ua/?s=music,2024-11-29T21:05:22.824640,1,,
http://tnv-econom.ksauniv.ks.ua/,2024-11-29T21:05:22.939420,1,,
http://www.zhim.org.ua/,2024-11-29T21:05:23.042917,1,,
http://escriptorium.univer.kharkov.ua/handle/1237075002/6,2024-11-29T21:05:23.151325,0,,
http://biblioteka-turgeneva.edu.kh.ua/,2024-11-29T21:05:23.308426,0,,
http://uamedia.visti.net,2024-11-29T21:05:23.429967,1,,
http://biblioteka.uz.ua/,2024-11-29T21:05:23.461282,1,,
http://zsmu.edu.ua/,2024-11-29T21:05:23.739297,1,,
http://grynyov.art/,2024-11-29T21:05:23.763551,1,,
http://book-house.org,2024-11-29T21:05:24.068352,1,,
http://cvpur.cv.ua/,2024-11-29T21:05:24.233964,1,,
http://chic.cv.ua/,2024-11-29T21:05:24.432581,1,,
http://www.tsatu.edu.ua/,2024-11-29T21:05:25.336156,1,,
http://www.nsiverskyi-cbs.edukit.cn.ua/pro_biblioteku/istorichna_dovidka/,2024-11-29T21:05:25.539491,1,,
https://www.zieit.edu.ua/,2024-11-29T21:05:25.551155,1,,
http://www.mdt.org.ua/,2024-11-29T21:05:25.588759,1,,
http://museumparkhomivka.org.ua/,2024-11-29T21:05:25.614158,0,,
http://designcollege.cv.ua/,2024-11-29T21:05:25.745923,1,,
https://feldman-ecopark.com/,2024-11-29T21:05:25.820148,1,,
https://diasporiana.org.ua/?s=%D0%BC%D1%83%D0%B7%D0%B8%D0%BA%D0%B0,2024-11-29T21:05:25.846645,1,,
http://mskifa.narod.ru/rvsp.html,2024-11-29T21:05:25.917619,1,,
https://odma.edu.ua/biblioteka/elektronni-resursy/,2024-11-29T21:05:25.992225,0,,
http://www.dnsgb.com.ua/,2024-11-29T21:05:26.132423,1,,
http://e-u.in.ua/ua/,2024-11-29T21:05:26.152051,1,,
http://college.cv.ua,2024-11-29T21:05:26.278407,1,,
https://knmau.com.ua/nauka/napryami-naukovoyi-diyalnosti/,2024-11-29T21:05:26.550658,1,,
https://piryatin-museum.at.ua/,2024-11-29T21:05:26.559696,1,,
http://bukovinchiki.cv.ua/,2024-11-29T21:05:26.580109,1,,
https://ujew.com.ua/objects/sumskaya-oblast/gluxov/muzej-istorii-evreev-gluhovshiny0,2024-11-29T21:05:26.593353,0,,
https://odma.edu.ua/biblioteka/vystavky/vystavky-vyznachnyh-muzychnyh-dat-i-podij/,2024-11-29T21:05:26.694814,0,,
http://nau.edu.ua/,2024-11-29T21:05:26.704208,1,,
http://www.bsmu.edu.ua/,2024-11-29T21:05:27.102417,1,,
http://bancheny-mon.church.ua,2024-11-29T21:05:27.347544,1,,
https://voronavia.at.ua/,2024-11-29T21:05:27.366352,1,,
http://bazar.nikolaev.ua,2024-11-29T21:05:27.384524,1,,
https://ssu.gov.ua/haluzevyi-derzhavnyi-arkhiv,2024-11-29T21:05:27.824857,1,,
http://www.karpenkokarymuseum.kr.ua/,2024-11-29T21:05:28.029403,1,,
https://karpaty.rocks/region/ivano-frankivska-oblast/dolynskyy-rayon/bolehiv/muzey-nataliyi-kobrynskoyi-filial-muzeyu-im-rskvoriya,2024-11-29T21:05:28.106676,1,,
https://drumspace.com.ua/,2024-11-29T21:05:28.306801,1,,
https://mistomariupol.com.ua/uk/muzej-narodnogo-pobutu/,2024-11-29T21:05:28.563100,1,,
http://www.bukuniver.edu.ua/,2024-11-29T21:05:28.727352,1,,
http://chtdum.if.ua/,2024-11-29T21:05:28.734918,1,,
https://ocnt.com.ua/,2024-11-29T21:05:29.035707,1,,
http://chtei-knteu.cv.ua/ua/index/,2024-11-29T21:05:29.057626,1,,
http://librozh.at.ua/,2024-11-29T21:05:29.060346,1,,
http://escriptorium.univer.kharkov.ua/handle/1237075002/7,2024-11-29T21:05:29.310849,0,,
http://monada.cv.ua/,2024-11-29T21:05:29.340115,1,,
https://chocentum.com.ua/,2024-11-29T21:05:29.340864,1,,
https://periscope.com.ua/vdohnovenie/memorialnyy-muzey-im-op-dovzhenko,2024-11-29T21:05:29.416351,1,,
https://nachasi.com/creative/2017/05/16/stanytsya-luganska/,2024-11-29T21:05:29.720804,1,,
https://libsumy.com/,2024-11-29T21:05:29.971699,1,,
http://cnttum.rv.ua/,2024-11-29T21:05:29.975450,1,,
http://vuan.nibu.kyiv.ua/,2024-11-29T21:05:30.530583,1,,
http://budcolege.cv.ua/,2024-11-29T21:05:30.589685,1,,
http://www.nashekolo.org.ua/nk/kolo_i_navko/navkolo_podi/,2024-11-29T21:05:30.671901,1,,
http://escriptorium.univer.kharkov.ua/handle/1237075002/8,2024-11-29T21:05:30.811353,0,,
https://volyn.archives.gov.ua/,2024-11-29T21:05:30.817609,1,,
http://polytech.cv.ua/,2024-11-29T21:05:30.942862,1,,
https://www.karpaty.info/ua/uk/te/to/bila/museums/music/,2024-11-29T21:05:31.048481,1,,
http://chdkt.cv.ua/,2024-11-29T21:05:31.374135,1,,
https://kult.km.ua/Muzey-studIya-fotomistetstva,2024-11-29T21:05:31.426026,1,,
http://busha.com.ua/,2024-11-29T21:05:31.531728,1,,
http://www.nvimu.com.ua/,2024-11-29T21:05:31.661308,1,,
http://uapostalmuseum.org,2024-11-29T21:05:31.847500,1,,
http://sedovo.at.ua/,2024-11-29T21:05:31.930674,1,,
http://escriptorium.univer.kharkov.ua/handle/1237075002/9,2024-11-29T21:05:32.385709,0,,
http://library.mlt.gov.ua/,2024-11-29T21:05:32.408022,1,,
http://shakhtar.com/,2024-11-29T21:05:32.485207,1,,
http://www.stonegrave.org/,2024-11-29T21:05:32.861360,0,,
http://vysotsky-gallery.org,2024-11-29T21:05:32.971831,1,,
https://kulturaxm.wordpress.com/,2024-11-29T21:05:33.377957,1,,
https://kld-gromada.gov.ua/biblioteki-1581329932/,2024-11-29T21:05:33.588460,1,,
http://escriptorium.univer.kharkov.ua/handle/1237075002/4284,2024-11-29T21:05:33.707077,0,,
http://www.ivasyuk.org.ua/books.php?lang=uk&id=putivnyk_po_muzeyu-2004,2024-11-29T21:05:33.812359,1,,
http://nbuv.gov.ua/j-tit/at,2024-11-29T21:05:33.920090,0,,
http://steppe.mk.ua/,2024-11-29T21:05:34.169304,0,,
http://library.meduniv.lviv.ua/,2024-11-29T21:05:34.173933,1,,
http://artmuz.cv.ua/,2024-11-29T21:05:34.240559,1,,
https://blk.edu.ua/,2024-11-29T21:05:34.487265,1,,
http://library.chersonesos.org/showsection.php?section_code=6,2024-11-29T21:05:34.502092,1,,
https://babynyar.org/ua,2024-11-29T21:05:34.614995,1,,
http://kultura.km.ua/,2024-11-29T21:05:34.652352,1,,
http://melitopol-museum.zp.ua/,2024-11-29T21:05:35.282911,1,,
http://dubrlibr.rv.ua/,2024-11-29T21:05:35.292338,1,,
http://escriptorium.univer.kharkov.ua/handle/1237075002/4066,2024-11-29T21:05:35.360679,0,,
https://irp.te.ua,2024-11-29T21:05:35.700608,1,,
http://escriptorium.univer.kharkov.ua/handle/1237075002/9753,2024-11-29T21:05:36.124662,0,,
http://biblio.uad.lviv.ua/,2024-11-29T21:05:36.357913,1,,
http://blazejowskyj.com,2024-11-29T21:05:36.539397,1,,
https://moksop.org/en/,2024-11-29T21:05:36.760076,1,,
http://library.chersonesos.org/showsection.php?section_code=9,2024-11-29T21:05:36.880604,1,,
https://afdnipro.com.ua/,2024-11-29T21:05:36.971658,1,,
http://library.chersonesos.org/showsection.php?section_code=7,2024-11-29T21:05:37.002923,1,,
http://eejpl.vnu.edu.ua,2024-11-29T21:05:37.056809,1,,
http://library.chersonesos.org/showsection.php?section_code=3,2024-11-29T21:05:37.132959,1,,
http://teatr-romans.com.ua,2024-11-29T21:05:37.143653,1,,
https://www.pharmencyclopedia.com.ua/article/5576/muzej-apteka-yevpatoriya,2024-11-29T21:05:37.259245,1,,
http://escriptorium.univer.kharkov.ua/handle/1237075002/958,2024-11-29T21:05:37.279670,0,,
http://library.chersonesos.org/showsection.php?section_code=8,2024-11-29T21:05:37.312933,1,,
http://library.chersonesos.org/showsection.php?section_code=4,2024-11-29T21:05:37.504339,1,,
http://pechersklibss.kiev.ua/,2024-11-29T21:05:37.741798,1,,
http://escriptorium.univer.kharkov.ua/handle/1237075002/1281,2024-11-29T21:05:38.072846,0,,
https://drohobych-museum.com/photogallery/,2024-11-29T21:05:38.593701,1,,
https://jewishheritageguide.net/,2024-11-29T21:05:38.930635,1,,
http://www.visnyk.soc.univ.kiev.ua/,2024-11-29T21:05:39.200946,0,,
http://protecting-memory-ua.org/,2024-11-29T21:05:39.266841,1,,
http://dspace.bsmu.edu.ua:8080/xmlui/,2024-11-29T21:05:40.034255,0,,
http://drc.usask.ca/projects/pcuh/transformation/eng,2024-11-29T21:05:40.070776,1,,
http://www.rusdram.com.ua/ > https://lesyatheatre.com.ua/,2024-11-29T21:05:40.087900,0,,
http://eprints.kname.edu.ua/,2024-11-29T21:05:40.256407,1,,
https://risu.ua/,2024-11-29T21:05:40.337384,1,,
https://irpen.net.ua/,2024-11-29T21:05:40.348334,1,,
http://ekhsuir.kspu.edu/,2024-11-29T21:05:40.637849,1,,
https://korsunzapovidnyk.com.ua,2024-11-29T21:05:40.920062,1,,
http://dspace.lvduvs.edu.ua,2024-11-29T21:05:41.213440,1,,
http://repo.dma.dp.ua/,2024-11-29T21:05:41.566594,1,,
http://librasakohertz.ucoz.ru/,2024-11-29T21:05:41.642175,1,,
http://zapovidnyk.org.ua/,2024-11-29T21:05:41.732487,1,,
https://lycei1museum.at.ua/,2024-11-29T21:05:41.754028,1,,
http://lplaces.com/ua,2024-11-29T21:05:42.059741,1,,
https://cmbcbschernivci.wordpress.com/,2024-11-29T21:05:42.083732,1,,
http://nsku.ck.ua/,2024-11-29T21:05:42.180223,1,,
http://www.sokolov.odessa.ua/,2024-11-29T21:05:42.485581,1,,
https://slovnyk.ua/,2024-11-29T21:05:42.666325,1,,
https://goroh.pp.ua/,2024-11-29T21:05:42.822793,1,,
https://desnabib.kiev.ua/index.php?option=com_content&view=article&id=1172&Itemid=332,2024-11-29T21:05:43.309973,0,,
http://sum.in.ua/,2024-11-29T21:05:43.389105,1,,
https://verkhovyna.life/franko,2024-11-29T21:05:43.428621,1,,
https://pravo.biz.ua/,2024-11-29T21:05:43.464945,0,,
http://chytanka.com.ua/,2024-11-29T21:05:43.663292,1,,
https://vkruglov2013.wixsite.com/livepripyat,2024-11-29T21:05:43.672285,1,,
http://www.myvin.com.ua/ua/news/useful/53572.html; https://sites.google.com/view/babyni-yary-vinnychchyny/%D0%B2%D1%96%D0%BD%D0%BD%D0%B8%D1%86%D1%8C%D0%BA%D0%B5-%D0%BE%D0%B1%D0%BB%D0%B0%D1%81%D0%BD%D0%B5-%D1%82%D0%BE%D0%B2%D0%B0%D1%80%D0%B8%D1%81%D1%82%D0%B2%D0%BE-%D1%94%D0%B2%D1%80%D0%B5%D0%B9%D1%81%D1%8C%D0%BA%D0%BE%D1%97-%D0%BC%D0%BE%D0%B2%D0%B8-%D1%82%D0%B0-%D0%BA%D1%83%D0%BB%D1%8C%D1%82%D1%83%D1%80%D0%B8,2024-11-29T21:05:43.750708,1,,
https://ic-chernobyl.kiev.ua/,2024-11-29T21:05:43.941113,1,,
http://berdichev.org/,2024-11-29T21:05:44.062492,1,,
https://chernobylpeople.ucoz.ua/,2024-11-29T21:05:44.321718,1,,
http://nphj.nuph.edu.ua/,2024-11-29T21:05:44.404909,1,,
https://pripyat-info.at.ua/,2024-11-29T21:05:44.786052,1,,
https://seedsandroots.net/category/biblioteka/,2024-11-29T21:05:44.837505,1,,
https://www.chernobyl.one/,2024-11-29T21:05:44.904321,1,,
https://www.nochildrenstories.com,2024-11-29T21:05:45.087893,1,,
http://nppd.com.ua/,2024-11-29T21:05:45.140458,1,,
http://younglibzp.com.ua/,2024-11-29T21:05:45.423165,1,,
https://islam-zp.info/,2024-11-29T21:05:45.449483,0,,
http://sb-keip.kpi.ua/,2024-11-29T21:05:47.075265,1,,
https://sport.vnu.edu.ua/,2024-11-29T21:05:47.575385,1,,
http://jems.sciview.net/,2024-11-29T21:05:47.711473,1,,
http://zbmk.zp.ua/,2024-11-29T21:05:47.724891,1,,
https://e-medjournal.com/,2024-11-29T21:05:47.867195,1,,
http://culture.suspilne.media/,2024-11-29T21:05:47.909419,0,,
https://www.trypillia.com/,2024-11-29T21:05:48.135509,1,,
http://kyivstones.org,2024-11-29T21:05:48.224058,1,,
http://zbs.com.ua/,2024-11-29T21:05:48.417227,1,,
http://visnyk.nuwm.edu.ua/,2024-11-29T21:05:48.776656,1,,
http://epkznu.com/,2024-11-29T21:05:48.785233,1,,
http://www.hst-journal.com,2024-11-29T21:05:48.964556,1,,
http://www.langs.com.ua/,2024-11-29T21:05:49.484510,1,,
http://zoomus.lviv.ua/,2024-11-29T21:05:49.669307,1,,
https://ukrmanuscript.com/en,2024-11-29T21:05:50.099917,1,,
https://kpi.dcvisu.com,2024-11-29T21:05:50.884527,1,,
http://boyarka-sch4-bibl.edukit.kiev.ua,2024-11-29T21:05:50.963418,1,,
https://biblioteka.od.ua/,2024-11-29T21:05:51.117701,1,,
"http://ejournal.diit.edu.ua:81/ojs/index.php/AVFD, http://ampr.diit.edu.ua/, http://ejournal.diit.edu.ua:81/ojs/index.php/AVFD, http://ampr.diit.edu.ua/",2024-11-29T21:05:51.140005,0,,
https://biblioigroteka.jimdofree.com/,2024-11-29T21:05:51.347639,1,,
http://lduvs.edu.ua,2024-11-29T21:05:51.799270,0,,
https://mm.terebovlia.info/,2024-11-29T21:05:51.799787,1,,
http://www.bar-library.com/,2024-11-29T21:05:52.102259,1,,
https://pk.khnnra.edu.ua/,2024-11-29T21:05:52.486341,1,,
http://borzna-crb.edukit.cn.ua/,2024-11-29T21:05:52.619601,1,,
http://melitopol.islam.ua/,2024-11-29T21:05:53.193216,1,,
http://homezoo.com.ua/,2024-11-29T21:05:53.229237,0,,
https://www.dahmo.gov.ua/,2024-11-29T21:05:53.230565,1,,
https://mkip.gov.ua/,2024-11-29T21:05:53.294669,1,,
https://kyivmural.com/,2024-11-29T21:05:53.304287,1,,
https://rozmova.wordpress.com/,2024-11-29T21:05:53.415670,1,,
https://svumik.sumy.ua,2024-11-29T21:05:53.475902,1,,
http://cbs.km.ua/,2024-11-29T21:05:53.525425,1,,
https://lib.kr.ua/,2024-11-29T21:05:53.688263,1,,
https://ukrarchipedia.com/,2024-11-29T21:05:53.694404,1,,
http://dnipro.univ.kiev.ua/,2024-11-29T21:05:53.697984,0,,
"http://hdauinp.org.ua/index.php/en/
http://hdauinp.org.ua/index.php/ua/",2024-11-29T21:05:53.724666,1,,
https://verkhovyna.life,2024-11-29T21:05:53.810751,1,,
http://www.oreya.org/,2024-11-29T21:05:53.876064,1,,
http://cbs.ucoz.ua/,2024-11-29T21:05:53.930383,1,,
https://nuau1938.wixsite.com/nuau/home,2024-11-29T21:05:53.980153,1,,
http://chemistry.dnu.dp.ua/,2024-11-29T21:05:54.002260,1,,
https://www.opera-ballet.com.ua/,2024-11-29T21:05:54.093427,1,,
http://nbuv.gov.ua/j-tit/as,2024-11-29T21:05:54.106059,0,,
http://cdago.gov.ua/index.php?option=com_content&view=article&id=39&Itemid=24,2024-11-29T21:05:54.131492,0,,
http://ojs.kgpa.km.ua/,2024-11-29T21:05:54.313878,1,,
https://www.tmf-museum.com/,2024-11-29T21:05:54.377336,1,,
http://cbsbook.com.ua/,2024-11-29T21:05:54.463429,1,,
https://ujvas.com.ua/,2024-11-29T21:05:54.539773,1,,
http://www.chornobylmuseum.kiev.ua/index.php?lang=en,2024-11-29T21:05:54.594621,0,,
https://www.museumsun.org/,2024-11-29T21:05:54.648731,1,,
https://nashe.com.ua/,2024-11-29T21:05:54.707522,1,,
http://www.kolochava.com/Museum/Stare-Selo,2024-11-29T21:05:54.750603,1,,
https://www.museum-ukraine.info,2024-11-29T21:05:54.875768,1,,
https://st-sophia.org.ua/,2024-11-29T21:05:55.010535,1,,
http://theschoolofkyiv.org/,2024-11-29T21:05:55.022185,1,,
http://dic.com.ua/,2024-11-29T21:05:55.060165,1,,
http://pharmed.zsmu.edu.ua,2024-11-29T21:05:55.234884,1,,
https://donbassopera.ru/,2024-11-29T21:05:55.252599,1,,
http://www.etno-galushkivka.com.ua/,2024-11-29T21:05:55.287953,1,,
https://icca.kiev.ua/,2024-11-29T21:05:55.423113,1,,
https://vufku.org/,2024-11-29T21:05:55.578643,1,,
http://verim.dp.ua/,2024-11-29T21:05:55.720831,1,,
https://ukrclassic.com.ua/,2024-11-29T21:05:55.979488,1,,
https://knmau.com.ua/,2024-11-29T21:05:56.126870,1,,
https://korabelniy.wordpress.com/,2024-11-29T21:05:56.479032,1,,
https://delibfive.wordpress.com/,2024-11-29T21:05:56.569543,1,,
http://cgntb.dp.ua/,2024-11-29T21:05:56.625072,1,,
https://dnipro.islam.ua/,2024-11-29T21:05:56.653344,1,,
https://judaica.kiev.ua/,2024-11-29T21:05:56.667396,0,,
http://www.archangel.kiev.ua/,2024-11-29T21:05:56.779321,1,,
http://pat.zsmu.edu.ua,2024-11-29T21:05:56.878184,1,,
http://litopys.org.ua/,2024-11-29T21:05:56.911984,1,,
http://palac.dp.ua/,2024-11-29T21:05:56.918550,1,,
http://kachanivka.in.ua/,2024-11-29T21:05:57.013828,1,,
https://mkrada.gov.ua/content/kulturni-zakladi.html,2024-11-29T21:05:57.032160,1,,
http://kolochava.com/ua/selo-10-muzeiv/kolochavska-vyzkokolejka.html,2024-11-29T21:05:57.127663,1,,
http://medlib.dp.gov.ua,2024-11-29T21:05:57.128239,0,,
http://chm.onu.edu.ua,2024-11-29T21:05:57.303094,1,,
http://dem-libr.at.ua/,2024-11-29T21:05:57.303645,1,,
http://krolevets.com/museum.php,2024-11-29T21:05:57.335668,1,,
https://www.palace.dp.ua/,2024-11-29T21:05:57.416079,1,,
http://zmj.zsmu.edu.ua,2024-11-29T21:05:57.952181,1,,
http://medlib.lviv.pro/,2024-11-29T21:05:57.959723,1,,
"http://visnyk-mmi.kpi.ua, http://journal.mmi.kpi.ua/old, http://visnyk-mmi.kpi.ua, http://journal.mmi.kpi.ua/old",2024-11-29T21:05:57.996876,0,,
http://ocls.kyivlibs.org.ua/pushkin/golovna_pushkin.htm,2024-11-29T21:05:58.119534,1,,
http://krtmuseum.ru/,2024-11-29T21:05:58.149780,1,,
https://chytomo.com/,2024-11-29T21:05:58.175491,1,,
http://dnpb.gov.ua/,2024-11-29T21:05:58.216761,1,,
https://mfkti.mk.ua/,2024-11-29T21:05:58.278160,1,,
https://dof.myart.org.ua/,2024-11-29T21:05:58.533599,1,,
http://ostrovskogo.com.ua/,2024-11-29T21:05:58.542085,1,,
http://csic.com.ua/en/about-the-journal,2024-11-29T21:05:58.746209,1,,
https://journal.ivinas.gov.ua,2024-11-29T21:05:58.788270,1,,
https://knute.edu.ua/,2024-11-29T21:05:58.814061,1,,
http://kyivhistorymuseum.org/,2024-11-29T21:05:58.899149,1,,
http://likbez.org.ua/ua/,2024-11-29T21:05:58.922646,1,,
https://journal.cndiovt.com.ua/index.php/ovt/issue/archive,2024-11-29T21:05:59.054421,1,,
http://zoo.nikolaev.ua/,2024-11-29T21:05:59.064731,1,,
http://joseph.org.ua/,2024-11-29T21:05:59.089888,0,,
http://oralhistory.org.ua/,2024-11-29T21:05:59.111887,1,,
http://dpc.edu.ua/,2024-11-29T21:05:59.259860,1,,
http://www.eparhia.mk.ua/,2024-11-29T21:05:59.286195,1,,
http://petropanchlibrary.moyblog.net/,2024-11-29T21:05:59.527873,0,,
http://dtkddtu.dp.ua/,2024-11-29T21:05:59.528288,1,,
https://cultura.mkrada.gov.ua/,2024-11-29T21:05:59.611686,1,,
http://vpbm.com.ua/,2024-11-29T21:05:59.699695,1,,
http://www.college-business.dp.ua/,2024-11-29T21:05:59.904245,1,,
http://vislib.onu.edu.ua/,2024-11-29T21:06:00.013771,1,,
http://niazkamenec.org.ua,2024-11-29T21:06:00.063583,1,,
http://nkddau.dp.ua/,2024-11-29T21:06:00.103438,1,,
http://web.kpi.kharkov.ua/museum/,2024-11-29T21:06:00.176592,1,,
http://www.buzkiy-gard.org/,2024-11-29T21:06:00.271880,1,,
http://nkkep.com/,2024-11-29T21:06:00.297588,1,,
https://cn.archives.gov.ua/,2024-11-29T21:06:00.321975,1,,
http://music-school12.edu.kh.ua,2024-11-29T21:06:00.373399,1,,
http://www.neu.edu.ua/,2024-11-29T21:06:00.459014,1,,
https://chnpp.gov.ua/,2024-11-29T21:06:00.561336,1,,
http://ojs.tdmu.edu.ua/index.php/visnyk-nauk-dos,2024-11-29T21:06:00.565725,1,,
http://pyriatyn-crb.edu.poltava.ua/,2024-11-29T21:06:00.703226,1,,
http://ua.appsyjournal.com/,2024-11-29T21:06:00.719391,1,,
https://skadovsk.delfinarium.com.ua/,2024-11-29T21:06:00.725612,0,,
http://1986.org.ua/,2024-11-29T21:06:00.797043,1,,
http://yu.mk.ua/show/kultura,2024-11-29T21:06:00.911527,1,,
http://sgiaz.uamuseum.com,2024-11-29T21:06:00.936410,1,,
http://rivnelibr.rv.ua/,2024-11-29T21:06:00.973697,1,,
http://www.reabit.org.ua/nbr/,2024-11-29T21:06:01.042540,1,,
https://lanvjets-ka-tsbs.webnode.com.ua/,2024-11-29T21:06:01.158338,1,,
http://libraryskad.blogspot.com/,2024-11-29T21:06:01.228719,1,,
http://ichistory.org.ua/,2024-11-29T21:06:01.379898,1,,
http://babylibrarivolodymyrec.org.ua/,2024-11-29T21:06:01.544146,1,,
https://knmu.edu.ua/golovna/pro-nas/muzej-istoriyi/,2024-11-29T21:06:01.608019,1,,
https://cultua.org/,2024-11-29T21:06:01.645170,0,,
http://plaw.nlu.edu.ua,2024-11-29T21:06:01.817224,1,,
http://dobm.dp.ua/,2024-11-29T21:06:01.924369,1,,
https://khai.edu/ua/,2024-11-29T21:06:01.926292,1,,
http://library.khpg.org/,2024-11-29T21:06:01.964093,1,,
https://voz.gov.ua/muzeyi.html,2024-11-29T21:06:02.328329,1,,
https://cityface.karazin.ua/,2024-11-29T21:06:02.335643,1,,
http://ojs.tdmu.edu.ua/index.php/act-pit-pediatr,2024-11-29T21:06:02.559973,1,,
http://rdobd.com.ua,2024-11-29T21:06:02.596987,1,,
https://voz.gov.ua/shkoli-estetichnogo-vihovannya.html,2024-11-29T21:06:02.689226,1,,
https://museum.zp.ua/,2024-11-29T21:06:02.700534,1,,
http://painmedicine.org.ua,2024-11-29T21:06:02.775274,1,,
https://detskayadoroga-zp.jimdofree.com/,2024-11-29T21:06:02.921271,1,,
https://19111988.jimdofree.com,2024-11-29T21:06:02.922873,1,,
https://voz.gov.ua/kz-mskiy-budinok-kulturi.html,2024-11-29T21:06:03.051628,1,,
http://heraldchem.onu.edu.ua/,2024-11-29T21:06:03.059962,1,,
https://sodb.sumy.ua/,2024-11-29T21:06:03.136850,1,,
https://sofievka.org/,2024-11-29T21:06:03.185769,1,,
http://medicine.dp.ua,2024-11-29T21:06:03.256869,1,,
http://ecology.dp.ua/index.php/eco,2024-11-29T21:06:03.452966,1,,
http://rerixlib.blogspot.com/,2024-11-29T21:06:03.461025,1,,
http://zfs-journal.uzhnu.uz.ua,2024-11-29T21:06:03.487230,1,,
http://library.uipa.edu.ua/,2024-11-29T21:06:03.593419,1,,
http://wiz-art.ua/festival/,2024-11-29T21:06:03.705695,1,,
https://chersonesos-sev.ru/,2024-11-29T21:06:03.727183,1,,
http://grani.org.ua,2024-11-29T21:06:03.798802,1,,
"http://radap.kpi.ua/radiotechnique, http://radap.kpi.ua/, http://radap.kpi.ua/radiotechnique, http://radap.kpi.ua/",2024-11-29T21:06:03.817268,1,,
http://feldmanmuseum.org/,2024-11-29T21:06:04.041487,1,,
http://www.kharkov.ua/culture/architec.htm,2024-11-29T21:06:04.060827,1,,
https://museum.mandarinclubhouse.com.ua/,2024-11-29T21:06:04.081110,0,,
https://aiffua.com/,2024-11-29T21:06:04.085002,1,,
https://aptekanarodmed.com.ua/,2024-11-29T21:06:04.230346,1,,
http://saxalin.com.ua/,2024-11-29T21:06:04.287234,0,,
http://belosvyat.com.ua/,2024-11-29T21:06:04.367435,1,,
http://roklibr.at.ua/,2024-11-29T21:06:04.519769,1,,
http://www.hansaray.crimea.com/,2024-11-29T21:06:04.576437,1,,
http://mpk.mk.ua/,2024-11-29T21:06:04.676185,1,,
http://ronmb.org.ua/,2024-11-29T21:06:04.689741,1,,
http://dunbibliot.hol.es/,2024-11-29T21:06:04.703176,0,,
http://www.tovtry.com/,2024-11-29T21:06:04.731811,1,,
http://mkkm.edu.ua/,2024-11-29T21:06:04.835684,1,,
http://onu.edu.ua/,2024-11-29T21:06:04.851138,1,,
http://mbk.mk.ua/,2024-11-29T21:06:05.137853,1,,
http://gasprinskylibrary.ru/,2024-11-29T21:06:05.164005,1,,
https://kampod-mbk.at.ua/,2024-11-29T21:06:05.243292,1,,
http://glukhivlibrary.at.ua/,2024-11-29T21:06:05.572794,1,,
http://odk.net.ua/,2024-11-29T21:06:05.708512,1,,
http://teatr-neft.com/ua,2024-11-29T21:06:05.752577,1,,
http://reproduct-endo.com/,2024-11-29T21:06:05.815907,1,,
https://mdkeht.at.ua/,2024-11-29T21:06:05.871138,1,,
https://mfkuk.mk.ua/,2024-11-29T21:06:05.918381,0,,
https://tkc.kh.ua/,2024-11-29T21:06:06.052213,1,,
http://www.ostlibrery.com.ua/,2024-11-29T21:06:06.102644,1,,
http://izcrb.at.ua/,2024-11-29T21:06:06.172911,1,,
http://k-o.cbsdarniza.com.ua/,2024-11-29T21:06:06.204016,0,,
http://shevcbs.kiev.ua/?path=0/2/1757/9432&id=9444,2024-11-29T21:06:06.303175,1,,
https://mim.kiev.ua/en,2024-11-29T21:06:06.365860,1,,
http://k-prcbs2009.webnode.ru/,2024-11-29T21:06:06.370210,1,,
http://slav-library.dn.ua/,2024-11-29T21:06:06.370365,0,,
http://kazatin-lib.org.ua,2024-11-29T21:06:06.508184,1,,
http://balakliya-sun.edu.kh.ua,2024-11-29T21:06:06.517371,1,,
http://khonmb.org.ua,2024-11-29T21:06:06.543042,0,,
https://kinokerch.ru/,2024-11-29T21:06:06.626249,1,,
https://nuernbergerhaus.kharkov.ua/,2024-11-29T21:06:06.747478,1,,
http://www.pidvol-library.org.ua/,2024-11-29T21:06:06.787617,1,,
http://khoyub.com.ua/,2024-11-29T21:06:06.951718,1,,
http://shpark.com.ua/,2024-11-29T21:06:07.047629,1,,
http://oub.com.ua/,2024-11-29T21:06:07.189002,1,,
https://garden-karazin.blogspot.com/,2024-11-29T21:06:07.322636,1,,
http://islamkharkov.org/,2024-11-29T21:06:07.349582,0,,
http://operetta.com.ua/,2024-11-29T21:06:07.392601,1,,
https://nppg.gov.ua/,2024-11-29T21:06:07.492592,1,,
https://lia.lvivcenter.org/uk/objects/lychakiv-cemetery/,2024-11-29T21:06:07.546617,1,,
https://gp.org.ua,2024-11-29T21:06:07.791882,0,,
https://molodyytheatre.com/,2024-11-29T21:06:07.841257,1,,
https://oldnecropolis.wordpress.com/,2024-11-29T21:06:07.921946,1,,
http://www.rukh.team,2024-11-29T21:06:07.971835,1,,
http://planetarium-kharkov.org/,2024-11-29T21:06:08.116519,1,,
http://poshuk-lviv.org.ua,2024-11-29T21:06:08.142873,1,,
http://tea-atr.com/,2024-11-29T21:06:08.385311,1,,
http://design.org.ua,2024-11-29T21:06:08.411047,0,,
http://vinkivci-crb.at.ua/,2024-11-29T21:06:08.441628,1,,
http://ev.fmm.kpi.ua,2024-11-29T21:06:08.476401,1,,
https://arheologia.com.ua/index.php/arheologia,2024-11-29T21:06:08.617507,1,,
http://www.prcb.org.ua/,2024-11-29T21:06:08.746135,0,,
"http://historypages.kpi.ua/, http://history-pages.kpi.ua/, http://historypages.kpi.ua/, http://history-pages.kpi.ua/",2024-11-29T21:06:08.841972,1,,
https://karpatskyi-park.in.ua/,2024-11-29T21:06:09.028233,1,,
http://memorial.kiev.ua/,2024-11-29T21:06:09.145182,1,,
https://1majsk-bibl.ucoz.ru/,2024-11-29T21:06:09.195087,1,,
http://musical-art.knukim.edu.ua/,2024-11-29T21:06:09.227515,1,,
http://www.zapereval.ru/,2024-11-29T21:06:09.230736,0,,
http://www.delcc.donetsk.ua/,2024-11-29T21:06:09.335714,0,,
http://skvyra-artschool.edukit.kiev.ua,2024-11-29T21:06:09.431838,1,,
http://koriukivka-crb.edukit.cn.ua/,2024-11-29T21:06:09.463901,1,,
http://korslib.net/,2024-11-29T21:06:09.487476,0,,
https://children-railway.kharkov.ua/,2024-11-29T21:06:09.751181,1,,
http://donnuet.education/,2024-11-29T21:06:09.986273,1,,
https://museum-painting.dp.ua/,2024-11-29T21:06:10.032734,1,,
http://izmcdb.in.ua/,2024-11-29T21:06:10.079699,1,,
http://phd.znu.edu.ua/,2024-11-29T21:06:10.132188,1,,
http://tismenitsa.if.ua/,2024-11-29T21:06:10.177942,1,,
http://krasylivcrb.at.ua/,2024-11-29T21:06:10.251565,1,,
https://sinod.church.ua/,2024-11-29T21:06:10.293692,1,,
http://library.znu.edu.ua/,2024-11-29T21:06:10.335165,0,,
https://web.znu.edu.ua/NIS/,2024-11-29T21:06:10.439139,0,,
https://scientific-rating.znu.edu.ua,2024-11-29T21:06:10.537395,0,,
http://www.khpg.org,2024-11-29T21:06:10.550703,1,,
http://sites.znu.edu.ua/stud-sci-soc/,2024-11-29T21:06:10.640325,1,,
http://journals.pnu.edu.ua/index.php/aprde,2024-11-29T21:06:10.691156,1,,
http://gurzufmuseum.com/,2024-11-29T21:06:10.715437,1,,
http://www.hi-phi.org.ua,2024-11-29T21:06:10.717464,1,,
http://sites.znu.edu.ua/liberal_edu/,2024-11-29T21:06:10.723694,1,,
https://profcom.znu.edu.ua/,2024-11-29T21:06:10.750087,0,,
http://lib-sed.at.ua/,2024-11-29T21:06:10.818375,1,,
http://sites.znu.edu.ua/vchena-rada/,2024-11-29T21:06:10.838096,1,,
http://eejp.univer.kharkov.ua,2024-11-29T21:06:10.913512,1,,
https://journals.onaft.edu.ua/,2024-11-29T21:06:11.006281,0,,
http://librinfosciences.knukim.edu.ua/,2024-11-29T21:06:11.015227,1,,
https://starbib.wordpress.com/,2024-11-29T21:06:11.050465,1,,
https://donpt.ru/,2024-11-29T21:06:11.055133,1,,
http://childrenbiblioteks.blogspot.com/,2024-11-29T21:06:11.097341,1,,
https://teatrmolodi.com/,2024-11-29T21:06:11.314719,1,,
http://porohy.org/,2024-11-29T21:06:11.341971,0,,
https://www.oldcars.com.ua/,2024-11-29T21:06:11.366921,0,,
"http://e-apsnim.bsmu.edu.ua/, http://apsnim.bsmu.edu.ua/, http://e-apsnim.bsmu.edu.ua/, http://apsnim.bsmu.edu.ua/",2024-11-29T21:06:11.373005,1,,
http://eubam.org,2024-11-29T21:06:11.929897,1,,
http://leninskiy.lg.ua,2024-11-29T21:06:12.002686,0,,
https://pkf.donbass.name/,2024-11-29T21:06:12.248215,1,,
https://petrykivka.dp.ua/c/muzeyi/,2024-11-29T21:06:12.251541,1,,
http://skupka-antikvariata.com.ua/,2024-11-29T21:06:12.584941,1,,
http://slavuta-mvk.info/,2024-11-29T21:06:12.759265,1,,
http://park-podillya.com.ua/,2024-11-29T21:06:12.777929,1,,
http://sit.nuou.org.ua,2024-11-29T21:06:12.811158,1,,
http://lib.dndz.gov.ua/,2024-11-29T21:06:12.899097,1,,
http://www.npp-p.org.ua/,2024-11-29T21:06:12.929122,1,,
http://aspects.org.ua/,2024-11-29T21:06:12.978917,1,,
http://docop.dp.ua/,2024-11-29T21:06:13.016855,1,,
https://www.volynnews.com,2024-11-29T21:06:13.017004,1,,
http://drbm.ru/,2024-11-29T21:06:13.078624,1,,
http://www.library.univ.kiev.ua/eng/title4.php3,2024-11-29T21:06:13.482745,1,,
http://teatrkukol.dp.ua/,2024-11-29T21:06:13.549393,1,,
http://obraz-ua.com.ua/,2024-11-29T21:06:13.572534,0,,
https://teleteatr.com.ua/,2024-11-29T21:06:13.598907,0,,
http://kirgorlib.do.am/,2024-11-29T21:06:13.665494,1,,
http://www.risu.org.ua,2024-11-29T21:06:13.919412,1,,
http://www.ombudsman.kiev.ua,2024-11-29T21:06:14.053111,0,,
http://keddau.dp.ua/,2024-11-29T21:06:14.200172,1,,
http://ae.fl.kpi.ua/,2024-11-29T21:06:14.201613,1,,
http://www.dsum.edu.ua,2024-11-29T21:06:14.678924,0,,
http://parovozy.ucoz.ua/,2024-11-29T21:06:14.689015,1,,
http://phil.duan.edu.ua/index.php/uk,2024-11-29T21:06:14.859708,1,,
https://inc.dp.ua/,2024-11-29T21:06:14.910632,1,,
http://teatr-koleso.kiev.ua/,2024-11-29T21:06:15.190581,1,,
http://dbmk.dp.ua/,2024-11-29T21:06:15.388068,1,,
http://gorlovka-eparhia.com.ua/,2024-11-29T21:06:15.753430,1,,
https://drama-comedy.kiev.ua/,2024-11-29T21:06:15.846674,1,,
http://elc.kpi.ua,2024-11-29T21:06:16.008576,1,,
http://www.lunacharskiy.com/,2024-11-29T21:06:16.009014,1,,
http://pedpsy.duan.edu.ua/,2024-11-29T21:06:16.421599,1,,
http://lozova-ub.kh.sch.in.ua/,2024-11-29T21:06:16.480523,1,,
https://dtrek.dp.ua/,2024-11-29T21:06:16.874529,1,,
https://letrb.jimdofree.com/,2024-11-29T21:06:17.019330,1,,
https://www.kre.dp.ua/,2024-11-29T21:06:17.183038,1,,
https://bibliotekanu.jimdofree.com/,2024-11-29T21:06:17.211028,1,,
https://biblchem.jimdofree.com/,2024-11-29T21:06:17.556489,1,,
http://vivatbiblio.blogspot.com/,2024-11-29T21:06:17.757524,1,,
https://biblioteka-zolota2015.jimdofree.com/,2024-11-29T21:06:17.897718,1,,
https://umanska.jimdofree.com/,2024-11-29T21:06:18.162343,1,,
https://www.oriental-studies.org.ua/,2024-11-29T21:06:18.210937,1,,
http://journal.sops.gov.ua/,2024-11-29T21:06:18.369923,1,,
http://artbiblio.ucoz.org/,2024-11-29T21:06:18.446527,1,,
http://kpmu.km.ua/,2024-11-29T21:06:18.476924,1,,
https://e-medjournal.com,2024-11-29T21:06:18.530138,1,,
https://xapkpdaa.org.ua,2024-11-29T21:06:18.659004,0,,
http://www.krasnoblago.dn.ua/,2024-11-29T21:06:18.808127,1,,
http://vin-rdb.blogspot.com/,2024-11-29T21:06:18.812476,1,,
http://www.kispp.com/,2024-11-29T21:06:18.834048,1,,
http://donmoltheatre.com/,2024-11-29T21:06:18.901694,1,,
http://www.evangelts.org/,2024-11-29T21:06:18.975500,1,,
http://www.litopys.volyn.ua/index.php/litopys/issue/archive,2024-11-29T21:06:19.063735,1,,
http://muk-cdb.blogspot.com/,2024-11-29T21:06:19.230088,1,,
http://culture.if.ua/,2024-11-29T21:06:19.313596,1,,
https://dut5biblioteka.blogspot.com/,2024-11-29T21:06:19.801145,1,,
https://sutbibl.wordpress.com/,2024-11-29T21:06:19.875642,1,,
http://www.pdpu.edu.ua,2024-11-29T21:06:19.968257,1,,
http://eparhia.dp.ua/,2024-11-29T21:06:20.030285,1,,
http://zif.onu.edu.ua/issue/archive,2024-11-29T21:06:20.221195,1,,
http://nppsvyatygory.org.ua/,2024-11-29T21:06:20.395457,1,,
https://zoo.kiev.ua/,2024-11-29T21:06:20.432275,1,,
https://jewish.km.ua/,2024-11-29T21:06:20.492226,0,,
https://nnph.if.ua/,2024-11-29T21:06:20.514897,0,,
http://eparhia-uman.org.ua/,2024-11-29T21:06:20.598829,1,,
http://perdutbibl.blogspot.com/,2024-11-29T21:06:20.687716,1,,
https://goscha-bibl.at.ua/,2024-11-29T21:06:20.723754,1,,
http://bilunbiblioteka.blogspot.com/,2024-11-29T21:06:21.033896,1,,
http://kazkovahatynka.blogspot.com/,2024-11-29T21:06:21.159825,1,,
http://eparhia.od.ua/,2024-11-29T21:06:21.175879,1,,
http://gd-biblioteka.do.am/,2024-11-29T21:06:21.275610,1,,
http://nmedcol.com.ua/,2024-11-29T21:06:21.338116,1,,
http://dilovebiblioteka.blogspot.com/,2024-11-29T21:06:21.511267,1,,
http://www.zmapo.edu.ua,2024-11-29T21:06:21.574472,1,,
http://mp-eparhia.org.ua/,2024-11-29T21:06:21.612626,0,,
http://www.dumkacapella.com.ua/,2024-11-29T21:06:21.628469,1,,
http://www.lp.edu.ua,2024-11-29T21:06:21.666249,1,,
https://hanicki-school.at.ua/,2024-11-29T21:06:21.730034,1,,
http://www.mfa.gov.ua,2024-11-29T21:06:21.774960,1,,
http://www.kadety.org.ua/,2024-11-29T21:06:21.801249,1,,
http://ichurch.com.ua/,2024-11-29T21:06:21.814632,0,,
https://duit.edu.ua/,2024-11-29T21:06:21.940515,1,,
https://alexandria-eparhia.org.ua/,2024-11-29T21:06:21.954424,1,,
https://bcb.org.ua/,2024-11-29T21:06:21.997387,1,,
http://r2u.org.ua,2024-11-29T21:06:22.146881,1,,
http://bibl8zoya.ucoz.ua,2024-11-29T21:06:22.153446,1,,
http://boryspilmuseum.info/,2024-11-29T21:06:22.282999,1,,
http://biblioyar.at.ua/,2024-11-29T21:06:22.338486,1,,
http://zhytomyr-eparchy.org.ua/,2024-11-29T21:06:22.392261,1,,
https://mostyshche-church.org/,2024-11-29T21:06:22.544460,1,,
http://battle-kyiv.org.ua/,2024-11-29T21:06:22.593781,1,,
http://kostulivkabiblioteka.blogspot.com/,2024-11-29T21:06:22.599603,1,,
http://sila-duha.pp.ua/,2024-11-29T21:06:22.611540,0,,
https://pokrovairpin.org.ua/,2024-11-29T21:06:22.841419,1,,
http://tmf-museum.kiev.ua/,2024-11-29T21:06:22.876036,1,,
http://dobr-bib-fil1.ucoz.ua,2024-11-29T21:06:22.884736,1,,
https://www.dumk.org/,2024-11-29T21:06:23.083495,1,,
http://vin-rbk.at.ua/,2024-11-29T21:06:23.140688,1,,
http://librarykazka.blogspot.com/,2024-11-29T21:06:23.154458,1,,
http://retro.zp.ua/,2024-11-29T21:06:23.217614,0,,
http://volod-library.at.ua/,2024-11-29T21:06:23.218446,1,,
http://krymsos.com/en,2024-11-29T21:06:23.263355,1,,
http://journal.mmi.kpi.ua/,2024-11-29T21:06:23.290496,1,,
https://doumck.wordpress.com/,2024-11-29T21:06:23.426460,1,,
https://nuart.com.ua/,2024-11-29T21:06:23.464861,1,,
http://radoshivskasb.at.ua/,2024-11-29T21:06:23.850524,1,,
https://biblioteka-nserogozy.blogspot.com/,2024-11-29T21:06:23.983046,1,,
http://izrdb.at.ua/,2024-11-29T21:06:24.384207,1,,
http://utek.uz.ua/,2024-11-29T21:06:24.503325,1,,
http://www.boryspil-eparchy.org/,2024-11-29T21:06:24.509128,0,,
http://www.mpk.cn.ua/,2024-11-29T21:06:24.706998,1,,
https://spadok.org.ua/,2024-11-29T21:06:24.713599,1,,
http://starobilsk-dytunat-bibl.edukit.lg.ua/Офіційна,2024-11-29T21:06:24.736211,1,,
https://bibliotekaostrovsk.wordpress.com/,2024-11-29T21:06:24.874631,1,,
http://tr-lib.at.ua/,2024-11-29T21:06:24.881864,1,,
http://klubivskasb.at.ua/,2024-11-29T21:06:24.904912,1,,
http://www.teatr.pl.ua/,2024-11-29T21:06:25.214473,1,,
http://plugnenskasb.at.ua/,2024-11-29T21:06:25.295992,1,,
http://pokrova.nezhin.org/,2024-11-29T21:06:25.340363,1,,
http://tsepcevichi-rv.ucoz.com/,2024-11-29T21:06:25.438151,1,,
https://bibliotekavln.wordpress.com/,2024-11-29T21:06:25.463686,1,,
http://vollibr.org.ua/,2024-11-29T21:06:25.650982,1,,
http://volodymirec.libr.rv.ua/,2024-11-29T21:06:25.719225,0,,
http://www-library.univer.kharkov.ua/ukr/,2024-11-29T21:06:25.875179,1,,
http://mklibrary.ucoz.org/,2024-11-29T21:06:25.900090,1,,
http://khrystivska-sb.at.ua/,2024-11-29T21:06:25.966079,1,,
https://college.tim.ua/,2024-11-29T21:06:25.988184,1,,
http://www.4uth.gov.ua/,2024-11-29T21:06:26.009759,1,,
http://www.bibl.kharkiv.ua/,2024-11-29T21:06:26.221751,1,,
https://bilozerkacbs.blogspot.com/,2024-11-29T21:06:26.228646,1,,
https://www.olexkkim.com/,2024-11-29T21:06:26.406675,1,,
http://www.cbs.ho.ua/,2024-11-29T21:06:26.434278,1,,
http://bilivska-sb.ucoz.net/,2024-11-29T21:06:26.614101,1,,
https://chernihivregion.travel/,2024-11-29T21:06:26.823567,1,,
http://www.chl.kiev.ua/,2024-11-29T21:06:27.031571,1,,
http://ripkivska-sb.at.ua/,2024-11-29T21:06:27.105338,1,,
https://biblio-pravo.wixsite.com/biblio-pravo,2024-11-29T21:06:27.389060,1,,
https://mezinpark.com.ua/,2024-11-29T21:06:27.449652,1,,
http://storinkamiukraini.blogspot.com/,2024-11-29T21:06:27.564861,1,,
http://ungvar.vox.com.ua/,2024-11-29T21:06:27.605694,1,,
https://cdut-energodar.wixsite.com/cdut-energodar,2024-11-29T21:06:27.619443,1,,
http://www.chmnu.edu.ua/,2024-11-29T21:06:27.777605,0,,
https://krystynopol.info/,2024-11-29T21:06:27.787529,1,,
http://zamki-kreposti.com.ua/,2024-11-29T21:06:27.839178,1,,
https://bcdutosvitazp.wixsite.com/cdut,2024-11-29T21:06:27.877521,1,,
http://fest-mg.in.ua/,2024-11-29T21:06:27.907134,0,,
http://dovzhenkofilm.com.ua/,2024-11-29T21:06:27.968710,1,,
https://kmcbsf7.wordpress.com/,2024-11-29T21:06:28.030885,1,,
https://limpopo-zoo.com.ua/,2024-11-29T21:06:28.145938,1,,
http://www.kinokiev.com/cinemas/leningrad/,2024-11-29T21:06:28.388020,1,,
http://www.sokal.lviv.ua/halereia-galery.html,2024-11-29T21:06:28.449481,1,,
http://kozelets-cbs.edukit.cn.ua/,2024-11-29T21:06:28.526291,0,,
https://slavuta-mpk.jimdofree.com/,2024-11-29T21:06:28.617587,1,,
http://cbs.poltava.ua/,2024-11-29T21:06:28.698343,1,,
https://multiplex.ua/,2024-11-29T21:06:28.732085,1,,
https://avdvca.gov.ua/index.php?option=com_content&view=category&layout=blog&id=86&Itemid=219,2024-11-29T21:06:28.938808,1,,
http://antracit.glo.ua,2024-11-29T21:06:28.985764,0,,
http://othk.com.ua/,2024-11-29T21:06:29.115711,1,,
http://zolo.gov.ua/istory-chni-pam-yatky-zolotonoshi/,2024-11-29T21:06:29.178449,1,,
http://divosvit.org/,2024-11-29T21:06:29.239010,1,,
http://lib.if.ua,2024-11-29T21:06:29.304206,1,,
http://kinoukraina.zt.ua/,2024-11-29T21:06:29.328172,1,,
https://zabytki.in.ua/,2024-11-29T21:06:29.552698,1,,
http://dytbiblioteka.edukit.kr.ua,2024-11-29T21:06:29.606183,1,,
https://www.roippo.org.ua/,2024-11-29T21:06:29.673612,1,,
https://donyns.e-schools.info/,2024-11-29T21:06:29.796713,1,,
https://ctdu-kiev.com.ua/,2024-11-29T21:06:29.843285,1,,
http://kiaf.com.ua/,2024-11-29T21:06:29.846908,1,,
"https://uesit.org.ua/index.php/itse, https://uesit.org.ua, https://uesit.org.ua/index.php/itse, https://uesit.org.ua, https://uesit.org.ua/index.php/itse, https://uesit.org.ua",2024-11-29T21:06:30.110884,1,,
https://khreschatykchoir.com/,2024-11-29T21:06:30.196506,1,,
http://www.nrcu.gov.ua/en/symphony_orchestra,2024-11-29T21:06:30.377657,1,,
https://rajjsjun.e-schools.info/,2024-11-29T21:06:30.437700,1,,
http://www.kyivclassic.com/,2024-11-29T21:06:30.497665,1,,
https://dkleninalg.su/,2024-11-29T21:06:30.615733,1,,
http://zoopark.rv.ua/,2024-11-29T21:06:30.986753,1,,
https://rbk.cultura.kh.ua/,2024-11-29T21:06:31.055386,1,,
https://denc.e-schools.info/,2024-11-29T21:06:31.060001,1,,
https://dubno.uu.edu.ua/,2024-11-29T21:06:31.209131,1,,
https://npu.edu.ua,2024-11-29T21:06:31.422454,1,,
https://www.tkfk.te.ua/,2024-11-29T21:06:31.449798,1,,
http://orpheus.com.ua/,2024-11-29T21:06:31.607535,1,,
http://www.chornobyl.net/,2024-11-29T21:06:31.635262,1,,
https://donoenc.e-schools.info/,2024-11-29T21:06:31.743368,1,,
http://dtdu.ucoz.ua/,2024-11-29T21:06:31.956793,1,,
http://tmc.te.ua/,2024-11-29T21:06:32.035263,1,,
https://radistdance.com.ua/,2024-11-29T21:06:32.087116,0,,
http://www.rare.univ.kiev.ua/ukr/,2024-11-29T21:06:32.102236,1,,
http://prolisok.org/,2024-11-29T21:06:32.268177,1,,
https://culture.te.gov.ua/,2024-11-29T21:06:32.349692,1,,
https://filarmonia-poltava.org.ua/,2024-11-29T21:06:32.533338,1,,
https://lutsk.uu.edu.ua/,2024-11-29T21:06:32.560457,1,,
http://www.kmk-kovel.in.ua/,2024-11-29T21:06:32.742675,1,,
http://museum-konst.com/,2024-11-29T21:06:33.081032,1,,
http://www.bcmc.kiev.ua/,2024-11-29T21:06:33.252472,1,,
https://religion.in.ua/,2024-11-29T21:06:33.314252,1,,
http://myzei.blogspot.com/,2024-11-29T21:06:33.380772,1,,
https://rivne-city.com/ua/tag-knyazivska-oranzhereya-na-vulici-dragomanova,2024-11-29T21:06:33.556856,1,,
https://locnt.com.ua/,2024-11-29T21:06:33.583971,0,,
https://underhill-park.com.ua/,2024-11-29T21:06:33.599741,1,,
https://centerorfey.wixsite.com//mysite,2024-11-29T21:06:33.615312,1,,
https://www.en.gov.ua/msykiy-palac-kulyturi-suchasnik,2024-11-29T21:06:33.956530,1,,
https://nut.kiev.ua/,2024-11-29T21:06:34.053538,1,,
https://www.frh-europe.org/ivano-frankivsk-tempel-synagogue-30-years-after-its-return-to-the-jewish-community-a-critical-need-to-restore-and-enhance/,2024-11-29T21:06:34.401674,1,,
http://kievhesed.org.ua/,2024-11-29T21:06:34.496333,1,,
http://bkeipr.com/,2024-11-29T21:06:34.634280,1,,
http://lib.nuos.edu.ua/,2024-11-29T21:06:34.638145,1,,
https://artkvadrat.com/,2024-11-29T21:06:34.746893,1,,
http://ua.bykivnya.org/,2024-11-29T21:06:34.771271,0,,
http://lib.pntu.edu.ua/,2024-11-29T21:06:34.915428,1,,
https://www.hudakivillageband.com,2024-11-29T21:06:35.019127,1,,
http://gulgorod.com/,2024-11-29T21:06:35.295901,0,,
https://kiev-stolpnik.org.ua/,2024-11-29T21:06:35.578450,1,,
http://ipag-kiev.org.ua/,2024-11-29T21:06:35.631211,1,,
https://khsms.com/,2024-11-29T21:06:35.729139,0,,
https://lcnttum.wixsite.com/lcnttum,2024-11-29T21:06:35.867379,1,,
http://al.lg.ua/ua/soc_sf/kultura/museums.php,2024-11-29T21:06:36.018779,1,,
https://cvrhm1978.wixsite.com/lisichanskcvrhm,2024-11-29T21:06:36.029903,1,,
https://babayelka.kr.ua/,2024-11-29T21:06:36.295978,1,,
https://sites.google.com/site/severcentrturizma/,2024-11-29T21:06:36.446025,1,,
http://www.cls.ks.ua/,2024-11-29T21:06:36.634024,1,,
https://ksmrus.ru/,2024-11-29T21:06:36.653065,1,,
http://artyomsalt.dn.ua/,2024-11-29T21:06:36.700892,0,,
http://balakliya-cdut.edu.kh.ua,2024-11-29T21:06:36.792400,1,,
https://philharmonic.com.ua/,2024-11-29T21:06:36.922985,1,,
http://garden.gov.ua,2024-11-29T21:06:37.267908,1,,
http://philharmonic.lg.ua/,2024-11-29T21:06:37.471004,1,,
https://eti.edu.ua/,2024-11-29T21:06:37.505462,1,,
http://jinrohcircus.com/,2024-11-29T21:06:37.714469,1,,
http://www.nota.net.ua/,2024-11-29T21:06:37.767181,1,,
https://fclnup.if.ua/,2024-11-29T21:06:37.883574,1,,
https://ukd.edu.ua/,2024-11-29T21:06:38.268497,1,,
http://zoctkum.ucoz.ua/,2024-11-29T21:06:38.539288,1,,
http://royaldanceteam.com.ua/,2024-11-29T21:06:38.596426,0,,
http://askania-nova-zapovidnik.gov.ua/en/,2024-11-29T21:06:38.869646,1,,
https://www.katakomby.pro/en/odessa-catacombs/,2024-11-29T21:06:38.968138,1,,
https://kpk.if.ua/,2024-11-29T21:06:39.044278,1,,
http://www.kkkim.com.ua/,2024-11-29T21:06:39.286068,1,,
http://filarm.vn.ua/,2024-11-29T21:06:39.454283,1,,
https://www.izan.kiev.ua/,2024-11-29T21:06:39.651561,1,,
http://stancia.at.ua/,2024-11-29T21:06:39.846633,1,,
http://xutir-savky.com.ua/,2024-11-29T21:06:39.964085,1,,
http://ojs.akademperiodyka.org.ua/index.php/Zoodiversity/index,2024-11-29T21:06:39.996390,1,,
http://mvk.zp.ua/,2024-11-29T21:06:40.109995,1,,
https://sad.ukr.bio/ua/articles/7513/,2024-11-29T21:06:40.532379,1,,
http://jpl.donnu.edu.ua/,2024-11-29T21:06:40.955072,1,,
https://kray.korolenko.kharkov.com/,2024-11-29T21:06:40.982673,1,,
https://dubno-adm.gov.ua/dubenchaninu/kultura.html,2024-11-29T21:06:41.290532,1,,
https://www.btsau.edu.ua/,2024-11-29T21:06:41.747693,0,,
https://slovoigolos.com/,2024-11-29T21:06:42.004971,1,,
https://pavlogradmrada.dp.gov.ua/news/pavlogradskijj-istoriko-kraevedcheskijj-muzejj.html,2024-11-29T21:06:42.389589,1,,
http://infotech-soccult.knukim.edu.ua/,2024-11-29T21:06:42.499694,1,,
http://www.desnabib.kiev.ua/,2024-11-29T21:06:42.739753,0,,
https://biblio2filia.blogspot.com/,2024-11-29T21:06:42.997101,1,,
http://www.dnabb.org/,2024-11-29T21:06:43.140185,1,,
https://www.directorsguild.org.ua/,2024-11-29T21:06:43.335372,1,,
http://krlibrari.if.ua/,2024-11-29T21:06:43.359529,0,,
http://voskresinnia.eu/,2024-11-29T21:06:43.443218,1,,
http://www.franko.crimea.ua/,2024-11-29T21:06:43.673560,1,,
http://history.franko.lviv.ua/,2024-11-29T21:06:43.761209,0,,
http://www.irbis-nbuv.gov.ua/cgi-bin/irbis_nbuv/cgiirbis_64.exe?Z21ID=&I21DBN=UJRN&P21DBN=UJRN&S21STN=1&S21REF=10&S21FMT=juu_all&C21COM=S&S21CNR=20&S21P01=0&S21P02=0&S21P03=PREF=&S21COLORTERMS=0&S21STR=apvchzu,2024-11-29T21:06:43.761290,0,,
http://ppdut.pl.ua/,2024-11-29T21:06:43.828618,1,,
http://www.kobu.kiev.ua,2024-11-29T21:06:43.928073,1,,
http://www.kuzneclib.in.ua,2024-11-29T21:06:43.968095,0,,
http://brodypk.at.ua/,2024-11-29T21:06:43.983637,1,,
https://lib.iitta.gov.ua/,2024-11-29T21:06:44.036833,1,,
http://libcenter.com,2024-11-29T21:06:44.266346,1,,
http://www.pravoslavya.sumy.ua,2024-11-29T21:06:44.281231,1,,
https://cyt.cv.ua/%d0%bc%d1%83%d0%b7%d0%b5%d0%b9-%d0%b0%d0%b2%d1%96%d0%b0%d1%86%d1%96%d1%97-%d1%82%d0%b0-%d0%ba%d0%be%d1%81%d0%bc%d0%be%d0%bd%d0%b0%d0%b2%d1%82%d0%b8%d0%ba%d0%b8/,2024-11-29T21:06:44.542427,1,,
https://drohobych-museum.com/biblioteka/,2024-11-29T21:06:44.579778,1,,
http://www.pysar.net/,2024-11-29T21:06:44.683730,1,,
https://tsdkffa.archives.gov.ua/,2024-11-29T21:06:44.719705,0,,
http://malankafest.com.ua/,2024-11-29T21:06:44.755403,1,,
https://www.mnp.org.ua/,2024-11-29T21:06:44.969196,0,,
https://kamenyar.info/,2024-11-29T21:06:45.051117,1,,
https://cv.archives.gov.ua/index.html,2024-11-29T21:06:45.083494,1,,
https://dp.archives.gov.ua/,2024-11-29T21:06:45.264364,1,,
https://kremenhistory.org.ua/,2024-11-29T21:06:45.276638,1,,
http://www.laginlib.org.ua/,2024-11-29T21:06:45.296868,1,,
http://klanau.kr.ua/,2024-11-29T21:06:45.638806,1,,
http://www.lib.kherson.ua/,2024-11-29T21:06:45.646939,1,,
http://www.castle-museum.info/,2024-11-29T21:06:45.661934,1,,
http://www.lib.nau.edu.ua,2024-11-29T21:06:46.076791,1,,
http://www.ilnan.gov.ua,2024-11-29T21:06:46.096538,1,,
https://kamenca.net/,2024-11-29T21:06:46.210915,1,,
https://nml.com.ua/en/,2024-11-29T21:06:46.239225,1,,
https://dn.archives.gov.ua/spysok-metrychnyh-knyg/,2024-11-29T21:06:46.357089,1,,
http://kogpa.edu.ua/,2024-11-29T21:06:46.518607,1,,
https://lnulibrary.lviv.ua/,2024-11-29T21:06:46.573473,1,,
http://sumy-sob.church.ua/,2024-11-29T21:06:46.616772,1,,
https://travel.trostyanets.com/,2024-11-29T21:06:46.819261,1,,
https://panteleimon-od.church.ua/,2024-11-29T21:06:47.007115,1,,
http://www.teatr.te.ua/,2024-11-29T21:06:47.161474,1,,
http://ukrainianweek.com,2024-11-29T21:06:47.178432,1,,
http://www.chtyvo.org.ua,2024-11-29T21:06:47.518697,1,,
http://museums.lnu.edu.ua/,2024-11-29T21:06:47.733623,1,,
http://www.lib.onu.edu.ua/,2024-11-29T21:06:47.856271,1,,
https://bokshaymuseum.com.ua/collection/?c=ZH&m=ABCD,2024-11-29T21:06:48.004788,1,,
http://prostir.museum/ua/post/28860,2024-11-29T21:06:48.220166,1,,
https://goldenukr.com.ua/,2024-11-29T21:06:48.377975,1,,
http://www.libr.dp.ua/,2024-11-29T21:06:48.487673,1,,
https://homin.etnoua.info/,2024-11-29T21:06:48.538054,1,,
https://bokshaymuseum.com.ua/collection/?c=G&m=ABCD,2024-11-29T21:06:48.660730,1,,
https://terebotg.in.ua/gostyu/,2024-11-29T21:06:48.680364,1,,
https://bokshaymuseum.com.ua/collection/?c=S&m=ABCD,2024-11-29T21:06:48.818974,1,,
http://www.zoloti-vorota.cc.ua/,2024-11-29T21:06:48.834514,1,,
https://chetum.dp.ua/,2024-11-29T21:06:48.849059,1,,
http://www.library.chnu.edu.ua,2024-11-29T21:06:48.851423,1,,
https://bokshaymuseum.com.ua/collection/?c=DPM&m=ABCD,2024-11-29T21:06:49.009804,1,,
https://centr-polet.jimdofree.com/,2024-11-29T21:06:49.072961,1,,
https://pavlomuravskyi.com/,2024-11-29T21:06:49.146915,1,,
https://www.museum.lviv.ua/,2024-11-29T21:06:49.302883,1,,
http://kyiv-credo-choir.com/,2024-11-29T21:06:49.389669,0,,
https://library.korolenko.kharkov.com/proekty-ta-granty/,2024-11-29T21:06:49.569075,1,,
https://melitopoldvorez.jimdofree.com/,2024-11-29T21:06:49.593930,1,,
https://www.mundm.kiev.ua/,2024-11-29T21:06:49.593979,1,,
http://www.dzvinochok.kiev.ua/,2024-11-29T21:06:49.620244,1,,
http://www.library.kr.ua,2024-11-29T21:06:49.772508,1,,
http://osbm-buchach.org.ua/,2024-11-29T21:06:49.907194,1,,
http://www.library.lviv.ua/,2024-11-29T21:06:49.925230,0,,
https://www.pedcollege.kiev.ua/,2024-11-29T21:06:50.365572,1,,
https://museum-pokrov.webnode.com.ua/,2024-11-29T21:06:50.446342,1,,
http://revutsky.at.ua/,2024-11-29T21:06:50.449440,1,,
http://shchedryk.in.ua/,2024-11-29T21:06:50.474172,0,,
http://www.hriver.com.ua/,2024-11-29T21:06:50.538070,1,,
https://nikopolmuseum-1919.jimdofree.com/,2024-11-29T21:06:50.715699,1,,
http://en.ufsf.com.ua/,2024-11-29T21:06:50.741265,0,,
https://www.vocnt.org.ua/,2024-11-29T21:06:50.944649,1,,
http://bilogorivskaz.ucoz.ua/,2024-11-29T21:06:51.074985,1,,
https://zlatoust.dp.ua/,2024-11-29T21:06:51.231619,1,,
http://siver.org.ua/,2024-11-29T21:06:51.258549,1,,
https://yuriev.com.ua/,2024-11-29T21:06:51.305212,1,,
http://chigirinzapovidnyk.org.ua,2024-11-29T21:06:51.372340,1,,
https://octk.com.ua/,2024-11-29T21:06:51.520669,1,,
https://dayting.com.ua/uk/,2024-11-29T21:06:51.664027,1,,
http://www.library.onua.edu.ua/,2024-11-29T21:06:51.706960,1,,
https://my.matterport.com/show/?m=ekRQmewCeg4,2024-11-29T21:06:51.783363,1,,
http://www.library.pl.ua,2024-11-29T21:06:51.899714,1,,
http://kp-cfi.km.ua/,2024-11-29T21:06:51.919621,1,,
https://jmhum.org/,2024-11-29T21:06:52.475801,1,,
https://byshiv-rada.gov.ua/zakladi-kulturi-11-22-25-04-06-2021/,2024-11-29T21:06:52.581187,1,,
https://mpk-chayka.org.ua/,2024-11-29T21:06:52.608781,0,,
http://holocaust.kiev.ua/,2024-11-29T21:06:52.773970,1,,
http://ukrdim.com.ua/,2024-11-29T21:06:52.794109,1,,
http://library.sokal.lviv.ua/,2024-11-29T21:06:53.069800,1,,
http://kpik.org.ua/,2024-11-29T21:06:53.142702,1,,
http://kpkbad.km.ua/,2024-11-29T21:06:53.383511,1,,
http://biblioteka-filiya6.edukit.kr.ua,2024-11-29T21:06:53.472984,1,,
https://chinese-studies.com.ua/,2024-11-29T21:06:53.520822,1,,
https://artmuseum.kh.ua/,2024-11-29T21:06:53.586648,1,,
http://www.museum.mk.ua,2024-11-29T21:06:53.934473,1,,
https://dovzhenkocentre.org/,2024-11-29T21:06:54.190437,1,,
http://educom.org.ua/,2024-11-29T21:06:54.455484,1,,
http://www.library.te.ua/,2024-11-29T21:06:54.691685,1,,
http://palac.km.ua/,2024-11-29T21:06:54.704517,1,,
https://dal.lg.ua/,2024-11-29T21:06:54.723095,1,,
https://roerich-podillya.com/,2024-11-29T21:06:55.015722,1,,
http://www.library.univ.kiev.ua/ukr/title4.php3,2024-11-29T21:06:55.261775,1,,
https://zovorychi.church.ua/,2024-11-29T21:06:55.328988,1,,
https://youthcenters.net.ua,2024-11-29T21:06:55.498116,0,,
http://www.htek.km.ua/,2024-11-29T21:06:55.537569,1,,
https://jmhum.org/,2024-11-29T21:06:55.684566,1,,
http://www.dytbiblioteka-dovzhenka.edukit.cn.ua/,2024-11-29T21:06:57.529968,1,,
https://www.angelfire.com/tn/tysovska/,2024-11-29T21:06:58.495097,1,,
http://litme.com.ua/,2024-11-29T21:06:58.907487,0,,
https://www.religio.org.ua/,2024-11-29T21:06:58.978776,1,,
http://lugartmuseum.com/,2024-11-29T21:06:59.135482,0,,
https://constructivism-kharkiv.com/,2024-11-29T21:06:59.585880,0,,
http://idvamnu.com.ua/,2024-11-29T21:06:59.611487,0,,
http://muz.km.ua/,2024-11-29T21:06:59.679107,0,,
http://art14.com.ua/en/test/,2024-11-29T21:06:59.740409,0,,
https://biomed.knu.ua/fotohalereia/shkoliaram.html,2024-11-29T21:07:00.486101,0,,
https://lkmpikt.org/,2024-11-29T21:07:00.522153,0,,
http://hrushevsky.nbuv.gov.ua/,2024-11-29T21:07:01.078734,0,,
http://www.zhovkva-tour.info/,2024-11-29T21:07:01.745913,0,,
http://andriivka-bdut.edu.kh.ua,2024-11-29T21:07:01.783419,1,,
http://www.smila-mcb.edukit.ck.ua/,2024-11-29T21:07:02.731335,0,,
http://www-museum.univer.kharkov.ua/,2024-11-29T21:07:03.268090,0,,
http://www.lonpb.com.ua,2024-11-29T21:07:03.432919,0,,
http://hmu.km.ua/,2024-11-29T21:07:04.178203,1,,
http://museumkiev.org/,2024-11-29T21:07:04.506255,0,,
http://stanislaw.in.ua/,2024-11-29T21:07:04.996079,1,,
http://sh19kamensk.do.am,2024-11-29T21:07:05.184633,1,,
http://zbroeznav.com/,2024-11-29T21:07:05.323613,1,,
http://kurulka-biblioteka.edu.kh.ua,2024-11-29T21:07:05.868785,0,,
http://pivdenne-cdut.edu.kh.ua/,2024-11-29T21:07:06.063276,1,,
http://www.symonenkolib.ck.ua/,2024-11-29T21:07:06.885394,0,,
http://lgket.com/,2024-11-29T21:07:07.090468,1,,
http://lviv.travel/en/lvivgalleries/galleries/~244/galereya-istorichnogo-ukrajinskogo-vijskovogo-odnostroyu,2024-11-29T21:07:07.486568,0,,
https://dp.archives.gov.ua,2024-11-29T21:07:07.776899,0,,
http://nvimu.com.ua/,2024-11-29T21:07:08.142349,1,,
http://www.uniep.km.ua/,2024-11-29T21:07:08.411512,0,,
http://olha-church.org.ua/web/,2024-11-29T21:07:08.426259,1,,
http://www.ounb.km.ua/,2024-11-29T21:07:08.580244,0,,
http://www.lyl.lg.ua,2024-11-29T21:07:08.921233,0,,
http://www.jewish-museum-marmer.dp.ua,2024-11-29T21:07:09.042919,0,,
https://ostriv.org/,2024-11-29T21:07:09.062817,0,,
http://www.uspenie.kiev.ua/,2024-11-29T21:07:09.096171,0,,
http://www.marlicey.com.ua,2024-11-29T21:07:09.287184,0,,
http://mlicey.com.ua,2024-11-29T21:07:09.308250,0,,
http://valky-artschool.edu.kh.ua,2024-11-29T21:07:09.943325,0,,
http://pok-sun.blogspot.com/,2024-11-29T21:07:10.115279,0,,
https://kazky.org.ua/,2024-11-29T21:07:10.981229,0,,
https://lksep.com/,2024-11-29T21:07:11.175739,0,,
http://eustudies.history.knu.ua/,2024-11-29T21:07:11.206786,0,,
http://cirk.dn.ua/,2024-11-29T21:07:11.400093,0,,
http://nt-art.net/,2024-11-29T21:07:11.509879,0,,
http://database.jewishheritage.org.ua/en/,2024-11-29T21:07:12.376247,0,,
http://kultura-mih.at.ua/,2024-11-29T21:07:12.608456,0,,
http://www.kgpa.km.ua/,2024-11-29T21:07:12.608762,0,,
http://liubech-grad.ucoz.net/,2024-11-29T21:07:13.168844,0,,
http://muzeum.in.ua/,2024-11-29T21:07:13.203952,0,,
http://museum.dolyna.info/,2024-11-29T21:07:13.216465,0,,
https://www.polyphonyproject.com,2024-11-29T21:07:13.397831,0,,
https://ibs.org.ua/,2024-11-29T21:07:13.399606,0,,
http://vburluk-cdut.edu.kh.ua,2024-11-29T21:07:14.034460,0,,
http://sut3.edu.kh.ua/,2024-11-29T21:07:14.189484,0,,
http://www.mashke.org/kievtram/museum/index.html,2024-11-29T21:07:15.156064,0,,
https://770.com.ua/,2024-11-29T21:07:15.271133,0,,
http://www.circus.zp.ua/,2024-11-29T21:07:15.617297,0,,
http://osmerkinmuseum.kr.ua/,2024-11-29T21:07:15.689407,0,,
http://ukrlife.org/,2024-11-29T21:07:16.424623,1,,
http://lia.lvivcenter.org/,2024-11-29T21:07:16.641983,0,,
https://www.netishynrada.gov.ua/%D1%81%D0%BE%D1%86%D1%96%D0%B0%D0%BB%D1%8C%D0%BD%D0%BE-%D0%B3%D1%83%D0%BC%D0%B0%D0%BD%D1%96%D1%82%D0%B0%D1%80%D0%BD%D0%B0-%D1%81%D1%84%D0%B5%D1%80%D0%B0/kyltyra/,2024-11-29T21:07:16.712226,0,,
http://vb.vpba.edu.ua/,2024-11-29T21:07:16.832664,1,,
https://www.travellino.net/countries/ukraine,2024-11-29T21:07:17.273491,0,,
http://oralhistory.org.ua/,2024-11-29T21:07:17.346035,1,,
https://visitdonbass.info/,2024-11-29T21:07:17.467379,0,,
http://biblioteka-filiya12.edukit.kr.ua,2024-11-29T21:07:17.865181,1,,
http://bukpolonia.cv.ua/,2024-11-29T21:07:18.799621,1,,
https://libsed.wixsite.com/libsed/,2024-11-29T21:07:19.115723,1,,
http://www.dktd.dp.ua/,2024-11-29T21:07:19.375454,0,,
https://biblioteka-franko.od.ua/,2024-11-29T21:07:19.522317,1,,
https://www.bethana.org.ua/,2024-11-29T21:07:19.552519,1,,
http://www.lvivcirk.com/,2024-11-29T21:07:19.708757,0,,
http://parkmuzey.wix.com/izmail,2024-11-29T21:07:19.708758,0,,
http://cpo-mriia.edu.kh.ua/,2024-11-29T21:07:20.114077,1,,
http://pridunavie.com.ua,2024-11-29T21:07:20.501887,0,,
http://international-relations.knukim.edu.ua/,2024-11-29T21:07:20.878444,0,,
https://skadovsk3d.com/item/museum/,2024-11-29T21:07:21.469605,0,,
http://chobd.ck.ua/index.php/,2024-11-29T21:07:21.555564,0,,
http://www.museumkiev.org/paleontology.html,2024-11-29T21:07:21.991025,0,,
http://www.obnova-fest.cv.ua/,2024-11-29T21:07:23.021601,0,,
http://bibod24qwe.blogspot.com/,2024-11-29T21:07:23.163599,0,,
http://openpolicy.org.ua/en,2024-11-29T21:07:23.359946,0,,
https://fil8-cbs-lg.at.ua/,2024-11-29T21:07:23.626393,0,,
http://cbs.gcn.ua/,2024-11-29T21:07:23.677517,0,,
https://cpostart.wixsite.com/kharkiv,2024-11-29T21:07:24.184560,0,,
https://libgonchar.org,2024-11-29T21:07:24.555659,0,,
http://txim.history.knu.ua,2024-11-29T21:07:24.976285,0,,
https://city-izyum.gov.ua/,2024-11-29T21:07:25.538887,0,,
http://bibl-osnov.edu.kh.ua/,2024-11-29T21:07:25.546704,0,,
http://kadetka.sumy.ua/,2024-11-29T21:07:25.705725,0,,
http://bibliokid.if.ua/,2024-11-29T21:07:25.788546,0,,
http://ukrfamily.com.ua,2024-11-29T21:07:26.084005,0,,
http://bibodessa45.blogspot.com/,2024-11-29T21:07:27.278160,0,,
https://www.circus.kiev.ua/,2024-11-29T21:07:27.807370,0,,
http://prosumy.biz/,2024-11-29T21:07:27.807516,0,,
http://odportal.com.ua/,2024-11-29T21:07:27.849330,0,,
https://www.martechlicey.com/,2024-11-29T21:07:27.898557,0,,
http://knukim.edu.ua/wp-content/uploads/2014/04/unesko.pdf,2024-11-29T21:07:28.687392,1,,
http://muk.zp.ua/,2024-11-29T21:07:28.690706,0,,
http://www.bkm.zp.ua/,2024-11-29T21:07:28.868439,1,,
http://cgbmgorkyi.blogspot.com/,2024-11-29T21:07:29.009971,1,,
https://namumuseum.business.site,2024-11-29T21:07:29.333675,1,,
http://church-viktor.org/,2024-11-29T21:07:29.796081,0,,
https://www.library.kpi.ua/,2024-11-29T21:07:29.810267,0,,
https://vyzhnytskyi-park.in.ua/,2024-11-29T21:07:30.625448,1,,
http://dihm.pp.ua/,2024-11-29T21:07:30.868013,1,,
http://kraeved.od.ua/,2024-11-29T21:07:31.146922,1,,
https://sadigura.org/,2024-11-29T21:07:31.692547,1,,
http://www.boryspilmuseum.info/,2024-11-29T21:07:31.840619,0,,
https://le-theatre-francais.wixsite.com/deep-theatre,2024-11-29T21:07:32.033093,0,,
http://uajs.org.ua/en,2024-11-29T21:07:32.742630,0,,
https://heritageua.dcvisu.com/,2024-11-29T21:07:32.890514,0,,
http://kotovsk-crb.ucoz.ua/,2024-11-29T21:07:33.076449,0,,
https://adventist.in.ua/,2024-11-29T21:07:33.885522,0,,
https://m17.kiev.ua/,2024-11-29T21:07:34.980257,0,,
http://lib.pu.if.ua,2024-11-29T21:07:34.981767,0,,
http://jvestnik-politology.donnu.edu.ua/,2024-11-29T21:07:35.003303,1,,
http://lssp.dspu.edu.ua/,2024-11-29T21:07:35.195943,0,,
https://maski.com.ua/,2024-11-29T21:07:35.246218,0,,
https://izum.church.ua/,2024-11-29T21:07:35.718120,0,,
http://www.honchar.org.ua,2024-11-29T21:07:35.859561,0,,
http://spmm.church/,2024-11-29T21:07:35.894371,0,,
http://golden-lion.com.ua/,2024-11-29T21:07:36.182796,0,,
http://minregion.gov.ua,2024-11-29T21:07:36.752685,0,,
http://www.golos.com.ua,2024-11-29T21:07:36.865293,0,,
https://museum.net.ua/,2024-11-29T21:07:36.918407,0,,
https://suspilne.radio/,2024-11-29T21:07:37.296189,0,,
http://history-malyn.in.ua,2024-11-29T21:07:37.871515,0,,
http://bkm.in.ua/,2024-11-29T21:07:39.070337,0,,
http://lib.rada.gov.ua/,2024-11-29T21:07:39.131516,0,,
http://tdf.com.ua/,2024-11-29T21:07:39.334872,0,,
http://apspp.soc.univ.kiev.ua/index.php/home,2024-11-29T21:07:39.400694,0,,
http://www.lhm.lviv.ua/ekspozyciyi/muzey_shuhevycha.html,2024-11-29T21:07:39.884966,0,,
https://myizyum.in.ua/2015/06/19/%D0%BC%D1%83%D0%B7%D0%B5%D0%B9-%D0%BF%D0%BE%D0%B4-%D0%BE%D1%82%D0%BA%D1%80%D1%8B%D1%82%D1%8B%D0%BC-%D0%BD%D0%B5%D0%B1%D0%BE%D0%BC-%D0%B2-%D0%B8%D0%B7%D1%8E%D0%BC%D0%B5/,2024-11-29T21:07:40.030882,0,,
http://www.puppet.lviv.ua/,2024-11-29T21:07:40.307094,0,,
http://ounb.lutsk.ua,2024-11-29T21:07:40.849583,0,,
http://pravoslav.tv/,2024-11-29T21:07:40.939342,0,,
http://www.lnau.lviv.ua,2024-11-29T21:07:41.054696,0,,
http://kraevedodessa.blogspot.com/,2024-11-29T21:07:41.344205,0,,
http://biblioteka-filiya13.edukit.kr.ua,2024-11-29T21:07:41.959626,1,,
https://knigagalina.jimdofree.com/,2024-11-29T21:07:42.034195,1,,
http://donetsk.church.ua/,2024-11-29T21:07:42.150708,1,,
http://www.niez.com.ua,2024-11-29T21:07:42.181694,1,,
http://www.niez.com.ua/,2024-11-29T21:07:42.184745,1,,
http://kultura.sm.gov.ua/,2024-11-29T21:07:42.308757,0,,
http://ways.knuba.edu.ua/,2024-11-29T21:07:42.330517,1,,
http://lib.ukrsd.com.ua,2024-11-29T21:07:43.268293,0,,
http://www.museum.ck.ua/,2024-11-29T21:07:43.289201,1,,
https://oumk.od.ua/,2024-11-29T21:07:43.443416,0,,
https://krc.academy,2024-11-29T21:07:43.561369,1,,
https://www.pomisna.info/,2024-11-29T21:07:44.458598,1,,
http://www.library.mk.ua,2024-11-29T21:07:45.043095,0,,
http://www.paustovskiy.od.ua/,2024-11-29T21:07:45.380528,0,,
http://metodistodessa.blogspot.com/,2024-11-29T21:07:45.394767,0,,
http://mayakovka.od.ua,2024-11-29T21:07:46.200669,0,,
https://kultura.dn.gov.ua/,2024-11-29T21:07:46.382264,0,,
http://mse.dnu.dp.ua/,2024-11-29T21:07:46.457022,0,,
http://ntsh.org,2024-11-29T21:07:46.513281,0,,
http://lib.zt.ua/,2024-11-29T21:07:47.410156,0,,
https://mgallery.kharkov.ua/en/,2024-11-29T21:07:47.510141,0,,
https://castles.com.ua/,2024-11-29T21:07:47.648128,0,,
http://ndippp.gov.ua,2024-11-29T21:07:47.768047,0,,
http://zelyonka.space/,2024-11-29T21:07:48.422284,0,,
https://www.olbio.com.ua/ru/html/,2024-11-29T21:07:48.558057,0,,
http://www.ukma.kiev.ua,2024-11-29T21:07:49.175075,0,,
http://pravobiblio.blogspot.com/,2024-11-29T21:07:49.442552,0,,
https://judaica.kiev.ua/old/eng/indexEng.html,2024-11-29T21:07:49.579717,0,,
http://museumlit.org.ua/,2024-11-29T21:07:49.601965,0,,
http://www.odessatourism.org/en/do/museums/muzej_partizanskoj_slavy_katakomby,2024-11-29T21:07:50.256312,0,,
http://www.puppet.kharkov.ua,2024-11-29T21:07:50.261513,0,,
http://www.neuhausmuseum.region.in.ua/,2024-11-29T21:07:50.408522,0,,
https://kultura-poltava.gov.ua/,2024-11-29T21:07:50.439739,0,,
http://pytlit.chnu.edu.ua/,2024-11-29T21:07:50.478430,0,,
http://resource.history.org.ua/cgi-bin/eiu/history.exe?I21DBN=EJRN&P21DBN=EJRN&S21SRW=name&S21SRD=UP&S21REF=10&S21CNR=50&S21STN=1&S21FMT=j_brief&C21COM=S&2_S21P03=VTYP=&2_S21STR=J,2024-11-29T21:07:51.529803,0,,
http://www.othu.com.ua/,2024-11-29T21:07:51.535076,0,,
https://korsunzapovidnyk.com.ua/,2024-11-29T21:07:51.668010,0,,
http://www.kray.org.ua/,2024-11-29T21:07:51.887637,0,,
http://ndiiv.org.ua,2024-11-29T21:07:51.959105,0,,
http://icaco.org/,2024-11-29T21:07:51.960240,0,,
https://kyivmodernballet.com/,2024-11-29T21:07:52.546030,0,,
http://www.repin.in.ua,2024-11-29T21:07:53.454892,1,,
http://massovoodessa.blogspot.com/,2024-11-29T21:07:53.495922,0,,
http://www.niez-pereyaslav.com.ua/m-11,2024-11-29T21:07:53.564639,1,,
http://www.pkm.poltava.ua/eng/,2024-11-29T21:07:53.840244,0,,
http://ras.gov.ua/,2024-11-29T21:07:54.143554,1,,
http://www.photosed.net/,2024-11-29T21:07:54.557115,0,,
http://minagro.gov.ua,2024-11-29T21:07:54.582781,0,,
http://sd.maup.com.ua/,2024-11-29T21:07:54.587361,0,,
http://www.teatr71.com/,2024-11-29T21:07:54.617848,1,,
http://inneco.org/,2024-11-29T21:07:54.652104,0,,
http://www.rada.gov.ua/en,2024-11-29T21:07:54.781248,1,,
https://ukroj.com/,2024-11-29T21:07:54.886840,1,,
http://libkirova.ru,2024-11-29T21:07:55.587147,1,,
http://www.artmuseum.zp.ua/,2024-11-29T21:07:55.669767,0,,
https://sites.google.com/a/belovodsk.info/belovodskij-muzej/,2024-11-29T21:07:55.796852,1,,
https://ulibrv.com.ua/,2024-11-29T21:07:56.029777,0,,
https://bibavoska.blogspot.com/,2024-11-29T21:07:56.282268,1,,
https://www.brodyhistory.org.ua/photo/pamyatky-arheologiyi/,2024-11-29T21:07:56.646474,0,,
http://www.rv.gov.ua/sitenew/kostopilsk/ua/publication/print/3001.htm,2024-11-29T21:07:57.730759,0,,
https://sed-eparhia.com/,2024-11-29T21:07:58.831850,0,,
https://odcc.com.ua/,2024-11-29T21:07:58.918542,0,,
http://insight.journal.kspu.edu/,2024-11-29T21:07:58.981780,0,,
http://libkor.com.ua/,2024-11-29T21:07:59.679204,0,,
http://www.yunilibr.rv.ua/,2024-11-29T21:07:59.741514,0,,
https://usadbabaryatinsky.ru/,2024-11-29T21:07:59.902865,0,,
https://biblioteka23biogspot.blogspot.com/,2024-11-29T21:08:00.325610,0,,
http://www.culture.lutsk.ua/,2024-11-29T21:08:00.329513,0,,
https://babynyar.org/en/library/collection/31,2024-11-29T21:08:00.614194,0,,
http://www.sde.org.ua/muzei.html,2024-11-29T21:08:01.751893,0,,
https://libenc.korolenko.kharkov.com/,2024-11-29T21:08:02.817132,1,,
http://mk.archives.gov.ua,2024-11-29T21:08:02.821250,0,,
http://teatralo4ka.odessa.ua/,2024-11-29T21:08:03.016768,0,,
http://ejsit-journal.com/,2024-11-29T21:08:03.172887,0,,
http://dymchuk.com/,2024-11-29T21:08:03.773841,0,,
http://library-ua.at.ua/,2024-11-29T21:08:03.773927,0,,
http://www.vkkm.lutsk.ua/,2024-11-29T21:08:03.788680,0,,
https://knteu.kiev.ua/blog/read/?pid=7240&uk,2024-11-29T21:08:03.880347,0,,
http://www.lepkiy.te.ua,2024-11-29T21:08:03.892797,0,,
http://bibliotekapeblik.blogspot.com/,2024-11-29T21:08:04.375245,0,,
http://biblioteka-filiya16.edukit.kr.ua,2024-11-29T21:08:04.399281,0,,
https://www.ifnmu.edu.ua/uk/medychni-vystavky,2024-11-29T21:08:04.741148,0,,
https://korolenko.kharkov.com/,2024-11-29T21:08:04.757321,0,,
http://www.sholomaleichemmuseum.com,2024-11-29T21:08:05.771453,0,,
http://www.mazepa.name/,2024-11-29T21:08:05.773379,0,,
http://ounb.lutsk.ua/,2024-11-29T21:08:06.095670,1,,
http://chechelnyk-mon.church.ua/,2024-11-29T21:08:06.665076,0,,
http://holocaustmuseum.kharkov.ua/,2024-11-29T21:08:06.840209,0,,
http://gileya.org/,2024-11-29T21:08:07.174032,1,,
https://khrife-journal.org/,2024-11-29T21:08:07.424056,1,,
http://www.ounb.km.ua/,2024-11-29T21:08:07.792988,0,,
http://www.museum.com.ua,2024-11-29T21:08:07.793039,0,,
http://bizukov.org.ua/,2024-11-29T21:08:07.817971,0,,
http://www.szymanowskimuseum.region.in.ua/,2024-11-29T21:08:08.055400,0,,
http://www.shymanovskymuseum.region.in.ua/,2024-11-29T21:08:08.065476,1,,
http://bibliolujaika.blogspot.com/,2024-11-29T21:08:08.428541,0,,
http://biblioteka-filiya19.edukit.kr.ua,2024-11-29T21:08:08.481213,0,,
http://ofam.od.ua/publications/,2024-11-29T21:08:08.762079,0,,
http://olbio.com.ua/,2024-11-29T21:08:08.777206,0,,
https://mitrofan.church.ua/,2024-11-29T21:08:09.816308,1,,
http://khpg.org,2024-11-29T21:08:10.126276,1,,
https://www.olbio.com.ua/ua/html/,2024-11-29T21:08:10.860607,0,,
http://www.msmb.org.ua,2024-11-29T21:08:11.527203,1,,
http://repository.sspu.sumy.ua/,2024-11-29T21:08:11.647603,0,,
http://museum.mk.ua/2016-01-25-15-13-20/muzej-sudnobuduvannya-ta-flotu,2024-11-29T21:08:11.814654,0,,
http://zymne.org/,2024-11-29T21:08:11.821893,0,,
http://www.skovoroda.in.ua/index.php?option=com_content&view=article&id=4&Itemid=6,2024-11-29T21:08:12.083069,0,,
http://zvcaves.kiev.ua/,2024-11-29T21:08:12.100970,0,,
https://artmuseum.org.ua/,2024-11-29T21:08:12.122005,0,,
http://bibl-ostr.ucoz.ua/,2024-11-29T21:08:12.164672,0,,
http://archaeologicalmuseum.ra.ck.ua/,2024-11-29T21:08:12.383083,0,,
http://illi-det-biblioteka.blogspot.com/,2024-11-29T21:08:12.475126,0,,
http://karlivka-biblioteka.edu.poltava.ua,2024-11-29T21:08:12.556123,0,,
http://www.batjkivshhyna-tarasa.com.ua/index.html,2024-11-29T21:08:12.865581,0,,
http://www.lisugol.com/Musei.aspx,2024-11-29T21:08:13.889274,0,,
http://memory.chornobylmuseum.kiev.ua/,2024-11-29T21:08:14.886862,0,,
http://msumk.com/ua/,2024-11-29T21:08:15.515002,0,,
http://ir.nmu.org.ua/,2024-11-29T21:08:15.721959,0,,
http://www.nbuv.gov.ua/node/545,2024-11-29T21:08:15.862218,0,,
http://pokrov.org.ua/,2024-11-29T21:08:15.982834,0,,
http://monah.com.ua/,2024-11-29T21:08:16.006606,0,,
http://www.tavrida.museum.crimea.ua,2024-11-29T21:08:16.119231,0,,
http://dergachi-bdut.edu.kh.ua,2024-11-29T21:08:16.144497,0,,
https://library.nlu.edu.ua/,2024-11-29T21:08:16.165818,0,,
https://library.kpnu.edu.ua/,2024-11-29T21:08:16.255276,0,,
https://igu.org.ua/books,2024-11-29T21:08:16.483744,0,,
http://belbiblioteka.blogspot.com/,2024-11-29T21:08:16.534331,0,,
http://alchevsk-cdut.edukit.lg.ua,2024-11-29T21:08:16.630097,0,,
https://www.iananu.org.ua/vidannya/naukovi-monografiji,2024-11-29T21:08:16.888072,0,,
http://www.prilukiart.al.ru,2024-11-29T21:08:17.802299,0,,
https://babynyar.org/en/library/collection/30,2024-11-29T21:08:18.891306,1,,
http://culture-lutsk.org.ua/,2024-11-29T21:08:18.902898,1,,
http://memory.chornobylmuseum.kiev.ua/,2024-11-29T21:08:18.910408,0,,
https://ostrohcastle.com.ua/output/LutskPanoTour.html,2024-11-29T21:08:19.006355,1,,
http://ethnology.lviv.ua,2024-11-29T21:08:19.179338,1,,
https://ntsh.org/,2024-11-29T21:08:20.117612,1,,
http://www.tokm.com.ua,2024-11-29T21:08:20.146007,0,,
http://agnoncenter.org,2024-11-29T21:08:20.171517,1,,
http://dergachi-cbs.edu.kh.ua,2024-11-29T21:08:20.198869,0,,
http://lvivgallery.org.ua,2024-11-29T21:08:20.249989,0,,
http://horodnica.ortox.ru/,2024-11-29T21:08:20.326709,1,,
http://berezbibl7.blogspot.com/,2024-11-29T21:08:20.436492,1,,
http://www.niklib.com,2024-11-29T21:08:20.951665,0,,
https://www.06452.com.ua/news/2860377/istoria-odnogo-zdania-dvorec-kultury-himikov,2024-11-29T21:08:21.996569,0,,
https://korolenko.kharkov.com/virtual_vistavki/pisanki/index1.html,2024-11-29T21:08:22.945326,0,,
http://kodyma.od.ua/articles.php,2024-11-29T21:08:23.016601,0,,
http://ipkotlyarevsky.narod.ru/,2024-11-29T21:08:23.078356,0,,
https://www.anton-chehov.info/,2024-11-29T21:08:23.229290,0,,
https://igu.org.ua/books,2024-11-29T21:08:24.192607,0,,
http://dax.com.ua/ru/,2024-11-29T21:08:24.226152,0,,
http://baturinmaklay.com,2024-11-29T21:08:24.314974,0,,
https://library.diit.edu.ua/,2024-11-29T21:08:24.328045,0,,
http://gprystan-crb.edukit.kherson.ua,2024-11-29T21:08:24.342717,0,,
http://vmbiblioteka.blogspot.com/,2024-11-29T21:08:24.490322,0,,
http://np.nbuv.gov.ua/en,2024-11-29T21:08:25.011700,0,,
http://lib.ru/,2024-11-29T21:08:26.127168,0,,
https://korolenko.kharkov.com/virtual_vistavki/Havkina/titl3.html,2024-11-29T21:08:26.985599,0,,
http://museum-lh.lviv.ua/,2024-11-29T21:08:27.135208,0,,
http://museumkiev.org/zoology.html,2024-11-29T21:08:27.263259,0,,
https://cdago.gov.ua,2024-11-29T21:08:27.406882,0,,
http://www.pirogov.com.ua/,2024-11-29T21:08:28.053234,0,,
http://www.vynnyky.com.ua/,2024-11-29T21:08:28.211162,0,,
http://artmuseum.dp.ua/,2024-11-29T21:08:28.225892,0,,
http://www.zamnap.org.ua/,2024-11-29T21:08:28.228761,0,,
http://vsobetskyy.wixsite.com/wetheater,2024-11-29T21:08:28.283563,0,,
http://bht.edukit.kherson.ua,2024-11-29T21:08:28.469002,0,,
http://nazaret.in.ua/,2024-11-29T21:08:28.539252,0,,
http://bibliochild.blogspot.com/,2024-11-29T21:08:28.539500,0,,
http://academy-journals.in.ua,2024-11-29T21:08:28.540971,0,,
http://muzey.kupyansk.info/,2024-11-29T21:08:28.546220,0,,
http://skhid.kubg.edu.ua/,2024-11-29T21:08:29.065586,0,,
https://aviamuseum.com.ua/,2024-11-29T21:08:30.161744,0,,
https://ujp.bitp.kiev.ua/index.php/ujp/oai,2024-11-29T21:08:31.081726,1,,
http://brody.com.ua/,2024-11-29T21:08:31.141369,0,,
http://cbspodil.org.ua,2024-11-29T21:08:31.305773,1,,
http://khust-sjun.edukit.uz.ua,2024-11-29T21:08:31.385599,0,,
http://holocaustmuseum.kharkov.ua/,2024-11-29T21:08:31.441276,0,,
http://www.bosporuscrypt.ru/,2024-11-29T21:08:32.084918,0,,
https://cdnta.archives.gov.ua,2024-11-29T21:08:32.243440,1,,
https://stahanov.church.ua/,2024-11-29T21:08:32.298283,1,,
http://faeton.zp.ua/,2024-11-29T21:08:32.462966,0,,
http://vpbiblioteka.blogspot.com/,2024-11-29T21:08:32.463971,1,,
http://pryluky-cmb.edukit.cn.ua,2024-11-29T21:08:32.516871,0,,
http://ethnocrimea.ru/,2024-11-29T21:08:32.658287,0,,
http://35batery.ru/,2024-11-29T21:08:32.876609,1,,
http://az.gay.ru/,2024-11-29T21:08:34.257845,0,,
https://vk.com/museumsex,2024-11-29T21:08:34.293200,0,,
http://visnyk.nuwm.edu.ua/index.php/tehn/oai,2024-11-29T21:08:35.249838,0,,
http://dcrb.net/,2024-11-29T21:08:35.516520,0,,
http://www.tyz.dn.ua/,2024-11-29T21:08:36.413837,0,,
http://www.library.kharkov.ua/,2024-11-29T21:08:36.495259,0,,
http://kotovskrcbs.blogspot.com/,2024-11-29T21:08:36.516620,0,,
https://opera.odessa.ua/,2024-11-29T21:08:36.606746,0,,
http://www.uabs.org.ua/,2024-11-29T21:08:36.639098,0,,
http://library.zntu.edu.ua/,2024-11-29T21:08:36.826188,0,,
http://cbs.lviv.ua/,2024-11-29T21:08:36.902646,0,,
https://archdep.zht.gov.ua/,2024-11-29T21:08:38.494189,0,,
http://www.marlibrary.com.ua/,2024-11-29T21:08:38.625670,0,,
http://vestnikzgia.com.ua/,2024-11-29T21:08:38.631953,1,,
http://oblenc.edukit.lg.ua,2024-11-29T21:08:38.734913,1,,
http://ways.knuba.edu.ua/index.php/2707-501X/oai,2024-11-29T21:08:39.289214,0,,
https://www.gulag.su,2024-11-29T21:08:39.345679,0,,
http://korolenko.kharkov.com/,2024-11-29T21:08:39.537693,0,,
https://eparhia.lg.ua/,2024-11-29T21:08:40.420846,0,,
https://korolenko.kharkov.com/virtual_vistavki/Mosaika/Borman.html,2024-11-29T21:08:40.468295,1,,
https://www.mironova-gallery.com/,2024-11-29T21:08:40.541624,0,,
https://bibliotekarozdilna.blogspot.com/,2024-11-29T21:08:40.564319,0,,
http://www.dramteatr.uz.ua,2024-11-29T21:08:40.565736,0,,
https://artmuseum.kh.ua/,2024-11-29T21:08:40.666700,0,,
http://www.library.ck.ua/,2024-11-29T21:08:40.847686,0,,
https://ukrainianart.com/,2024-11-29T21:08:40.997802,0,,
http://museum-blavatsky.com.ua,2024-11-29T21:08:41.029899,0,,
http://imsu-zhytomyr.com/,2024-11-29T21:08:42.563308,0,,
http://libr.rv.ua,2024-11-29T21:08:42.673480,0,,
https://ujew.com.ua,2024-11-29T21:08:42.694667,0,,
http://ispcjournal.org/,2024-11-29T21:08:42.721913,0,,
http://popasna-bdut.edukit.lg.ua,2024-11-29T21:08:42.802779,0,,
http://publications.lnu.edu.ua/bulletins/index.php/sociology/oai,2024-11-29T21:08:43.408303,0,,
https://ostrohcastle.com.ua/3Ddonjon/index.html,2024-11-29T21:08:43.567317,0,,
http://ee.zntu.edu.ua/index.php/1607-6761/oai,2024-11-29T21:08:43.698092,1,,
https://kdpu.edu.ua/biblioteka/,2024-11-29T21:08:44.112241,1,,
http://www.kyiv-fortress.org.ua/,2024-11-29T21:08:44.204276,1,,
http://rozdilna-biblioteka.blogspot.com/,2024-11-29T21:08:44.611894,0,,
https://aviamuseum.com.ua/en/exposition,2024-11-29T21:08:44.732367,1,,
http://library.vnmu.edu.ua/bibliotechnomu-fahivtsyu/publikatsiyi-pratsivnykiv-biblioteky,2024-11-29T21:08:44.803499,0,,
https://cwf.com.ua/,2024-11-29T21:08:45.497446,1,,
http://byzantina.wordpress.com/,2024-11-29T21:08:45.617490,1,,
http://nz.lviv.ua/,2024-11-29T21:08:45.994237,1,,
http://journals.uran.ua/,2024-11-29T21:08:46.752579,0,,
https://ifnnim.wunu.edu.ua/,2024-11-29T21:08:47.195864,0,,
http://www.niez.com.ua/,2024-11-29T21:08:47.599893,0,,
https://www.artluhansk.com/,2024-11-29T21:08:48.183061,0,,
http://library.lg.ua/uk,2024-11-29T21:08:48.183088,0,,
https://rodakovo.church.ua/,2024-11-29T21:08:48.464323,1,,
https://mukachevoteatre.wordpress.com/,2024-11-29T21:08:48.665392,0,,
https://bibliotekaliman.blogspot.com/,2024-11-29T21:08:48.699446,0,,
http://www.smoloskyp.org.ua/,2024-11-29T21:08:48.851913,0,,
http://hfcodessa.org,2024-11-29T21:08:48.935574,0,,
http://dnpb.gov.ua/ua/,2024-11-29T21:08:49.744016,0,,
https://olbio.com.ua/,2024-11-29T21:08:50.067258,0,,
http://nyzhnia-apsha-dshm.edukit.uz.ua,2024-11-29T21:08:50.740864,1,,
http://childlibrary.donetsk.ua,2024-11-29T21:08:50.790926,0,,
http://bizukiv.ks.ua/,2024-11-29T21:08:50.879334,0,,
http://dytbiblioteka-filiya2.edukit.cn.ua,2024-11-29T21:08:51.048495,1,,
http://lubny-bibl-malyka.edu.poltava.ua,2024-11-29T21:08:51.280191,0,,
https://museum-portal.com/ua/museum/naukma---museum/,2024-11-29T21:08:51.690190,0,,
https://history.korolenko.kharkov.com/virtualni-vystavky/,2024-11-29T21:08:52.223052,0,,
http://biblioteka-bagrianogo.edukit.kiev.ua/,2024-11-29T21:08:52.272170,0,,
http://museum-kh.ua,2024-11-29T21:08:52.446712,0,,
http://davniyhalych.com.ua/,2024-11-29T21:08:52.746179,1,,
https://libfil1.wixsite.com/krupska-1,2024-11-29T21:08:52.799936,0,,
http://greentheatre.com.ua/,2024-11-29T21:08:52.831822,0,,
http://www.tmf-museum.kiev.ua,2024-11-29T21:08:52.961625,0,,
http://pamjatky.org.ua/,2024-11-29T21:08:53.039642,0,,
https://naukovizbirkylnma.wordpress.com/,2024-11-29T21:08:53.683398,0,,
http://dniprovskyi-cdut.edukit.kiev.ua,2024-11-29T21:08:54.802593,0,,
http://iliya-monastery.org/blog/,2024-11-29T21:08:54.908694,0,,
http://gorodnia-cdut.edukit.cn.ua,2024-11-29T21:08:55.115816,0,,
https://city-library.uz.ua/,2024-11-29T21:08:55.377898,0,,
http://svityaz-mon.church.ua/,2024-11-29T21:08:55.784993,0,,
http://library.kname.edu.ua/,2024-11-29T21:08:55.939424,0,,
https://uinp.gov.ua/,2024-11-29T21:08:56.211356,1,,
https://libnadvirna.if.ua/,2024-11-29T21:08:56.825709,1,,
https://diklib.blogspot.com/,2024-11-29T21:08:56.851327,0,,
https://pektoral.com.ua/,2024-11-29T21:08:56.915215,0,,
http://ethnology.lviv.ua/,2024-11-29T21:08:57.073834,0,,
http://dniprolib.com.ua/,2024-11-29T21:08:57.135669,1,,
https://dazo.gov.ua/,2024-11-29T21:08:57.338065,1,,
http://www.soviart.com.ua,2024-11-29T21:08:57.417147,1,,
https://www.chernigiv-rada.gov.ua/,2024-11-29T21:08:57.798151,1,,
https://museum.bank.gov.ua,2024-11-29T21:08:57.899686,1,,
http://lug-theatre.narod.ru/sajt/ind.htm,2024-11-29T21:08:58.322332,1,,
http://journlib.univ.kiev.ua/,2024-11-29T21:08:58.465476,0,,
http://library.tdmu.edu.ua/,2024-11-29T21:08:58.852405,0,,
http://www.zkmuseum.com/,2024-11-29T21:08:59.689124,0,,
http://www.znamenka.org.ua/sport.html,2024-11-29T21:08:59.726593,0,,
https://pysanka.museum,2024-11-29T21:09:00.354403,0,,
https://museum-literature.odessa.ua/,2024-11-29T21:09:00.391323,1,,
https://predtecha-hram.church.ua/,2024-11-29T21:09:00.623492,0,,
http://dik-library.blogspot.com/,2024-11-29T21:09:00.905585,0,,
http://klevanlibr.rv.ua/,2024-11-29T21:09:00.913978,0,,
http://lib.onu.edu.ua/,2024-11-29T21:09:01.508913,0,,
http://www.teatr.rv.ua/,2024-11-29T21:09:02.487955,0,,
https://localhistory.org.ua/,2024-11-29T21:09:02.945251,0,,
https://crashmuseum.in.ua/,2024-11-29T21:09:03.799421,0,,
http://ckoblmuz.ck.ua/,2024-11-29T21:09:04.426221,0,,
https://baturin-capital.gov.ua/,2024-11-29T21:09:04.491660,0,,
http://biblioteka2012.blogspot.com/,2024-11-29T21:09:04.963895,0,,
http://kovelbook.com.ua/,2024-11-29T21:09:05.087550,0,,
https://donetskartmuseum.ru/,2024-11-29T21:09:05.173059,0,,
https://www.museum.diana-92.com/,2024-11-29T21:09:05.689776,0,,
http://ukrpolnauka.wordpress.com/,2024-11-29T21:09:05.814927,0,,
http://www.vereschagin.com.ua/ru/ochakov/kollekcziya.html,2024-11-29T21:09:05.952439,0,,
https://bkm.zp.ua/mi-index.html,2024-11-29T21:09:06.558619,0,,
http://muzteatr.net/,2024-11-29T21:09:06.696025,0,,
https://odma.edu.ua/biblioteka/elektronni-resursy/,2024-11-29T21:09:06.976774,0,,
http://kreshchatik-mon.church.ua/,2024-11-29T21:09:06.986252,0,,
https://faeton.zp.ua/,2024-11-29T21:09:07.821881,0,,
http://horodne-mon.church.ua/,2024-11-29T21:09:07.875682,0,,
https://mvm.lv/ru/museum-collections,2024-11-29T21:09:08.548557,0,,
http://www.historians.in.ua/index.php/en/ukrajina-moderna-2007-2010/,2024-11-29T21:09:08.555327,0,,
https://gamma-gallery.com/,2024-11-29T21:09:08.577205,0,,
https://cbsdarniza.kiev.ua/,2024-11-29T21:09:09.165268,0,,
http://abetka.ukrlife.org/,2024-11-29T21:09:09.342447,0,,
http://kelmentsi-lib.blogspot.com/,2024-11-29T21:09:09.614687,1,,
http://trakhtemyriv.org.ua/,2024-11-29T21:09:09.937605,0,,
https://muzeyshulzenko.jimdo.com/,2024-11-29T21:09:09.962822,0,,
http://mjsk.te.ua,2024-11-29T21:09:10.455995,1,,
http://teatrlesi.lviv.ua,2024-11-29T21:09:10.557221,1,,
http://ofam.org.ua,2024-11-29T21:09:10.634441,0,,
https://hram-nestor.church.ua/,2024-11-29T21:09:10.844661,1,,
http://old.lib.npu.edu.ua/new-collections/collections,2024-11-29T21:09:10.881447,1,,
https://lmcbs.lutsk.ua/,2024-11-29T21:09:11.179702,1,,
https://www.llitvinova.com/,2024-11-29T21:09:12.630581,0,,
http://www.cossackdom.com/,2024-11-29T21:09:12.642432,0,,
http://obitel.kh.ua/,2024-11-29T21:09:12.659259,0,,
http://krasnohrad-biblioteka.edu.kh.ua/,2024-11-29T21:09:13.407066,0,,
https://pustunchik.ua/,2024-11-29T21:09:13.672013,0,,
http://villancicosucranianos.wordpress.com/,2024-11-29T21:09:13.877068,0,,
https://daso.archives.gov.ua/,2024-11-29T21:09:14.025027,0,,
http://bibliost.ucoz.ru/,2024-11-29T21:09:14.517535,0,,
http://www.archaeology.odessa.ua,2024-11-29T21:09:14.666762,0,,
http://www.teatrmolodi.zp.ua/,2024-11-29T21:09:14.714750,0,,
https://teatr.dp.ua/,2024-11-29T21:09:14.797056,0,,
http://barvinkove-lib.edu.kh.ua/,2024-11-29T21:09:14.951960,0,,
http://gorodnia-dkz.edukit.cn.ua,2024-11-29T21:09:15.263707,1,,
https://basht-cbs.mk.ua/,2024-11-29T21:09:15.404564,0,,
https://ivankiv-museum.site,2024-11-29T21:09:16.739083,0,,
http://studyty.org.ua/,2024-11-29T21:09:16.805934,0,,
http://molchensky-monastyr.org.ua/,2024-11-29T21:09:17.481902,0,,
http://library.kharkov.ua/source/exposition/?id=53,2024-11-29T21:09:17.704191,0,,
https://drohobych-museum.com/pro-nas/,2024-11-29T21:09:18.058302,0,,
http://lib.npu.edu.ua/,2024-11-29T21:09:18.551158,0,,
https://library.mk.ua,2024-11-29T21:09:18.820293,0,,
https://history.korolenko.kharkov.com/istoriografija/,2024-11-29T21:09:18.904439,0,,
https://opera.com.ua/,2024-11-29T21:09:19.054830,0,,
http://library.sumdu.edu.ua/,2024-11-29T21:09:19.063294,0,,
http://mena-crb.edukit.cn.ua/,2024-11-29T21:09:19.319231,0,,
https://prostory.net.ua/ua/,2024-11-29T21:09:19.611357,0,,
https://kolodne-mon.church.ua/,2024-11-29T21:09:19.925687,0,,
http://museumtoilet.com.ua/,2024-11-29T21:09:20.697700,0,,
http://www.kremenchug.su/,2024-11-29T21:09:20.850466,0,,
http://hutsul.museum/,2024-11-29T21:09:20.936791,1,,
https://www.quellen.org.ua/,2024-11-29T21:09:21.146413,1,,
http://biblioteka160.edukit.kiev.ua,2024-11-29T21:09:21.331563,1,,
http://ek.nlu.edu.ua,2024-11-29T21:09:21.674891,1,,
http://tyshivmonastyr.in.ua/,2024-11-29T21:09:21.700202,0,,
http://frankolive.wordpress.com/,2024-11-29T21:09:21.939381,0,,
https://kuindzycentre.wixsite.com/centre-ku,2024-11-29T21:09:22.104746,0,,
http://ternovka-mon.church.ua/,2024-11-29T21:09:22.577655,1,,
http://en.uartlib.org,2024-11-29T21:09:22.622445,0,,
https://folklore-archive.org.ua/,2024-11-29T21:09:22.704000,1,,
http://www.bibl.kharkiv.ua/,2024-11-29T21:09:22.855013,0,,
https://history.korolenko.kharkov.com/hronika-osnovnyh-podij/,2024-11-29T21:09:22.925811,0,,
https://elisavet.church.ua/,2024-11-29T21:09:22.934709,0,,
https://library.vnu.edu.ua/,2024-11-29T21:09:22.942225,1,,
http://teatr-aktor.kiev.ua/,2024-11-29T21:09:23.042604,0,,
https://www.bahai.kiev.ua/,2024-11-29T21:09:23.064964,0,,
https://etnosvit.com/perevernutyj-dom/,2024-11-29T21:09:23.125617,0,,
http://lounb.org.ua/,2024-11-29T21:09:23.148760,0,,
https://obuvin.vn.ua/,2024-11-29T21:09:23.737084,0,,
https://judaicaukrainica.ukma.edu.ua/,2024-11-29T21:09:24.760581,0,,
http://www.mgarsky-monastery.org.ua,2024-11-29T21:09:24.866301,0,,
https://www.quellen.org.ua/,2024-11-29T21:09:25.163786,0,,
https://www.reabit.org.ua,2024-11-29T21:09:26.138981,0,,
http://library.kharkov.ua/source/exposition/?id=52,2024-11-29T21:09:26.264094,0,,
http://bibl-malyshka.edukit.kiev.ua,2024-11-29T21:09:26.612407,1,,
http://museum.ck.ua/,2024-11-29T21:09:26.714885,0,,
http://archive.lnu.edu.ua,2024-11-29T21:09:27.060684,0,,
http://hnlib.vn.ua/,2024-11-29T21:09:27.166013,0,,
http://www.zankovetska.com.ua/,2024-11-29T21:09:27.335011,0,,
http://museum-of-money.org,2024-11-29T21:09:27.379568,0,,
http://www.reglibrary.mk.ua,2024-11-29T21:09:27.405649,0,,
http://kotsubinsky.vn.ua/,2024-11-29T21:09:27.925219,0,,
http://railway.lviv.ua,2024-11-29T21:09:28.403336,0,,
https://garden.kharkov.ua/,2024-11-29T21:09:28.473614,0,,
http://history.org.ua,2024-11-29T21:09:28.800524,0,,
http://www.pochaev.org.ua/,2024-11-29T21:09:28.899957,0,,
http://www.library.ukma.kiev.ua/,2024-11-29T21:09:29.015890,0,,
https://genderindetail.org.ua/,2024-11-29T21:09:29.769839,0,,
http://library.kharkov.ua/source/exposition/?id=47,2024-11-29T21:09:30.289698,0,,
http://boryspil-lingvasch-bibl.edukit.kiev.ua,2024-11-29T21:09:30.683427,0,,
http://poshyvailo-potters.gov.ua,2024-11-29T21:09:30.792635,0,,
http://www.arhive.ceramology.gov.ua/,2024-11-29T21:09:30.927024,0,,
http://culturelandshaft.wordpress.com/,2024-11-29T21:09:31.171874,0,,
http://kinder.mksat.net,2024-11-29T21:09:31.382303,0,,
http://www.vinspilka.vn.ua/,2024-11-29T21:09:31.503606,0,,
https://ukr.sovfarfor.com/,2024-11-29T21:09:31.520827,0,,
http://morskoimuzei.kh.ua/,2024-11-29T21:09:31.664529,0,,
http://korslib.net.ua/,2024-11-29T21:09:32.042435,0,,
https://my.matterport.com/show/?m=XxDnKGZfXJG,2024-11-29T21:09:33.221674,0,,
https://vue.gov.ua/%D0%93%D0%BE%D0%BB%D0%BE%D0%B2%D0%BD%D0%B0_%D1%81%D1%82%D0%BE%D1%80%D1%96%D0%BD%D0%BA%D0%B0,2024-11-29T21:09:33.390245,1,,
https://elfa.archives.gov.ua/uk/poshuk/fund-by-types#,2024-11-29T21:09:34.180850,1,,
https://tsdial.archives.gov.ua/,2024-11-29T21:09:34.284203,1,,
http://library.kharkov.ua/source/exposition/?id=46,2024-11-29T21:09:34.312441,0,,
http://shevchenko-museum.com.ua/,2024-11-29T21:09:34.414913,1,,
http://samarsky-mon.church.ua/,2024-11-29T21:09:34.725188,0,,
http://vgpk.com.ua/,2024-11-29T21:09:35.271859,0,,
https://kseniya-hram.church.ua/,2024-11-29T21:09:35.280191,1,,
http://www.library.chnu.edu.ua,2024-11-29T21:09:35.320283,1,,
https://www.bahai.dp.ua/,2024-11-29T21:09:35.469658,0,,
http://www.irpin-bibl.kiev.sch.in.ua/,2024-11-29T21:09:35.544916,0,,
http://en.uartlib.org/,2024-11-29T21:09:35.545125,0,,
http://ukmuseum.com.ua/,2024-11-29T21:09:35.706449,0,,
https://warmuseum.kiev.ua/_eng/,2024-11-29T21:09:35.722111,0,,
http://www.hotinbiblio.cv.ua/,2024-11-29T21:09:36.245361,0,,
https://crimea-is-ukraine.org,2024-11-29T21:09:36.819894,1,,
https://elib.nlu.org.ua/object.html?id=993,2024-11-29T21:09:37.328992,0,,
https://history.korolenko.kharkov.com/budivlja-biblioteki/,2024-11-29T21:09:37.608737,1,,
https://msu.edu.ua/library/,2024-11-29T21:09:38.367475,0,,
http://kotsubinsky.org/,2024-11-29T21:09:38.569572,0,,
http://nbukids.wordpress.com/,2024-11-29T21:09:39.281482,0,,
http://trening-center.edukit.lviv.ua/,2024-11-29T21:09:39.375690,0,,
http://www.kmrm.com.ua,2024-11-29T21:09:39.636682,0,,
https://opishne-museum.gov.ua/,2024-11-29T21:09:39.744689,0,,
https://english.migdal.org.ua/,2024-11-29T21:09:39.754150,0,,
http://ecocentr.edukit.te.ua,2024-11-29T21:09:40.362381,0,,
https://korolenko.kharkov.com/virtual_vistavki/Rarytety/r1.html,2024-11-29T21:09:40.476307,0,,
https://nmiu.org/,2024-11-29T21:09:40.897256,0,,
https://theatre.love/,2024-11-29T21:09:41.511982,0,,
https://history.korolenko.kharkov.com/personality/pershi-bibliotekari/,2024-11-29T21:09:41.636396,0,,
http://mvr.dp.ua/,2024-11-29T21:09:42.368160,0,,
http://dspace.kntu.kr.ua/,2024-11-29T21:09:42.413483,0,,
https://ludkevytch.in.ua/,2024-11-29T21:09:42.719703,0,,
https://museums.kh.ua,2024-11-29T21:09:43.430921,0,,
http://www.vsesvit-journal.com/,2024-11-29T21:09:43.879682,0,,
http://city-artschool.edu.kh.ua,2024-11-29T21:09:44.442368,0,,
https://korolenko.kharkov.com/virtual_vistavki/Journals/J0.html,2024-11-29T21:09:44.505745,0,,
http://philharmonic.lg.ua/about,2024-11-29T21:09:44.937421,0,,
http://okm.km.ua/,2024-11-29T21:09:45.405004,0,,
http://elar.fizmat.tnpu.edu.ua/,2024-11-29T21:09:45.595878,0,,
https://history.korolenko.kharkov.com/nagorody-biblioteky/,2024-11-29T21:09:45.666430,0,,
http://library.kharkov.ua/source/exposition/?id=33,2024-11-29T21:09:46.193331,1,,
http://nbgnsc.ru/,2024-11-29T21:09:46.471847,0,,
http://znamensky-mon.church.ua/,2024-11-29T21:09:46.810468,0,,
https://composersukraine.org/,2024-11-29T21:09:46.842752,0,,
http://memory.chornobylmuseum.kiev.ua/,2024-11-29T21:09:46.873196,1,,
http://svoye.wordpress.com/,2024-11-29T21:09:47.356403,0,,
https://cbs.rv.ua/,2024-11-29T21:09:47.448357,0,,
https://hramlavd.church.ua/,2024-11-29T21:09:47.544347,0,,
http://izbornyk.org.ua/,2024-11-29T21:09:47.702616,1,,
http://library.dudaryk.ua,2024-11-29T21:09:47.728844,1,,
http://incognita.day.kyiv.ua/exposition,2024-11-29T21:09:47.811123,0,,
http://ccjournals.eu/ojs/,2024-11-29T21:09:47.913855,1,,
http://ukrkniga.org.ua/,2024-11-29T21:09:47.985014,0,,
http://armenian-center.edu.kh.ua,2024-11-29T21:09:48.515957,0,,
https://aviamuseum.com.ua/3d.html,2024-11-29T21:09:48.534675,0,,
https://authenticukraine.com.ua/,2024-11-29T21:09:48.997052,0,,
http://library.kharkov.ua/source/exposition/?id=28,2024-11-29T21:09:50.455151,0,,
http://krolevets.com/museum.php,2024-11-29T21:09:50.870806,0,,
https://map.memorialholodomor.org.ua/golodomor-1932-1933/,2024-11-29T21:09:51.501014,0,,
http://baturin-capital.gov.ua/,2024-11-29T21:09:51.753365,0,,
https://gulyaypolemuseu.at.ua/,2024-11-29T21:09:51.776507,0,,
http://naukajournal.org/,2024-11-29T21:09:51.990766,0,,
http://www.vidrodzhenia.org.ua/,2024-11-29T21:09:52.032880,0,,
https://karpatart.com/,2024-11-29T21:09:52.199378,0,,
http://music-school10.edu.kh.ua,2024-11-29T21:09:52.568322,0,,
http://eehb.dspu.edu.ua/article/view/246900,2024-11-29T21:09:52.614420,0,,
https://mariupol.is/,2024-11-29T21:09:52.648433,0,,
http://www.archiveoun.info/,2024-11-29T21:09:52.687081,0,,
https://monasteries.org.ua/objects/map/?lang=uk,2024-11-29T21:09:54.594850,0,,
http://ir.duan.edu.ua/,2024-11-29T21:09:54.974757,0,,
http://gender.at.ua/,2024-11-29T21:09:54.990589,0,,
https://www.fjc.org.ua/,2024-11-29T21:09:55.514324,0,,
http://2018.hubs.org.ua/index-en.html,2024-11-29T21:09:55.602118,0,,
http://philarmonia.com.ua/,2024-11-29T21:09:55.640249,0,,
https://velikijhutir.cherkassy.ua,2024-11-29T21:09:55.784110,0,,
http://www.ukrfantclub.com.ua/,2024-11-29T21:09:55.814041,0,,
http://museum.depo.vn.ua/,2024-11-29T21:09:56.011279,0,,
http://zoomuseum.net/,2024-11-29T21:09:56.088509,0,,
http://repository.kpi.kharkov.ua,2024-11-29T21:09:56.138358,0,,
https://www.otdih.pro/en/pages/10399-muzei-kornelyukov-kosov/,2024-11-29T21:09:56.309403,0,,
https://ukrainianjewishencounter.org/en/,2024-11-29T21:09:57.073270,0,,
http://brovary-rcdut.edukit.kiev.ua,2024-11-29T21:09:57.617412,1,,
https://www.odesafilmstudio.com.ua/,2024-11-29T21:09:58.241560,1,,
https://kehilalinks.jewishgen.org/stavishche/resources.html,2024-11-29T21:09:58.597074,1,,
http://www.belinskogo.kh.ua/,2024-11-29T21:09:59.073393,1,,
https://polyana-mon.church.ua/,2024-11-29T21:09:59.549189,1,,
https://vestnmath.dnu.dp.ua,2024-11-29T21:09:59.815396,0,,
https://lnma.edu.ua/,2024-11-29T21:09:59.857801,0,,
http://horoshee-mon.church.ua/,2024-11-29T21:09:59.957517,0,,
http://davniyhalych.com.ua/,2024-11-29T21:10:00.068940,1,,
https://crashmuseum.in.ua/,2024-11-29T21:10:00.116804,0,,
https://www.prekrasastudio.com/,2024-11-29T21:10:00.318127,1,,
http://blazejowskyj.com/pro-muzei,2024-11-29T21:10:00.338438,0,,
https://knmc.org.ua/,2024-11-29T21:10:00.388422,1,,
https://cdiak.archives.gov.ua/daparat.php,2024-11-29T21:10:00.687034,0,,
https://shtetlroutes.eu/uk/buchach-cultural-heritage-card/,2024-11-29T21:10:00.754210,0,,
http://ethnology.lviv.ua,2024-11-29T21:10:01.099231,0,,
https://bedevlya-mon.church.ua/,2024-11-29T21:10:01.118926,1,,
http://brovary-sch5-bibl.edukit.kiev.ua,2024-11-29T21:10:01.694395,0,,
http://dspace.oneu.edu.ua/,2024-11-29T21:10:01.876539,0,,
http://hdauinp.org.ua,2024-11-29T21:10:02.362784,0,,
http://naukvisnyknmau.com.ua/,2024-11-29T21:10:03.287238,0,,
https://ostrohcastle.com.ua/,2024-11-29T21:10:03.877868,0,,
https://sumy-tyuz.org/,2024-11-29T21:10:03.896570,0,,
http://tavrida-museum.ru,2024-11-29T21:10:04.219962,0,,
https://history.korolenko.kharkov.com/video/,2024-11-29T21:10:04.360508,0,,
https://kau.com.ua/,2024-11-29T21:10:04.378724,0,,
https://mkdu-com-ua,2024-11-29T21:10:04.395036,0,,
http://eehb.dspu.edu.ua/issue/archive,2024-11-29T21:10:04.713425,0,,
https://buchachmiskrada.gov.ua,2024-11-29T21:10:04.860405,0,,
http://lvivpharmacy.org.ua/,2024-11-29T21:10:05.197405,0,,
http://pte.diit.edu.ua/,2024-11-29T21:10:05.923412,0,,
http://litky-sch-bibl.kiev.sch.in.ua,2024-11-29T21:10:05.947291,0,,
https://www.pharmencyclopedia.com.ua/,2024-11-29T21:10:06.397111,0,,
https://litmuseum.zt.ua/,2024-11-29T21:10:06.578944,0,,
https://domnitsa-mon.church.ua/,2024-11-29T21:10:06.705105,0,,
http://khorol-crb.edu.poltava.ua/,2024-11-29T21:10:06.773226,1,,
https://library.korolenko.kharkov.com/digital-education-hub/,2024-11-29T21:10:07.501214,1,,
http://www.lv.ukrstat.gov.ua,2024-11-29T21:10:07.573818,0,,
http://lvivgallery.org.ua/,2024-11-29T21:10:07.914784,0,,
https://baturin-capital.gov.ua/,2024-11-29T21:10:07.923080,0,,
http://www.geol.univ.kiev.ua/ua/museum/,2024-11-29T21:10:08.428683,0,,
https://knmau.com.ua/,2024-11-29T21:10:08.431615,0,,
http://www.utei-knteu.org.ua/,2024-11-29T21:10:08.560578,0,,
http://www.pyrohiv.com/,2024-11-29T21:10:08.812196,0,,
http://goschakit.at.ua/,2024-11-29T21:10:09.014317,0,,
http://www.starlibrari.at.ua/,2024-11-29T21:10:09.321452,0,,
https://dcvisu.pokutia.com/,2024-11-29T21:10:09.412043,0,,
http://museum.cult.gov.ua/nizhynskyj-krajeznavchyj-muzej-im-ivana-spaskoho/,2024-11-29T21:10:09.958468,0,,
http://volodarka-rctdu.edukit.kiev.ua,2024-11-29T21:10:10.013535,0,,
https://catacombs.od.ua/,2024-11-29T21:10:10.656358,0,,
https://oriyana.org.ua,2024-11-29T21:10:10.804031,0,,
http://publib.kl.com.ua/,2024-11-29T21:10:10.843951,0,,
http://masslib.pp.ua/,2024-11-29T21:10:10.891618,0,,
https://teatr.vn.ua,2024-11-29T21:10:10.944398,1,,
http://www.nbuv.gov.ua/node/546,2024-11-29T21:10:11.541517,0,,
http://ipmgu.dn.ua,2024-11-29T21:10:11.955183,0,,
https://svlavra.church.ua/,2024-11-29T21:10:12.154530,0,,
http://hotyn-mon.church.ua,2024-11-29T21:10:12.473202,0,,
http://lib.sowa.com.ua/,2024-11-29T21:10:12.500356,0,,
https://kalushcultura.if.ua/,2024-11-29T21:10:12.522561,0,,
http://www.ounb.km.ua/,2024-11-29T21:10:12.570091,1,,
https://shustoff.com/,2024-11-29T21:10:12.866122,0,,
http://zolotapektoral.te.ua/,2024-11-29T21:10:13.129229,0,,
https://roztoky-mon.church.ua/,2024-11-29T21:10:13.238327,0,,
http://aviamuseum.com.ua/,2024-11-29T21:10:13.433353,0,,
http://archeos.org.ua,2024-11-29T21:10:14.081708,0,,
http://obukhovychi-bibl1.edukit.kiev.ua,2024-11-29T21:10:14.095150,0,,
http://www.jewishheritage.org.ua/,2024-11-29T21:10:14.751236,0,,
https://chigirinzapovidnyk.org.ua,2024-11-29T21:10:14.835254,0,,
http://bibvas.ucoz.ua/,2024-11-29T21:10:15.040049,0,,
https://library.korolenko.kharkov.com/jak-zapysatysja/,2024-11-29T21:10:15.561448,0,,
http://lia.lvivcenter.org/en/storymaps/jewish-lviv/,2024-11-29T21:10:15.624701,0,,
https://uaculture.org/,2024-11-29T21:10:16.055529,0,,
https://theatre-shevchenko.ck.ua/,2024-11-29T21:10:16.189587,0,,
http://kolochava.com/,2024-11-29T21:10:16.558292,0,,
http://www.muzdepartament.uz.ua/,2024-11-29T21:10:16.656021,0,,
http://eehb.dspu.edu.ua/index,2024-11-29T21:10:16.886232,0,,
https://www.alexanderpalace.org/,2024-11-29T21:10:17.306001,0,,
http://al.ukma.edu.ua/,2024-11-29T21:10:17.489442,0,,
https://museum-portal.com/,2024-11-29T21:10:18.102763,0,,
http://ks-rmc-bibl.edukit.kiev.ua,2024-11-29T21:10:18.146625,0,,
http://www.tychynamuseum.com.ua,2024-11-29T21:10:18.830319,0,,
http://www.diaz.org.ua/,2024-11-29T21:10:18.922859,0,,
http://mcbs.org.ua/,2024-11-29T21:10:19.127609,0,,
http://librarybelop.at.ua/publ/muzej_im_o_olesja/pro_muzej_im_o_olesja/30-1-0-11,2024-11-29T21:10:19.699483,0,,
http://aki.nau.edu.ua,2024-11-29T21:10:20.287035,0,,
https://catalog.gallery.pl.ua/,2024-11-29T21:10:20.592193,0,,
https://kultura-zak.gov.ua/,2024-11-29T21:10:20.839379,0,,
http://eehb.dspu.edu.ua/index,2024-11-29T21:10:20.920523,0,,
http://ylibrary.zt.ua/,2024-11-29T21:10:21.251413,0,,
http://www.dbs.com.ru/,2024-11-29T21:10:21.486362,0,,
http://dig-content.com.ua,2024-11-29T21:10:21.579798,0,,
https://museum-portal.com/,2024-11-29T21:10:22.132025,0,,
http://vyshneve-sch2-bibl.edukit.kiev.ua,2024-11-29T21:10:22.232029,0,,
https://plisnesk.com.ua,2024-11-29T21:10:23.007448,0,,
http://bereznehuvate-biblioteka.edukit.mk.ua/,2024-11-29T21:10:23.290235,0,,
https://cdiak.archives.gov.ua/spysok_fondiv/1164/0001/,2024-11-29T21:10:23.640017,0,,
https://dnab.archives.gov.ua/,2024-11-29T21:10:24.141929,0,,
http://tseptsevichi-mon.church.ua,2024-11-29T21:10:24.592748,0,,
http://trigorsky-mon.church.ua/,2024-11-29T21:10:24.795812,0,,
https://theatre-shevchenko.com.ua/,2024-11-29T21:10:24.804948,0,,
http://cantuschoir.org/,2024-11-29T21:10:24.971517,0,,
http://eehb.dspu.edu.ua/issue/archive,2024-11-29T21:10:24.971576,0,,
https://bar-city.gov.ua/article/etnohrafichnyy-muzey-u-barskomu-koledzhi-transportu-ta-budivnyctva/,2024-11-29T21:10:25.230886,1,,
http://kosivlibrary.if.ua/,2024-11-29T21:10:25.563029,1,,
https://bokshaymuseum.com.ua/app.js,2024-11-29T21:10:25.608946,0,,
http://mics.org.ua/journal/index.php/mics,2024-11-29T21:10:25.722583,0,,
http://museum.cult.gov.ua/istoryko-arheolohichnyj-muzejnyj-kompleks-drevnij-lyubech/,2024-11-29T21:10:26.039558,1,,
https://museum-portal.com/,2024-11-29T21:10:26.147644,0,,
http://nrph.ukma.edu.ua/issue/archive,2024-11-29T21:10:26.261364,0,,
https://kiev-afon-mon.church.ua/,2024-11-29T21:10:26.925278,0,,
http://popasna-bdut.edukit.lg.ua/,2024-11-29T21:10:27.664021,0,,
https://nauka1941-1945.ru/,2024-11-29T21:10:28.428394,0,,
http://www.smnh.org/ua/,2024-11-29T21:10:28.910743,0,,
https://zakchoir.com.ua/,2024-11-29T21:10:29.041016,0,,
http://www.archaeology.odessa.ua/,2024-11-29T21:10:29.254393,0,,
http://library.khnu.km.ua/,2024-11-29T21:10:29.519575,0,,
https://lipesdatabase.com,2024-11-29T21:10:29.661846,0,,
http://museum.cult.gov.ua/osterskyj-krajeznavchyj-muzej/,2024-11-29T21:10:30.057857,0,,
https://museum-portal.com/,2024-11-29T21:10:30.170403,0,,
http://www.nmu.org.ua/,2024-11-29T21:10:30.429692,0,,
https://artmuz.org.ua/,2024-11-29T21:10:30.957995,0,,
http://library.tdmu.edu.ua/,2024-11-29T21:10:31.044185,0,,
http://museum.mk.ua/,2024-11-29T21:10:31.247695,0,,
http://www.archaeology.univ.kiev.ua/home/index.php?option=com_content&view=article&id=42&Itemid=112,2024-11-29T21:10:31.509832,0,,
http://derazhnia-crb.edukit.km.ua,2024-11-29T21:10:31.853187,1,,
https://zoloti-vorota.kiev.ua/,2024-11-29T21:10:32.034073,0,,
http://bar-library.com,2024-11-29T21:10:33.002022,0,,
http://teatr-khust.com.ua/,2024-11-29T21:10:33.127930,0,,
http://museum.cult.gov.ua/oblasnyj-istoryko-memorialnyj-muzej-zapovidnyk-p-kulisha-hannyna-pustyn/,2024-11-29T21:10:33.275144,0,,
http://library.dk.rv.ua/,2024-11-29T21:10:33.602053,0,,
http://kulturologiya.rv.ua/,2024-11-29T21:10:33.632863,0,,
http://www.grani.in.ua,2024-11-29T21:10:33.795166,0,,
http://museum.cult.gov.ua/horodnyanskyj-istoryko-krajeznavchyj-muzej/,2024-11-29T21:10:34.079468,0,,
http://www.bukuniver.edu.ua/,2024-11-29T21:10:34.201269,0,,
https://mydim.ua/companies/museum/museum-of-fire-case/,2024-11-29T21:10:34.624021,0,,
http://www.pyrohiv.com/activities/,2024-11-29T21:10:35.065470,0,,
http://library.vn.ua,2024-11-29T21:10:35.614069,0,,
http://donbass-dance.com,2024-11-29T21:10:35.740551,0,,
https://www.theater-krik.com,2024-11-29T21:10:36.117102,0,,
http://glynskaya-pustyn.church.ua,2024-11-29T21:10:36.773234,0,,
https://vilha-mon.church.ua/,2024-11-29T21:10:36.913053,0,,
http://www.stknuft.com.ua/,2024-11-29T21:10:37.244732,0,,
https://desnabib.kiev.ua/index.php?option=com_content&view=article&id=1175&Itemid=73,2024-11-29T21:10:37.307627,0,,
http://libo.lib.zt.ua/,2024-11-29T21:10:37.744143,0,,
https://iza-mon.church.ua/,2024-11-29T21:10:37.808809,0,,
https://kultura.uz.ua/,2024-11-29T21:10:37.872315,1,,
https://nppop.gov.ua/,2024-11-29T21:10:37.885854,0,,
https://veresoch-mon.church.ua/,2024-11-29T21:10:38.065432,1,,
http://immh.kiev.ua/,2024-11-29T21:10:38.287223,0,,
http://www.terebovlia-biblioteka.edukit.te.ua/,2024-11-29T21:10:38.344285,0,,
http://www.ji.lviv.ua/index.htm,2024-11-29T21:10:39.194143,0,,
https://cdiak.archives.gov.ua/full_files/,2024-11-29T21:10:39.288809,0,,
https://warmuseum.kiev.ua/_eng/museum/monument/,2024-11-29T21:10:39.295473,0,,
http://new.makinfo.org.ua/,2024-11-29T21:10:39.826894,0,,
http://golodomor.kharkov.ua,2024-11-29T21:10:40.162463,0,,
http://thenakedroom.com,2024-11-29T21:10:40.254833,0,,
http://museum.cult.gov.ua/bobrovytskyj-rajonyj-istoryko-krajeznavchyj-muzej/,2024-11-29T21:10:40.810643,0,,
http://akkerman-fort.com,2024-11-29T21:10:41.131902,0,,
https://desnabib.kiev.ua/index.php?option=com_content&view=category&layout=blog&id=44&Itemid=96&limitstart=60,2024-11-29T21:10:41.327638,0,,
http://www.monada-khust.com.ua/,2024-11-29T21:10:41.356170,0,,
http://pivdenne-cdut.edu.kh.ua/,2024-11-29T21:10:41.918960,0,,
http://lib.kh.ua/,2024-11-29T21:10:42.045737,0,,
http://rocnt.com.ua/,2024-11-29T21:10:42.045846,0,,
https://cct.dp.ua/,2024-11-29T21:10:42.438011,0,,
http://nbuv.gov.ua/j-tit/agrno,2024-11-29T21:10:42.453112,0,,
http://artmuseum.lebedyn.org/,2024-11-29T21:10:42.476090,0,,
https://feofania.church.ua/,2024-11-29T21:10:43.070110,0,,
https://www.izan.kiev.ua/library.htm,2024-11-29T21:10:43.222964,0,,
http://anm.odessa.ua/,2024-11-29T21:10:43.372219,0,,
https://gmuseum.org.ua/,2024-11-29T21:10:43.931736,0,,
http://www.dudaryk.ua,2024-11-29T21:10:44.292089,0,,
https://museum-portal.com/ua/museum/memorial-museum-manor-of-kateryna-bilokur,2024-11-29T21:10:45.352251,0,,
https://donopdut.org.ua/,2024-11-29T21:10:45.485672,0,,
http://obitel-nikolskoe.ru/,2024-11-29T21:10:45.837766,0,,
https://dpsu.gov.ua/ua/structure/chastini-centralnogo-pidporyadkuvannya/centralniy-muzey/,2024-11-29T21:10:45.965588,0,,
http://swija.com.ua/,2024-11-29T21:10:46.013526,0,,
http://lib.ber.te.ua/,2024-11-29T21:10:46.134064,0,,
http://vnnie.tneu.edu.ua/,2024-11-29T21:10:46.476004,0,,
https://goloszmin.org,2024-11-29T21:10:46.535244,0,,
https://lukl.kyiv.ua/,2024-11-29T21:10:47.314632,0,,
http://melitopol-museum.zp.ua/,2024-11-29T21:10:47.418825,0,,
http://akadempuppet.kiev.ua/,2024-11-29T21:10:48.114064,1,,
http://galushkivka.com/,2024-11-29T21:10:48.163641,1,,
https://mistomariupol.com.ua/uk/muzej-narodnogo-pobutu/,2024-11-29T21:10:48.302329,1,,
http://goloseevo.com.ua/,2024-11-29T21:10:48.386472,0,,
https://chopovichi-mon.church.ua/,2024-11-29T21:10:48.727052,1,,
http://lib.vntu.edu.ua,2024-11-29T21:10:48.754645,1,,
http://konshu.org/,2024-11-29T21:10:48.859711,1,,
https://zavorychi.church.ua/,2024-11-29T21:10:48.938056,1,,
http://ist.zolotonosha.ck.ua/,2024-11-29T21:10:49.343549,1,,
https://theatre-ester.org.ua/,2024-11-29T21:10:49.563277,1,,
https://oleksandriya-libr.rv.ua/,2024-11-29T21:10:49.604247,1,,
https://zodub.com.ua/,2024-11-29T21:10:49.630964,0,,
http://turizm.lugasport.info/,2024-11-29T21:10:49.638661,1,,
https://frankolibrary.org/,2024-11-29T21:10:49.654251,0,,
https://kolochava-mon.church.ua/,2024-11-29T21:10:49.898764,0,,
https://www.zgefcznu.in.ua,2024-11-29T21:10:49.978042,1,,
http://manlibre.at.ua/,2024-11-29T21:10:50.102763,1,,
https://dazo.gov.ua/elektronni-dovidkovi-informatsijni-vydannya,2024-11-29T21:10:50.110537,1,,
https://sobolivka-mon.church.ua/,2024-11-29T21:10:50.129229,1,,
https://danevka-mon.church.ua/,2024-11-29T21:10:50.140295,0,,
http://www.laginlib.org.ua,2024-11-29T21:10:50.194897,1,,
https://lemky.org.ua,2024-11-29T21:10:50.436941,1,,
http://bar.glo.ua/,2024-11-29T21:10:50.489058,0,,
http://bar.glo.ua/cultura,2024-11-29T21:10:50.492714,0,,
https://www.memo.ru,2024-11-29T21:10:50.554133,1,,
http://sm.mari.kiev.ua/,2024-11-29T21:10:50.721072,1,,
https://linoleumfest.com/,2024-11-29T21:10:50.864149,1,,
https://m.knmau.edu.ua,2024-11-29T21:10:52.262609,0,,
http://www.library.lg.ua,2024-11-29T21:10:52.820672,0,,
http://lpnu.ua/ntb/,2024-11-29T21:10:53.444035,0,,
http://biblio.grytsiv.km.ua/,2024-11-29T21:10:53.493870,0,,
http://eprints.cdu.edu.ua/,2024-11-29T21:10:53.653610,0,,
https://medbook.sumy.ua/,2024-11-29T21:10:53.663602,0,,
https://rilskogo.ucoz.ru/,2024-11-29T21:10:54.045890,0,,
http://www.voronizh-rada.gov.ua/culture/dms.html,2024-11-29T21:10:54.237689,0,,
https://library.pdpu.edu.ua/,2024-11-29T21:10:54.240681,0,,
http://librarychl.kr.ua/,2024-11-29T21:10:54.314075,0,,
https://web.archive.org/web/20130725155759/http://donetsk.donetsk.ua/muzeji-donecka.html,2024-11-29T21:10:54.519230,0,,
https://biblioteka-sl-dorosla.jimdofree.com,2024-11-29T21:10:54.544687,0,,
https://glassmuseuminlviv.org/,2024-11-29T21:10:54.631675,0,,
https://dramicom.dp.ua/,2024-11-29T21:10:54.893699,0,,
https://mamajeva-sloboda.ua/,2024-11-29T21:10:54.923771,0,,
http://artmuseum.sumy.ua/,2024-11-29T21:10:54.981625,0,,
https://shaj.sumdu.edu.ua/,2024-11-29T21:10:55.190235,0,,
http://journal.puet.edu.ua/,2024-11-29T21:10:56.314464,0,,
http://www.history.odessa.ua/,2024-11-29T21:10:57.471937,0,,
http://karpaty.rocks/region/ivano-frankivska-oblast/dolynskyy-rayon/bolehiv/muzey-nataliyi-kobrynskoyi-filial-muzeyu-im-rskvoriya,2024-11-29T21:10:57.521414,0,,
http://poltavahistory.org.ua/,2024-11-29T21:10:57.772395,0,,
https://lib.pmg17.vn.ua/,2024-11-29T21:10:57.801806,0,,
http://mirbiblio.pl.ua/,2024-11-29T21:10:57.822306,0,,
http://www.grani.in.ua/,2024-11-29T21:10:58.065442,0,,
http://www.donetsk-region-theater.in.ua/,2024-11-29T21:10:58.132670,0,,
http://uventa.ks.ua/,2024-11-29T21:10:58.300054,0,,
https://mm.terebovlia.info/,2024-11-29T21:10:58.345404,0,,
https://cnttum.in.ua,2024-11-29T21:10:58.355292,0,,
http://masters.kubg.edu.ua,2024-11-29T21:10:58.378012,0,,
https://theaterluspekaev.com/,2024-11-29T21:10:58.379148,0,,
http://www.ukrbook.net,2024-11-29T21:10:58.629261,0,,
https://vsei.vn.ua/,2024-11-29T21:10:58.647996,0,,
http://kuzneclib.in.ua,2024-11-29T21:10:58.655538,0,,
https://dobrabiblioteka.cv.ua/ua,2024-11-29T21:10:58.893473,0,,
https://museum.kname.edu.ua/,2024-11-29T21:10:59.042447,0,,
http://www.db.geroika.org.ua/,2024-11-29T21:10:59.059484,0,,
https://teatrkukolzt.com/,2024-11-29T21:10:59.117734,0,,
http://www.nibu.kiev.ua/,2024-11-29T21:10:59.199286,0,,
https://dramtheater.cv.ua/,2024-11-29T21:10:59.452501,0,,
http://tavrida-museum.ru,2024-11-29T21:11:00.347011,0,,
https://md-ukraine.com/ua/object/detail/1321_palac-getmana-k--rozumovskogo.html,2024-11-29T21:11:01.601261,0,,
https://lugocentum.pp.ua/,2024-11-29T21:11:01.663578,0,,
http://www.dobrabiblioteka.cv.ua/,2024-11-29T21:11:01.669606,0,,
http://bdut.kuprda.gov.ua/,2024-11-29T21:11:01.979123,0,,
https://novohrad-mon.church.ua/,2024-11-29T21:11:02.196482,0,,
http://library-buryn.org/,2024-11-29T21:11:02.307641,0,,
https://ukrdrama.dp.ua/,2024-11-29T21:11:02.417337,0,,
https://gorodilovo-mon.church.ua/,2024-11-29T21:11:02.527742,1,,
http://museum.rv.gov.ua/,2024-11-29T21:11:02.537320,0,,
https://baturin-capital.gov.ua/,2024-11-29T21:11:02.674814,0,,
https://arheologia.com.ua/index.php/arheologia,2024-11-29T21:11:02.679827,0,,
https://profy.nlu.org.ua/,2024-11-29T21:11:02.892139,1,,
http://chl.kiev.ua/,2024-11-29T21:11:03.142133,0,,
http://lib.puet.edu.ua,2024-11-29T21:11:03.287981,1,,
https://www.dakhabrakha.com.ua,2024-11-29T21:11:03.302538,0,,
http://ccl.org.ua/ru,2024-11-29T21:11:04.949410,0,,
http://book-house.org,2024-11-29T21:11:05.008313,0,,
http://minikiev.kiev.ua,2024-11-29T21:11:05.751174,0,,
http://www.dom-prirody.com.ua/,2024-11-29T21:11:05.957294,0,,
https://muzey.ck.ua/,2024-11-29T21:11:06.095835,0,,
https://www.enc.od.ua/,2024-11-29T21:11:06.423608,0,,
https://kurbas.lviv.ua,2024-11-29T21:11:06.538964,0,,
http://polonne-crb.at.ua/,2024-11-29T21:11:06.831965,0,,
https://ounuis.info,2024-11-29T21:11:06.961970,0,,
http://evrey.com.ua/ru,2024-11-29T21:11:06.996074,0,,
https://adiu.com.ua/index.php/journal,2024-11-29T21:11:07.226479,0,,
https://warmuseum.kiev.ua/_eng/,2024-11-29T21:11:07.229905,0,,
https://yermilovcentre.org/,2024-11-29T21:11:07.463167,0,,
http://archaeology.odessa.ua/,2024-11-29T21:11:07.488845,0,,
http://hosted.sacura.net/museum/,2024-11-29T21:11:07.515532,0,,
https://cherkasy-music-art.org.ua/mus/news/index.html,2024-11-29T21:11:07.873324,0,,
http://www.lib.uzhnu.edu.ua/,2024-11-29T21:11:08.710423,0,,
http://zolo.gov.ua/istory-chni-pam-yatky-zolotonoshi,2024-11-29T21:11:08.994541,0,,
http://niez.com.ua/,2024-11-29T21:11:09.036931,0,,
https://organ.rv.ua/,2024-11-29T21:11:10.178938,0,,
https://pmis.ks.gov.ua/,2024-11-29T21:11:10.588880,0,,
https://www.primetour.ua/,2024-11-29T21:11:10.611608,0,,
http://www.krasnoarmiysk-sut.dn.sch.in.ua/,2024-11-29T21:11:11.028022,1,,
http://lozova-cbs.edu.kh.ua/,2024-11-29T21:11:11.146739,1,,
https://reherit.org.ua,2024-11-29T21:11:11.167117,0,,
http://memory.chornobylmuseum.kiev.ua/#,2024-11-29T21:11:11.250848,0,,
https://pokrov-kievmon.church.ua/,2024-11-29T21:11:11.556867,0,,
http://filminstitute.org.ua,2024-11-29T21:11:11.585241,0,,
https://kultura-poltava.gov.ua/zakladi/muzej-v-g-korolenka/,2024-11-29T21:11:11.907505,0,,
https://mfs.digital/,2024-11-29T21:11:11.938864,0,,
http://ternovatoe-mon.church.ua/,2024-11-29T21:11:12.446760,0,,
http://www.dsmu.edu.ua,2024-11-29T21:11:13.123734,0,,
http://if.archives.gov.ua/,2024-11-29T21:11:13.592406,1,,
https://tsdazu.archives.gov.ua/,2024-11-29T21:11:13.622468,0,,
http://www.galytsky-orkestr.te.ua/,2024-11-29T21:11:13.770822,1,,
https://ui.org.ua/en,2024-11-29T21:11:13.994794,1,,
https://synevyr-park.in.ua/,2024-11-29T21:11:14.039278,0,,
https://zahreblya-mon.church.ua/,2024-11-29T21:11:14.299479,0,,
https://ujnpnzmriaj.odessaedu.net/,2024-11-29T21:11:14.590483,1,,
http://pyrohiv.org.ua,2024-11-29T21:11:14.622979,0,,
https://puppet.kharkov.ua/musej,2024-11-29T21:11:14.651157,0,,
https://karaimkharkiv.wordpress.com/,2024-11-29T21:11:14.656156,1,,
http://ddt.at.ua/,2024-11-29T21:11:14.663970,0,,
http://baturin-mon.church.ua/,2024-11-29T21:11:14.698601,0,,
http://museum.kambio.ua,2024-11-29T21:11:15.064708,0,,
http://memory.chornobylmuseum.kiev.ua/,2024-11-29T21:11:15.271743,0,,
https://ofam.3dprostir.com/,2024-11-29T21:11:15.300665,0,,
http://museum.profession.org.ua/,2024-11-29T21:11:15.654556,0,,
http://www.abalakovets.sumy.ua,2024-11-29T21:11:16.308763,0,,
https://ua.igotoworld.com/en/poi_object/75378_pamyatnik-voinam-afgancam-energodar.htm,2024-11-29T21:11:17.083157,0,,
http://solzhenitsyn-exhibition.ru/exposition/index.php,2024-11-29T21:11:17.734957,0,,
https://tustan.com.ua/,2024-11-29T21:11:18.110036,0,,
https://hortica.zp.ua/ua/,2024-11-29T21:11:18.146610,0,,
http://onu.edu.ua/en/culture/museums/rarebook,2024-11-29T21:11:18.627784,0,,
http://journalbio.vnu.edu.ua,2024-11-29T21:11:18.704681,0,,
http://bogod-cdut.at.ua/,2024-11-29T21:11:18.720264,0,,
http://library.kharkov.ua/source/exposition/,2024-11-29T21:11:18.720282,0,,
https://dzhereltse-mudrosti.webnode.com.ua/,2024-11-29T21:11:18.890205,1,,
https://junnat.kherson.ua/,2024-11-29T21:11:19.217642,1,,
http://baburka.zp.ua/,2024-11-29T21:11:19.220759,0,,
http://museum-monument.knukim.edu.ua/,2024-11-29T21:11:19.295314,1,,
http://memory.chornobylmuseum.kiev.ua/,2024-11-29T21:11:19.296315,0,,
https://lipcha-mon.church.ua/,2024-11-29T21:11:19.308318,1,,
http://bogoduhiv-cbs.edu.kh.ua/,2024-11-29T21:11:19.364390,0,,
http://book5.ucoz.ru/,2024-11-29T21:11:19.386250,1,,
http://ndiu.org.ua/,2024-11-29T21:11:19.469112,1,,
http://circus.internet.zp.ua/,2024-11-29T21:11:19.532452,1,,
http://hfcodessa.org,2024-11-29T21:11:19.682552,0,,
http://museum.belovodsk.info/,2024-11-29T21:11:19.712766,1,,
http://memory.chornobylmuseum.kiev.ua/,2024-11-29T21:11:19.751973,1,,
http://vas-cdt.do.am/,2024-11-29T21:11:19.829759,1,,
http://memory.chornobylmuseum.kiev.ua/,2024-11-29T21:11:20.133036,1,,
https://rusaggression.gov.ua/,2024-11-29T21:11:20.161283,1,,
http://mivg.iwpim.com.ua,2024-11-29T21:11:20.220634,1,,
https://oldgallery.zabor.zp.ua/,2024-11-29T21:11:20.413316,1,,
https://lopukhov-mon.church.ua/,2024-11-29T21:11:20.434591,1,,
https://library.sakharov-center.ru/,2024-11-29T21:11:20.642167,1,,
http://memory.chornobylmuseum.kiev.ua/,2024-11-29T21:11:20.642489,1,,
http://tserkovshchina.church.ua/,2024-11-29T21:11:20.807445,1,,
http://bavka.com/,2024-11-29T21:11:20.860610,1,,
https://www.anton-chehov.info/,2024-11-29T21:11:21.006074,1,,
http://memory.chornobylmuseum.kiev.ua/,2024-11-29T21:11:21.170528,1,,
http://library.donnu.edu.ua/node/7,2024-11-29T21:11:21.186052,0,,
https://lia.lvivcenter.org/uk/objects/lychakiv-cemetery/,2024-11-29T21:11:21.197808,1,,
https://saltway.in.ua/,2024-11-29T21:11:21.293888,0,,
http://www.jewishmariupol.com.ua/,2024-11-29T21:11:21.344903,1,,
http://www.organhall.kiev.ua/,2024-11-29T21:11:21.414956,1,,
http://lia.lvivcenter.org/#!/map/,2024-11-29T21:11:21.517591,1,,
http://memory.chornobylmuseum.kiev.ua/,2024-11-29T21:11:21.622578,1,,
https://wiki.library.kr.ua/,2024-11-29T21:11:21.626584,1,,
https://sergievapust-mon.church.ua/,2024-11-29T21:11:21.723800,1,,
https://dumkacapella.com.ua/,2024-11-29T21:11:21.746340,1,,
http://www.artmuseum.zp.ua,2024-11-29T21:11:21.779205,1,,
http://babynyar.gov.ua/,2024-11-29T21:11:22.135957,0,,
http://memory.chornobylmuseum.kiev.ua/,2024-11-29T21:11:22.161386,1,,
https://ukr.sovfarfor.com/,2024-11-29T21:11:22.166864,0,,
http://lpba.org.ua,2024-11-29T21:11:22.198921,0,,
https://vinogradov-mon.church.ua/,2024-11-29T21:11:22.343697,1,,
https://cherkassy.islam.ua/,2024-11-29T21:11:22.706614,0,,
http://www.medobory-reserve.te.ua/,2024-11-29T21:11:22.905630,0,,
http://neweraorchestra.com/,2024-11-29T21:11:22.912169,1,,
https://te.20minut.ua/Vystavky/u-ternopoli--mandrivna-fotovistavka-proektu-music-life-10640856.html,2024-11-29T21:11:23.050027,1,,
https://sichovi-kozaku.com.ua/,2024-11-29T21:11:25.883765,0,,
http://pema.khpi.edu.ua/,2024-11-29T21:11:26.089658,1,,
http://lemeshovska-mon.church.ua/,2024-11-29T21:11:26.145221,1,,
https://monasteries.org.ua/,2024-11-29T21:11:26.187721,0,,
http://memory.chornobylmuseum.kiev.ua/,2024-11-29T21:11:26.188215,0,,
http://sverdlovsk-mriya.edukit.lg.ua/,2024-11-29T21:11:26.193617,0,,
https://www.vodokanal.kiev.ua/muzej-%D1%96stor%D1%96%D1%97-kanal%D1%96zacz%D1%96%D1%97,2024-11-29T21:11:26.336232,0,,
https://kushnica-mon.church.ua/,2024-11-29T21:11:26.387928,0,,
https://borisovka-mon.church.ua/,2024-11-29T21:11:26.706781,0,,
https://volyntravel.com.ua/,2024-11-29T21:11:26.977087,0,,
http://www.sokal.lviv.ua/muzej-pro_muzej.html,2024-11-29T21:11:27.305879,1,,
http://library.donnu.edu.ua/,2024-11-29T21:11:27.964598,1,,
http://aleksandro-mon.church.ua/,2024-11-29T21:11:28.462947,1,,
http://artmuz.org.ua/,2024-11-29T21:11:29.952792,0,,
http://nv.nltu.edu.ua/,2024-11-29T21:11:30.151824,0,,
http://memory.chornobylmuseum.kiev.ua/,2024-11-29T21:11:30.233854,0,,
http://bibl-furmanova.edu.kh.ua/,2024-11-29T21:11:30.257430,0,,
http://pidlypne-bibl.edukit.sumy.ua/,2024-11-29T21:11:30.295685,0,,
http://mmirl.edu.ua/,2024-11-29T21:11:30.461732,0,,
http://incognita.day.kiev.ua/,2024-11-29T21:11:31.039795,0,,
http://levch.ho.ua/top.html,2024-11-29T21:11:31.313394,0,,
https://verkhovyna.life/museum,2024-11-29T21:11:31.334187,0,,
http://ukrlugteatr.com/,2024-11-29T21:11:32.053333,0,,
http://www.pmu.pl.ua/,2024-11-29T21:11:32.258831,0,,
https://nuernbergerhaus.kharkov.ua/,2024-11-29T21:11:33.984048,0,,
https://www.history.az/en/,2024-11-29T21:11:34.224431,0,,
http://memory.chornobylmuseum.kiev.ua/,2024-11-29T21:11:34.258847,0,,
http://pm-mm.dp.ua/,2024-11-29T21:11:34.313262,0,,
http://okhtyrka-dmsh.edukit.sumy.ua/,2024-11-29T21:11:34.373443,0,,
https://kraynikovo-mon.church.ua/,2024-11-29T21:11:34.441564,0,,
https://www.univ.kiev.ua,2024-11-29T21:11:35.140199,0,,
http://filarm.vn.ua,2024-11-29T21:11:35.364917,0,,
http://hm-library.com.ua/,2024-11-29T21:11:35.376444,0,,
http://puppet.kharkov.ua/,2024-11-29T21:11:36.076508,0,,
http://collegeculture.at.ua/,2024-11-29T21:11:36.411438,0,,
http://gprystan-crb.edukit.kherson.ua/,2024-11-29T21:11:36.525483,1,,
http://www.ounb.sumy.ua,2024-11-29T21:11:38.158345,0,,
https://oralhistory.com.ua,2024-11-29T21:11:38.292900,0,,
http://vestnikzgia.com.ua/,2024-11-29T21:11:38.333571,0,,
http://markivka-biblioteka.edukit.lg.ua/,2024-11-29T21:11:38.455240,0,,
http://library.kharkov.ua/source/exposition/?id=78,2024-11-29T21:11:38.461253,0,,
https://spadok.org.ua/muzeyi/blog,2024-11-29T21:11:38.572131,0,,
https://zabolotnoe-mon.church.ua/,2024-11-29T21:11:39.017455,1,,
http://babyn-yar.gov.ua/,2024-11-29T21:11:39.273302,1,,
https://portal11.com.ua/,2024-11-29T21:11:39.353492,0,,
https://pl-puppet.com.ua/,2024-11-29T21:11:39.354940,1,,
http://ripky-bibl.edukit.cn.ua/,2024-11-29T21:11:39.425800,0,,
http://kanivbiosfera.at.ua/,2024-11-29T21:11:39.439967,0,,
https://seltso-mon.church.ua/,2024-11-29T21:11:39.577239,1,,
https://dk-darnica.kiev.ua/,2024-11-29T21:11:40.503781,0,,
http://www.inst-ukr.lviv.ua,2024-11-29T21:11:40.507612,1,,
http://baranovo-mon.church.ua,2024-11-29T21:11:40.544412,0,,
http://biblioteka13.zp.sch.in.ua/,2024-11-29T21:11:41.734022,1,,
http://novavodolaga-bdut.edu.kh.ua,2024-11-29T21:11:42.378875,1,,
http://library.zu.edu.ua/,2024-11-29T21:11:42.378990,0,,
http://history-pages.kpi.ua/,2024-11-29T21:11:42.429056,0,,
http://konotop-sun.edukit.sumy.ua/,2024-11-29T21:11:42.559008,0,,
https://www.migdal.org.ua/migdal/museum/,2024-11-29T21:11:42.655266,0,,
https://rohatynjewishheritage.org/,2024-11-29T21:11:43.435078,0,,
http://www.kamkash-dytbibl.edukit.volyn.ua/,2024-11-29T21:11:43.586894,0,,
https://suem.edu.ua/nauka/naukova-biblioteka-0,2024-11-29T21:11:43.705558,0,,
http://ropyanyk.com/,2024-11-29T21:11:43.735081,0,,
http://nvorontsovka-crb.ks.sch.in.ua/,2024-11-29T21:11:44.309891,1,,
https://dorogbibl.ucoz.ua/,2024-11-29T21:11:44.570360,0,,
https://lumuseum.zwiahel.info/,2024-11-29T21:11:44.601519,0,,
http://life.zp.ua/,2024-11-29T21:11:44.623773,0,,
http://vystavki-samara.rgantd.ru/,2024-11-29T21:11:44.644932,0,,
https://alushta-mon.church.ua,2024-11-29T21:11:44.801820,0,,
http://rdmsh.edu.kh.ua/,2024-11-29T21:11:46.450428,0,,
http://museum.rv.gov.ua/,2024-11-29T21:11:46.450460,0,,
https://mfs.digital/,2024-11-29T21:11:46.455931,0,,
http://konotop-dshm.edukit.sumy.ua/,2024-11-29T21:11:46.627187,0,,
http://www.buchachlibrary.te.ua/,2024-11-29T21:11:46.664561,0,,
https://www.migdal.org.ua/migdal/museum/,2024-11-29T21:11:46.676361,0,,
http://museum-blavatsky.com.ua/en/,2024-11-29T21:11:47.396603,0,,
http://zolochiv-crb.edukit.lviv.ua/,2024-11-29T21:11:47.652192,0,,
http://dnipriany-bibl.edukit.kherson.ua/,2024-11-29T21:11:47.785087,0,,
https://zabor.zp.ua/Kultura/DK.htm,2024-11-29T21:11:48.406073,0,,
http://zotic.zp.ua/,2024-11-29T21:11:48.752628,0,,
http://nashteatr.lviv.ua,2024-11-29T21:11:48.794620,0,,
https://artmuseum.te.ua/,2024-11-29T21:11:48.920612,0,,
https://www.djc.com.ua/,2024-11-29T21:11:49.800883,0,,
https://e-u.edu.ua/ua/,2024-11-29T21:11:50.482184,0,,
https://olhovtsy-mon.church.ua/,2024-11-29T21:11:50.537422,0,,
http://kodyma.od.ua/,2024-11-29T21:11:50.695539,0,,
http://kids.dubno-lib.rv.ua/,2024-11-29T21:11:50.695653,0,,
http://pytlit.chnu.edu.ua/,2024-11-29T21:11:51.110554,1,,
https://davio.gov.ua/page/elektronniy_arhiv,2024-11-29T21:11:51.366602,1,,
https://spadok.org.ua/muzeyi/boryslavskyy-istoryko-krayeznavchyy-muzey,2024-11-29T21:11:51.474332,1,,
https://ubi.org.ua/uk,2024-11-29T21:11:51.515128,0,,
https://marionetok.com/,2024-11-29T21:11:51.522932,0,,
http://www.vv-dytbibl.edukit.volyn.ua/,2024-11-29T21:11:51.729787,0,,
https://dubrovka-mon.church.ua/,2024-11-29T21:11:51.753021,1,,
https://veryovka.com/,2024-11-29T21:11:52.183662,1,,
https://ksiprostir.org/,2024-11-29T21:11:52.195484,1,,
https://manmelitopol.ucoz.org/,2024-11-29T21:11:52.466693,0,,
https://stolyarsky.od.ua/,2024-11-29T21:11:52.475776,1,,
http://barskaya-obitel.church.ua/,2024-11-29T21:11:52.492428,0,,
http://muzejew.org.ua/,2024-11-29T21:11:52.673758,1,,
http://nvmcbs.ukit.me/,2024-11-29T21:11:52.887897,0,,
http://www.ugcc.od.ua/,2024-11-29T21:11:52.944251,0,,
http://mkpstu.com/,2024-11-29T21:11:52.970490,0,,
http://evrey.com.ua/ru,2024-11-29T21:11:52.974325,0,,
https://nlu.org.ua/,2024-11-29T21:11:53.823863,0,,
https://gorodylovo-mon.church.ua/,2024-11-29T21:11:53.885367,1,,
http://ee.zntu.edu.ua,2024-11-29T21:11:54.502632,0,,
https://muklib.blogspot.com/,2024-11-29T21:11:54.747368,0,,
https://ukrteatr.odessa.ua/,2024-11-29T21:11:55.496874,0,,
https://bl.crm.muzkult.ru/,2024-11-29T21:11:55.662138,0,,
http://lukashi-nvk.edukit.kiev.ua/,2024-11-29T21:11:55.797506,0,,
https://periodicals.karazin.ua/politology/index,2024-11-29T21:11:56.227865,0,,
http://pech-cdut.at.ua/,2024-11-29T21:11:56.623767,0,,
https://vmelitopole.ru/,2024-11-29T21:11:56.689030,0,,
http://male-mon.church.ua,2024-11-29T21:11:56.734284,0,,
http://nplu.org/,2024-11-29T21:11:56.747598,0,,
https://anastasievsky-mon.church.ua,2024-11-29T21:11:56.893877,0,,
https://planeta.ks.ua/,2024-11-29T21:11:56.983182,0,,
https://www.ofam.org.ua/en/ofam-online,2024-11-29T21:11:57.011232,0,,
https://theater.kyiv.ua/,2024-11-29T21:11:57.037807,0,,
https://soloma.libraries.kiev.ua/,2024-11-29T21:11:58.533466,0,,
https://www.inspirock.com/ukraine/chernihiv/chernihiv-regional-art-museum-a1124093333,2024-11-29T21:11:58.546789,0,,
https://domuch.kharkov.ua/,2024-11-29T21:11:58.823977,0,,
http://cnttum.ks.ua/,2024-11-29T21:11:58.999815,0,,
http://musicdrama.com.ua/,2024-11-29T21:11:59.641759,0,,
http://dmh.lviv.ua/,2024-11-29T21:11:59.786317,0,,
http://www.uman-csb.edukit.ck.ua/,2024-11-29T21:11:59.963281,0,,
https://periodicals.karazin.ua/irtb/index,2024-11-29T21:12:00.253975,0,,
https://honchar.org.ua/,2024-11-29T21:12:00.762164,0,,
http://lozova-bdut.at.ua/,2024-11-29T21:12:01.074948,0,,
http://xemt.kharkov.ua/,2024-11-29T21:12:01.303877,0,,
https://web.archive.org/web/20110715234744/http://www.museum-ukraine.org.ua/,2024-11-29T21:12:02.578324,0,,
http://peacekeeping-centre.in.ua,2024-11-29T21:12:02.680033,0,,
https://biblioteka.volyn.ua/,2024-11-29T21:12:03.159347,0,,
https://andreevsky-mon.church.ua,2024-11-29T21:12:03.433871,1,,
https://akademteatr.com.ua/,2024-11-29T21:12:03.711486,0,,
https://svalyava-mon.church.ua/,2024-11-29T21:12:03.827735,0,,
http://chaplynka-rbtdu.ks.sch.in.ua/,2024-11-29T21:12:04.084951,0,,
https://vtl.in.ua/,2024-11-29T21:12:04.334683,0,,
https://knyazhichi-mon.church.ua/,2024-11-29T21:12:04.727127,1,,
http://cdut2.edu.kh.ua/,2024-11-29T21:12:05.127200,0,,
https://izyum-mon.church.ua/,2024-11-29T21:12:05.246424,1,,
https://demer.cn.ua,2024-11-29T21:12:05.249120,1,,
http://centrturizmu.zp.ua/,2024-11-29T21:12:05.412308,0,,
http://teatr-kukol.ks.ua/,2024-11-29T21:12:05.484919,0,,
https://kazantip.church.ua/,2024-11-29T21:12:05.912263,0,,
https://uglya-mon.church.ua/,2024-11-29T21:12:05.967069,0,,
https://soshnikiv.church.ua/,2024-11-29T21:12:06.831088,0,,
http://dbms.institute,2024-11-29T21:12:06.889053,0,,
http://romny-dytbibl1.edukit.sumy.ua/,2024-11-29T21:12:07.244806,0,,
https://www.donnu.edu.ua/uk/,2024-11-29T21:12:07.845994,0,,
http://bilogorivka-dnz.lg.sch.in.ua/,2024-11-29T21:12:08.196203,0,,
http://ubphj.nuph.edu.ua/,2024-11-29T21:12:08.378547,0,,
https://puppet-theater.kiev.ua/,2024-11-29T21:12:08.835434,0,,
https://khmelnytsky-sob.church.ua/,2024-11-29T21:12:08.835725,0,,
https://st.kharkov.ua/,2024-11-29T21:12:09.249001,0,,
http://dk-bykova.in.ua/,2024-11-29T21:12:09.550362,0,,
https://tuz.od.ua,2024-11-29T21:12:09.551722,0,,
http://karlivka-biblioteka.edu.poltava.ua,2024-11-29T21:12:10.938120,0,,
https://oemo.org/,2024-11-29T21:12:10.998544,0,,
http://volynchoir.com.ua/,2024-11-29T21:12:11.248140,0,,
http://zavalniuk.in.ua/,2024-11-29T21:12:11.338677,0,,
https://academia.gov.ua,2024-11-29T21:12:11.939689,0,,
http://vovchansk-bdut.kh.sch.in.ua/,2024-11-29T21:12:12.317064,0,,
http://cphj.nuph.edu.ua/,2024-11-29T21:12:12.425227,0,,
http://uspen-odessa-mon.church.ua,2024-11-29T21:12:12.876739,0,,
http://sites.znu.edu.ua/liberal_edu/,2024-11-29T21:12:13.302123,0,,
https://teatrkykol.1c-umi.ru/,2024-11-29T21:12:13.646916,0,,
http://gordiy.zp.ua/,2024-11-29T21:12:13.665828,0,,
http://zhnyborody.te.ua/,2024-11-29T21:12:15.348882,0,,
http://firefliesshadow.com/,2024-11-29T21:12:15.418154,0,,
https://bahchisaray-mon.church.ua,2024-11-29T21:12:15.514297,0,,
https://www.hesedbesht.org.ua/,2024-11-29T21:12:16.104031,0,,
http://chuguiv-bdut.edu.kh.ua/,2024-11-29T21:12:16.401892,0,,
http://mi-dnu.dp.ua/,2024-11-29T21:12:16.620363,0,,
http://brailov-mon.church.ua/,2024-11-29T21:12:16.717373,0,,
https://drevo.co.ua/,2024-11-29T21:12:17.050280,0,,
https://archive.kyivcity.gov.ua/,2024-11-29T21:12:17.254757,1,,
http://sites.znu.edu.ua/stud-sci-soc/,2024-11-29T21:12:17.326614,0,,
https://krasnogor-mk-mon.church.ua/,2024-11-29T21:12:17.328891,0,,
http://ivanovka-mon.church.ua,2024-11-29T21:12:17.329061,0,,
https://sulymivka.church.ua/,2024-11-29T21:12:17.640314,1,,
https://kremenaya.com/,2024-11-29T21:12:17.689295,1,,
http://alchevsk-cdut.edukit.lg.ua,2024-11-29T21:12:17.694786,0,,
https://sadove.church.ua/,2024-11-29T21:12:18.005246,0,,
https://tokmak-mon.church.ua/,2024-11-29T21:12:18.052691,0,,
http://www.othu.com.ua/,2024-11-29T21:12:19.071167,0,,
https://zamky.te.ua/,2024-11-29T21:12:19.593084,0,,
http://ophcj.nuph.edu.ua/,2024-11-29T21:12:20.653580,0,,
https://saint-tatyana.church.ua/,2024-11-29T21:12:20.949646,0,,
http://ikm2002.narod.ru/,2024-11-29T21:12:21.197729,0,,
http://museum.cult.gov.ua/borznyanskyj-hudozhno-memorialnyj-muzej-sadyba-narodnoho-hudozhnyka-ukrajiny-oleksandra-sajenka/,2024-11-29T21:12:21.274099,0,,
http://sites.znu.edu.ua/vdpp/,2024-11-29T21:12:21.348956,0,,
https://puppets.kr.ua/,2024-11-29T21:12:21.469809,0,,
https://cmitotem.wixsite.com/cmitotem,2024-11-29T21:12:21.688780,0,,
http://teatrkulisha.org/,2024-11-29T21:12:21.713067,0,,
http://novapraga-bdut.edukit.kr.ua,2024-11-29T21:12:21.744114,0,,
http://ipkotlyarevsky.narod.ru/MuzKotlru5.htm,2024-11-29T21:12:22.085109,0,,
http://sphhcj.nuph.edu.ua/,2024-11-29T21:12:24.740344,0,,
https://skovorodamuseum.com.ua/,2024-11-29T21:12:25.031293,0,,
https://md-ukraine.com/ua/object/detail/1321_palac-getmana-k--rozumovskogo.html,2024-11-29T21:12:25.293931,0,,
https://naoma.edu.ua/,2024-11-29T21:12:25.405211,0,,
http://museum.khpg.org/,2024-11-29T21:12:25.405228,0,,
http://ibc-naas.com/,2024-11-29T21:12:25.453128,0,,
https://video.shakhtar.com/,2024-11-29T21:12:25.741182,0,,
https://uchkult.ks.ua/,2024-11-29T21:12:25.781057,0,,
http://novgorodka-bdut.edukit.kr.ua,2024-11-29T21:12:25.816878,0,,
https://www.nezhin-dram.in.ua,2024-11-29T21:12:25.842148,0,,
http://library.kharkov.ua/source/exposition/?id=74,2024-11-29T21:12:26.106260,0,,
https://cultura.mkrada.gov.ua/,2024-11-29T21:12:27.140896,0,,
https://berezan-blag.church.ua,2024-11-29T21:12:27.601157,0,,
http://seminaria.rv.ua/,2024-11-29T21:12:27.655280,0,,
https://khmelnytskiy.church.ua/,2024-11-29T21:12:28.656122,1,,
http://nemirov-mon.church.ua/,2024-11-29T21:12:28.795269,0,,
http://ahtyr.org,2024-11-29T21:12:28.848306,0,,
http://chigirinzapovidnyk.org.ua/index.php,2024-11-29T21:12:28.879842,1,,
http://kirillovsky-mon.church.ua/,2024-11-29T21:12:29.038490,0,,
https://philharmonic-lviv.virtual.ua/ua/3d-tour/,2024-11-29T21:12:29.040118,1,,
http://hdbhtt.com.ua/,2024-11-29T21:12:29.565174,0,,
https://polinaraiko.com/,2024-11-29T21:12:29.912223,0,,
http://oleksandria-cdut.edukit.kr.ua,2024-11-29T21:12:29.956883,0,,
https://okrain.net.ua/en/article/read/kremenchugskij-istoriko-kraevedcheskij-muzej.html,2024-11-29T21:12:29.987047,1,,
https://www.onaft.edu.ua/,2024-11-29T21:12:29.998892,0,,
https://magara.zp.ua/,2024-11-29T21:12:30.028347,1,,
https://oloshynivka.church.ua/,2024-11-29T21:12:30.085290,0,,
http://library.kharkov.ua/source/exposition/?id=68,2024-11-29T21:12:30.124371,0,,
https://ir.vtei.edu.ua/,2024-11-29T21:12:31.286016,0,,
https://circus-lviv.virtual.ua/ua/3d-tour/,2024-11-29T21:12:33.116727,0,,
https://ternovo-mon.church.ua/,2024-11-29T21:12:33.284852,0,,
http://www.kmk.lutsk.ua/,2024-11-29T21:12:33.307952,0,,
https://www.vie.vin.ua,2024-11-29T21:12:33.361867,0,,
https://zdolbuniv-museum.com.ua/,2024-11-29T21:12:33.495030,0,,
https://orchestra.com.ua/,2024-11-29T21:12:33.642089,0,,
https://mariupolrada.gov.ua/en/news/u-mariupoli-osvjatili-viznij-znak-zi-skulpturoju-mitropolita-ignatija,2024-11-29T21:12:33.695210,0,,
http://trostianets-biblioteka.edukit.sumy.ua,2024-11-29T21:12:34.024941,0,,
https://www.omr.gov.ua/,2024-11-29T21:12:34.083648,0,,
http://library.kharkov.ua/source/exposition/?id=67,2024-11-29T21:12:34.148065,0,,
http://www.maut.com.ua/,2024-11-29T21:12:34.200232,0,,
https://sukhiy-mon.church.ua/,2024-11-29T21:12:34.462936,1,,
https://biblionovoron.blogspot.com/,2024-11-29T21:12:35.385481,0,,
http://yalta-museum.ru/,2024-11-29T21:12:36.956509,0,,
https://opera-theatre-lviv.virtual.ua/ua/3d-tour/,2024-11-29T21:12:37.183748,0,,
https://www.brodyhistory.org.ua/,2024-11-29T21:12:37.321678,0,,
http://project57955.tilda.ws/7chudes,2024-11-29T21:12:37.436674,1,,
https://kurbas-theatre-lviv.virtual.ua/ua/3d-tour/,2024-11-29T21:12:37.476735,1,,
https://lesya-ukrainian-theater-lviv.virtual.ua/ua/3d-tour/,2024-11-29T21:12:37.704833,1,,
http://krychevsky-family.opishne-museum.gov.ua/,2024-11-29T21:12:37.730187,0,,
https://www.olbio.org/,2024-11-29T21:12:37.733804,1,,
https://btsau.edu.ua/,2024-11-29T21:12:37.747765,1,,
http://xvc-cn.net.ua/,2024-11-29T21:12:37.794735,1,,
http://uamuseum.com/v58-Muzey-istorii-doneckoy-milicii.html,2024-11-29T21:12:37.875146,1,,
https://oleksandrivka.church.ua/,2024-11-29T21:12:37.889833,1,,
https://wisecow.com.ua/,2024-11-29T21:12:37.927213,0,,
http://www.tmfv.org/,2024-11-29T21:12:37.931061,1,,
https://young-peoples-theatre.virtual.ua/en/3d-tour/,2024-11-29T21:12:37.951654,1,,
http://zolochiv.osbm.info/,2024-11-29T21:12:38.039972,1,,
http://svlavra.dn.ua/,2024-11-29T21:12:38.110262,1,,
http://korsunska-mon.church.ua,2024-11-29T21:12:38.141328,1,,
https://jcu.org.ua/,2024-11-29T21:12:38.155152,1,,
http://library.kharkov.ua/source/exposition/?id=62,2024-11-29T21:12:38.172284,0,,
http://www.mp-biblioteka.edukit.vn.ua/,2024-11-29T21:12:38.199428,0,,
https://bibliomiste4ko.kharkiv.ua/,2024-11-29T21:12:38.230191,0,,
https://zankovetska-theatre-lviv.virtual.ua/ua/3d-tour/,2024-11-29T21:12:38.231837,1,,
http://www.dramteatr.uz.ua,2024-11-29T21:12:38.380982,0,,
https://uzhcitylib.blogspot.com/,2024-11-29T21:12:38.469522,1,,
https://iitlt.gov.ua/,2024-11-29T21:12:38.470024,1,,
https://young-peoples-theatre.virtual.ua/en/3d-tour/,2024-11-29T21:12:38.491495,1,,
https://theatre-ester.org.ua/,2024-11-29T21:12:38.498690,1,,
https://lesya-ukrainian-theater-lviv.virtual.ua/ua/3d-tour/,2024-11-29T21:12:38.699398,1,,
https://moodle.znu.edu.ua/,2024-11-29T21:12:38.783636,1,,
http://sb-keip.kpi.ua/,2024-11-29T21:12:38.880225,1,,
https://www.helpmecovid.com/ua/115009_biblioteka,2024-11-29T21:12:38.895403,1,,
https://kurbas-theatre-lviv.virtual.ua/ua/3d-tour/,2024-11-29T21:12:38.930134,1,,
https://pisky-mon.church.ua/,2024-11-29T21:12:38.930263,1,,
https://www.kreschatik.kiev.ua/,2024-11-29T21:12:38.963319,1,,
https://florovsky-mon.church.ua/,2024-11-29T21:12:39.047332,1,,
http://museum363vtap.su/,2024-11-29T21:12:39.047655,0,,
http://proslovo.com/,2024-11-29T21:12:39.124130,1,,
https://zarichevo-mon.church.ua/,2024-11-29T21:12:39.141409,1,,
https://voskresinnya-theatre.virtual.ua/ua/3d-tour/,2024-11-29T21:12:39.215168,1,,
https://ukrbtdu.blogspot.com/,2024-11-29T21:12:39.215244,1,,
https://zdyt.ucoz.com/,2024-11-29T21:12:39.259047,1,,
https://e-medjournal.com/,2024-11-29T21:12:39.265890,1,,
http://crbdubno.org.ua/,2024-11-29T21:12:39.292158,1,,
https://www.dreamstime.com/mariupol-ukraine-september-aerial-view-iskra-palace-culture-nikopolsky-prospect-b-against-backdrop-city-ilyich-iron-video230135811,2024-11-29T21:12:39.411684,1,,
https://puppet-theatre-lviv.virtual.ua/ua/3d-tour/,2024-11-29T21:12:39.451951,1,,
http://pedagogica.tnpu.edu.ua/?page_id=12&lang=uk,2024-11-29T21:12:39.452558,0,,
https://discover.sm.ua/,2024-11-29T21:12:39.461025,0,,
https://kapelan.church.ua/,2024-11-29T21:12:39.669412,1,,
https://berezan-mihail.church.ua,2024-11-29T21:12:39.701200,0,,
http://zif.onu.edu.ua/issue/archive,2024-11-29T21:12:39.789349,1,,
https://kamyanka-mon.church.ua/,2024-11-29T21:12:39.838706,1,,
http://lis.gov.ua/,2024-11-29T21:12:39.889857,1,,
http://museum.cult.gov.ua/,2024-11-29T21:12:40.010613,1,,
http://slkpi.dig-content.com.ua/documents/visu/1,2024-11-29T21:12:40.045281,1,,
https://chernivtsi.church.ua/,2024-11-29T21:12:40.219308,1,,
http://kherson-mon.church.ua,2024-11-29T21:12:40.240444,1,,
https://centralvicariate.church.ua/,2024-11-29T21:12:41.168918,1,,
https://eleckymon.church.ua,2024-11-29T21:12:41.507173,1,,
https://dubno.church.ua/,2024-11-29T21:12:41.698243,1,,
http://v-khsac.in.ua/,2024-11-29T21:12:41.982638,1,,
http://zmiiv-cdut.kh.sch.in.ua/,2024-11-29T21:12:42.304051,1,,
http://trifon.kiev.ua/,2024-11-29T21:12:42.596845,0,,
https://www.ovruch.info/,2024-11-29T21:12:42.625541,0,,
http://www.ugi.edu.ua/,2024-11-29T21:12:42.648159,0,,
https://ovruch-sob.church.ua/,2024-11-29T21:12:43.286519,1,,
https://opishne-museum.gov.ua/category/3d-skulptury/,2024-11-29T21:12:43.476119,0,,
http://museum363vtap.su/3d_tour/,2024-11-29T21:12:43.481536,0,,
http://romanivka-mon.church.ua/,2024-11-29T21:12:43.485751,1,,
http://belz.com.ua/,2024-11-29T21:12:43.571147,0,,
http://filarmoniya.ck.ua/,2024-11-29T21:12:43.984453,0,,
http://slkpi.dig-content.com.ua/documents/visu/2,2024-11-29T21:12:44.069389,0,,
http://ku-khsac.in.ua/,2024-11-29T21:12:44.077371,0,,
https://petrpavl-shostka.church.ua/,2024-11-29T21:12:45.253300,1,,
http://zum.onu.edu.ua/,2024-11-29T21:12:46.017973,0,,
http://www.bd-bibl-kataeva.edukit.od.ua/,2024-11-29T21:12:46.446563,0,,
https://bykivnia.org.ua/,2024-11-29T21:12:47.785722,0,,
http://lubovich.kr.ua/,2024-11-29T21:12:47.790950,1,,
https://rokrdb.at.ua/,2024-11-29T21:12:48.058095,0,,
http://www.dua.com.ua,2024-11-29T21:12:48.113273,0,,
http://berezil.com.ua/,2024-11-29T21:12:48.119881,0,,
http://library.kharkov.ua/source/exposition/?id=61,2024-11-29T21:12:49.472502,1,,
http://doksa.onu.edu.ua/,2024-11-29T21:12:50.051201,0,,
http://blahovischenske-raybibl.edukit.kr.ua/,2024-11-29T21:12:50.502685,0,,
https://my.matterport.com/show/?m=Y6RqAyrTyQ1,2024-11-29T21:12:51.548465,0,,
https://berezan-pechersk.church.ua,2024-11-29T21:12:51.781973,0,,
https://ckm.kpi.ua/,2024-11-29T21:12:52.224545,0,,
https://voloske.com.ua,2024-11-29T21:12:52.233959,0,,
http://radhospne-mon.church.ua,2024-11-29T21:12:52.321352,0,,
https://knmc.kyivcity.gov.ua/,2024-11-29T21:12:52.931663,1,,
https://lodb.org.ua/,2024-11-29T21:12:53.397971,1,,
http://lib.icbge.org.ua/uk/Book_show.php,2024-11-29T21:12:53.568301,0,,
https://chidadeevo-mon.church.ua/,2024-11-29T21:12:53.608789,0,,
https://hramolgi.church.ua/,2024-11-29T21:12:53.787117,0,,
http://kitaevo.kv.in.ua/,2024-11-29T21:12:54.471803,1,,
http://www.dodj.com.ua/,2024-11-29T21:12:54.648306,1,,
https://dergachi.church.ua/,2024-11-29T21:12:54.679355,0,,
http://www.uhl-edu.kiev.ua,2024-11-29T21:12:54.852774,0,,
http://oldnewspapers.com.ua/,2024-11-29T21:12:55.159548,1,,
http://shargorod-mon.church.ua/,2024-11-29T21:12:55.313266,1,,
https://mazanka.church.ua/,2024-11-29T21:12:55.379734,0,,
http://novovorontsovka-rcdt.edukit.kherson.ua/,2024-11-29T21:12:55.413684,1,,
https://mfs.digital/image/reel.mp4,2024-11-29T21:12:55.418054,0,,
http://davniyhalych.com.ua/muzei/muzei-istorii-galicha/item/78-muzei-istorii-galicha,2024-11-29T21:12:56.254928,0,,
http://ivan-kovalenko.info/,2024-11-29T21:12:56.308746,0,,
http://ecolog.zp.ua/,2024-11-29T21:12:56.322147,0,,
http://www.fhijournal.org/,2024-11-29T21:12:56.393872,0,,
https://mihailovsckij.church.ua/,2024-11-29T21:12:57.331976,0,,
https://scivp-journal.com.ua/index.php/journal/user/setLocale/uk_UA,2024-11-29T21:12:57.868544,0,,
http://www.kaydakskiy.dp.ua/,2024-11-29T21:12:58.246954,0,,
http://bilogorivka-dnz.lg.sch.in.ua/,2024-11-29T21:12:58.666708,0,,
http://tntu.edu.ua/,2024-11-29T21:12:59.094484,0,,
https://locdutk.lg.ua/,2024-11-29T21:12:59.662612,0,,
https://mbkrivne.ucoz.net/,2024-11-29T21:13:00.384093,0,,
http://journal-spqeo.org.ua/,2024-11-29T21:13:00.461571,0,,
http://www.madrigal.org.ua/,2024-11-29T21:13:00.554009,0,,
http://www.ispp.org.ua/,2024-11-29T21:13:02.041079,0,,
https://dess.gov.ua/,2024-11-29T21:13:02.752524,0,,
http://sirenfest.net.ua/,2024-11-29T21:13:03.220229,0,,
http://tyz.dn.ua/,2024-11-29T21:13:03.222499,0,,
http://lib-lg.com,2024-11-29T21:13:03.479426,0,,
https://berezan-uspenie.church.ua,2024-11-29T21:13:03.865700,0,,
http://gogol-museum.org/,2024-11-29T21:13:04.604461,0,,
https://bardakfest.com/,2024-11-29T21:13:04.651538,0,,
http://horenka-mon.church.ua/,2024-11-29T21:13:04.677273,0,,
http://voznesensk-cdut.edukit.mk.ua,2024-11-29T21:13:04.950639,1,,
http://opennight.org.ua/,2024-11-29T21:13:05.427108,1,,
https://novgorod-sev-mon.church.ua/,2024-11-29T21:13:05.647556,0,,
https://kostrino-mon.church.ua/,2024-11-29T21:13:05.696841,0,,
https://kyivoperatheatre.com.ua/,2024-11-29T21:13:05.973475,1,,
http://stp.diit.edu.ua/,2024-11-29T21:13:06.090147,0,,
https://hram-keramik.church.ua/,2024-11-29T21:13:06.761078,0,,
http://kino-butterfly.com.ua/cinema.php?sTheater=brovary,2024-11-29T21:13:06.812140,1,,
http://artmuseum.dp.ua/,2024-11-29T21:13:06.911896,0,,
https://amvrosievsky-mon.church.ua/,2024-11-29T21:13:07.175968,1,,
http://prodetstvo.dp.ua/,2024-11-29T21:13:07.257582,0,,
https://zorynka.com/,2024-11-29T21:13:07.314566,0,,
http://ladyzhyn-mon.church.ua/,2024-11-29T21:13:07.390556,0,,
https://periodicals.karazin.ua/philosophy/index,2024-11-29T21:13:07.571793,0,,
https://pochaevskaya.church.ua/,2024-11-29T21:13:07.620381,1,,
http://lugansk.man.gov.ua/,2024-11-29T21:13:07.741780,0,,
https://gopricdyt.edu.ks.ua/,2024-11-29T21:13:08.757104,0,,
http://biblioteka-franka.edu.kh.ua,2024-11-29T21:13:09.013283,0,,
https://boryspil-serdets.church.ua/,2024-11-29T21:13:09.426589,0,,
https://musicdrama.com.ua/,2024-11-29T21:13:09.459021,0,,
https://hram-voskresenie.church.ua/,2024-11-29T21:13:09.919076,0,,
https://numismatic-journal.com,2024-11-29T21:13:10.055966,0,,
https://2021man.wixsite.com/man-ks,2024-11-29T21:13:10.165186,0,,
https://prorok-ilia.church.ua/,2024-11-29T21:13:10.339245,0,,
https://st-sophia.org.ua/uk/muzeyi/zoloti-vorota/zoloti-vorota/,2024-11-29T21:13:10.851541,0,,
http://svlavra.dn.ua/,2024-11-29T21:13:10.955070,0,,
https://balzac-museum.com/,2024-11-29T21:13:11.387445,0,,
https://ees-journal.com/,2024-11-29T21:13:11.666712,0,,
http://www.hcdut.ks.ua/,2024-11-29T21:13:12.086896,0,,
https://gustyn-mon.church.ua,2024-11-29T21:13:12.543141,0,,
http://www.luboml.org/,2024-11-29T21:13:12.803540,0,,
http://ldolyna-artschool.edukit.sumy.ua,2024-11-29T21:13:13.120855,0,,
http://brusnytsia-bibl2.edukit.cv.ua/,2024-11-29T21:13:13.483890,1,,
http://www.iir.edu.ua,2024-11-29T21:13:13.551330,0,,
http://pilgrims.in.ua/,2024-11-29T21:13:13.684235,0,,
http://repinka.com/,2024-11-29T21:13:14.290836,0,,
http://ombudsman.gov.ua,2024-11-29T21:13:14.390972,0,,
http://lokhvytsia-cbs.edu.poltava.ua/,2024-11-29T21:13:14.405533,0,,
http://museum.belovodsk.info/html1/index.html,2024-11-29T21:13:14.980550,0,,
http://berdychiv.in.ua/,2024-11-29T21:13:15.010734,0,,
https://lol.in.ua/,2024-11-29T21:13:15.516493,0,,
https://lvivskansen.org/,2024-11-29T21:13:15.730121,0,,
https://bizukov-mon.church.ua,2024-11-29T21:13:15.953228,0,,
https://www.kom-center.zp.ua/,2024-11-29T21:13:16.229028,0,,
http://ric.zntu.edu.ua,2024-11-29T21:13:16.653012,0,,
http://library.rshu.edu.ua,2024-11-29T21:13:16.889386,0,,
http://talne-rbdu.edukit.ck.ua,2024-11-29T21:13:17.206330,0,,
https://www.mkdu.com.ua,2024-11-29T21:13:17.585051,0,,
http://dashiv-biblioteka.edukit.vn.ua/,2024-11-29T21:13:17.623461,0,,
https://vorochevo-mon.church.ua/,2024-11-29T21:13:17.779811,0,,
http://elar.uspu.ru/,2024-11-29T21:13:18.406913,0,,
https://puppet-theatre.ru/,2024-11-29T21:13:18.492073,0,,
https://digital.warmuseum.kiev.ua,2024-11-29T21:13:18.522107,0,,
https://svtatiana.church.ua/,2024-11-29T21:13:18.591673,1,,
https://kyivregiontours.gov.ua/,2024-11-29T21:13:19.070543,0,,
https://myk-mon.church.ua/,2024-11-29T21:13:19.346041,0,,
http://lyadov-mon.church.ua/,2024-11-29T21:13:19.476295,0,,
http://konrad-museum.co.ua/,2024-11-29T21:13:19.644918,0,,
https://irp.te.ua/2010-05-21-07-32-31/,2024-11-29T21:13:20.200864,1,,
http://docttdu.net.ua/,2024-11-29T21:13:20.325299,0,,
https://wisecow.com.ua/,2024-11-29T21:13:20.917954,0,,
http://grytsiv-dytbiblio.edukit.km.ua/,2024-11-29T21:13:21.435032,0,,
https://www.mkdu.com.ua,2024-11-29T21:13:21.604903,0,,
http://www.dubno-lib.rv.ua/,2024-11-29T21:13:21.716645,0,,
https://drohobych-museum.com,2024-11-29T21:13:21.804970,0,,
https://pogreby.church.ua/,2024-11-29T21:13:22.000780,0,,
http://hramkiprianaiiustinii.narod.ru/,2024-11-29T21:13:22.658077,0,,
http://newtheatre.kiev.ua/,2024-11-29T21:13:22.678138,0,,
http://journals.uran.ua/contextCategories/view/07,2024-11-29T21:13:23.091085,0,,
http://krasniokny-bdut.edukit.od.ua,2024-11-29T21:13:23.733506,0,,
https://ua.igotoworld.com/ua/poi_object/1904_muzey-volnyansk.htm,2024-11-29T21:13:23.775395,0,,
https://www.pharmencyclopedia.com.ua/,2024-11-29T21:13:24.224960,0,,
https://vandrivka.com.ua/,2024-11-29T21:13:24.359414,0,,
https://muzey-brodskogo.azow.org/,2024-11-29T21:13:24.548164,0,,
https://nuart.com.ua/,2024-11-29T21:13:24.954798,0,,
http://monastyrysche-cbs.edukit.ck.ua/,2024-11-29T21:13:25.498321,0,,
http://svumik.sumy.ua/,2024-11-29T21:13:25.641543,0,,
http://horodysche-crb.edukit.ck.ua/,2024-11-29T21:13:25.835414,0,,
http://www.philharmonia.lviv.ua/,2024-11-29T21:13:26.391134,0,,
https://jiv-dol.church.ua/,2024-11-29T21:13:26.492807,0,,
http://journal.ndiu.org.ua/,2024-11-29T21:13:26.760764,0,,
http://chyhyrynlib.ucoz.ua/,2024-11-29T21:13:27.154349,0,,
https://kriviyrig.church.ua/,2024-11-29T21:13:27.380689,0,,
http://eparhia.od.ua/,2024-11-29T21:13:27.766826,0,,
https://shostkamuseum.com.ua/,2024-11-29T21:13:27.864691,0,,
https://bogdanovka.church.ua,2024-11-29T21:13:28.039883,0,,
https://sites.google.com/view/babyni-yari-vinnychchyny,2024-11-29T21:13:28.259394,0,,
http://bht.edukit.kherson.ua,2024-11-29T21:13:28.568809,0,,
http://pervomayskyi-cbs.edu.kh.ua/,2024-11-29T21:13:29.550869,0,,
https://www.kinofilms.ua,2024-11-29T21:13:29.759246,0,,
http://kamianka-crb.edukit.ck.ua/,2024-11-29T21:13:29.884874,0,,
https://vozdwi.church.ua/,2024-11-29T21:13:30.494943,0,,
https://dental-almanac.org/index.php/journal/user/setLocale/uk_UA?source=/index.php/journal,2024-11-29T21:13:30.585861,0,,
https://okrain.net.ua/,2024-11-29T21:13:30.706826,1,,
https://ktteatr.ru/,2024-11-29T21:13:30.873255,0,,
https://brovari-georg.church.ua,2024-11-29T21:13:30.927870,1,,
https://gayvoron-rvk.ucoz.ua/,2024-11-29T21:13:31.227549,0,,
https://krasnogor-mk-mon.church.ua/,2024-11-29T21:13:31.403699,0,,
http://galaykovtsy-mon.church.ua/,2024-11-29T21:13:31.568701,0,,
https://brovary-troitsia.church.ua,2024-11-29T21:13:31.758057,1,,
https://odessacmbsbaby.blogspot.com/,2024-11-29T21:13:31.820572,0,,
http://www.nmu.org.ua/,2024-11-29T21:13:31.885746,0,,
https://www.projectkesher.org.ua,2024-11-29T21:13:32.396442,0,,
http://sloboda-mon.church.ua/,2024-11-29T21:13:33.755117,1,,
https://stavropigiainua.org,2024-11-29T21:13:33.863727,0,,
https://ovruch-mon.church.ua/,2024-11-29T21:13:33.895324,0,,
http://netishyn-cbs.edukit.km.ua/,2024-11-29T21:13:33.944918,0,,
https://voskres.church.ua/,2024-11-29T21:13:34.083003,0,,
http://www.kinokolo.ua,2024-11-29T21:13:34.201681,1,,
https://rizdvo-sob.church.ua/,2024-11-29T21:13:34.850702,1,,
http://dspace.puet.edu.ua/,2024-11-29T21:13:34.919918,0,,
http://ctdu.pp.ua/,2024-11-29T21:13:34.992584,0,,
http://mihbib.ucoz.ua/,2024-11-29T21:13:35.370900,0,,
http://scriptwritersua.wixsite.com/kinoscript/,2024-11-29T21:13:35.602102,0,,
https://dendropark.com.ua/,2024-11-29T21:13:35.901236,0,,
https://vin-library.do.am/,2024-11-29T21:13:35.952433,0,,
http://art-school.ks.ua/,2024-11-29T21:13:36.513626,0,,
http://nizhyn-bdu.edukit.cn.ua/,2024-11-29T21:13:38.026967,0,,
http://odb.km.ua/index.php/ourvid/17#gsc.tab=0,2024-11-29T21:13:38.325789,0,,
https://str-pryluky-mon.church.ua/,2024-11-29T21:13:38.474739,0,,
https://kubg.edu.ua/,2024-11-29T21:13:38.893994,0,,
https://www.mnp.org.ua/,2024-11-29T21:13:38.952821,0,,
http://vpba.edu.ua/,2024-11-29T21:13:39.345766,0,,
http://en.chnu.edu.ua/,2024-11-29T21:13:39.482803,0,,
https://shepetivka-sob.church.ua/,2024-11-29T21:13:39.482989,0,,
https://symoniv.at.ua/,2024-11-29T21:13:39.517098,0,,
https://dance-academy.kiev.ua/,2024-11-29T21:13:40.005630,0,,
http://www.muz.rv.ua/,2024-11-29T21:13:40.067066,0,,
https://canonization.church.ua/,2024-11-29T21:13:40.669235,0,,
http://nizhyn-cbs.edukit.cn.ua/,2024-11-29T21:13:42.098944,0,,
http://www.observ.univ.kiev.ua/museum/,2024-11-29T21:13:42.542526,0,,
http://litopys.chdu.edu.ua/,2024-11-29T21:13:43.003603,0,,
https://puppet.vn.ua/,2024-11-29T21:13:43.281638,1,,
https://www.bdut.org.ua/,2024-11-29T21:13:43.443340,0,,
https://vorochevo-mon.church.ua/,2024-11-29T21:13:43.532062,1,,
https://csecurity.kubg.edu.ua/index.php/journal/issue/archive,2024-11-29T21:13:43.538156,0,,
https://kremenhistory.org.ua/,2024-11-29T21:13:43.548996,0,,
https://pokrovvest.church.ua/,2024-11-29T21:13:43.564578,1,,
https://bziv.church.ua,2024-11-29T21:13:43.594487,1,,
https://www.vidsutnist.org/,2024-11-29T21:13:44.176459,0,,
https://teatr-lyalyok.zp.ua/,2024-11-29T21:13:44.196490,0,,
http://www.mari.kiev.ua/,2024-11-29T21:13:44.568522,1,,
http://mihnovsky-mon.church.ua/,2024-11-29T21:13:45.842471,0,,
https://vladimirskia.church.ua/,2024-11-29T21:13:46.169488,0,,
http://priaz-biblioteka.edukit.zp.ua/,2024-11-29T21:13:46.192078,0,,
http://www.varosh.com.ua,2024-11-29T21:13:46.625885,0,,
http://glau.kr.ua/index.php/ua/,2024-11-29T21:13:47.007952,0,,
http://museumtoilet.com.ua/en/,2024-11-29T21:13:47.558699,0,,
https://neshcherov-mon.church.ua/,2024-11-29T21:13:47.683344,0,,
http://jadvis.org.ua/,2024-11-29T21:13:47.941725,0,,
https://dragovo-mon.church.ua/,2024-11-29T21:13:48.123113,1,,
http://swija.com.ua/,2024-11-29T21:13:48.216268,0,,
http://resource.history.org.ua/,2024-11-29T21:13:48.608846,0,,
https://romny.church.ua/,2024-11-29T21:13:48.615047,0,,
http://pryluky-dytbiblioteka.edukit.cn.ua/,2024-11-29T21:13:50.238789,0,,
https://tsel-pryluky-mon.church.ua/,2024-11-29T21:13:50.568710,0,,
http://dspu.edu.ua,2024-11-29T21:13:50.701746,0,,
http://biblio-child.dp.ua/,2024-11-29T21:13:51.038389,0,,
http://tuk.lviv.ua/,2024-11-29T21:13:51.657493,0,,
https://www.enc.od.ua/,2024-11-29T21:13:52.212615,0,,
http://www.dcu.org.ua/,2024-11-29T21:13:52.289805,0,,
https://kharkiv-sob.church.ua/,2024-11-29T21:13:52.748478,0,,
http://ripky-bibl.edukit.cn.ua/,2024-11-29T21:13:54.268229,0,,
http://tatarbunary-cbs.edukit.od.ua/,2024-11-29T21:13:54.503105,1,,
http://nota.net.ua/,2024-11-29T21:13:55.209402,1,,
https://www.srvo.od.ua/school/sint_tonika/,2024-11-29T21:13:55.489599,1,,
https://chernivtsi-sob.church.ua/,2024-11-29T21:13:55.634991,0,,
https://gostomel.church.ua/,2024-11-29T21:13:55.647399,0,,
https://agapit-dol.church.ua,2024-11-29T21:13:55.675798,0,,
https://chumalevo-mon.church.ua/,2024-11-29T21:13:55.742202,1,,
https://wild-t.com.ua/,2024-11-29T21:13:55.791666,0,,
https://esu.com.ua/search_articles.php?id=8665,2024-11-29T21:13:55.816002,0,,
https://feogallery.org/,2024-11-29T21:13:56.098295,1,,
https://hram-fastov.church.ua/,2024-11-29T21:13:56.224560,1,,
https://aidar-mon.church.ua,2024-11-29T21:13:56.262770,1,,
http://biblioteka-filiya5.edukit.kr.ua/,2024-11-29T21:13:56.342830,0,,
https://shep.church.ua/,2024-11-29T21:13:58.255146,0,,
http://pustomyty-dytbibl.edukit.lviv.ua/,2024-11-29T21:13:58.354545,0,,
http://tiachiv-enc.edukit.uz.ua/,2024-11-29T21:13:58.575815,0,,
http://ato.museum.dp.ua/,2024-11-29T21:13:58.773461,0,,
https://biblioteka23biogspot.blogspot.com/,2024-11-29T21:13:59.549424,0,,
http://tereblya-mon.church.ua/,2024-11-29T21:13:59.647287,0,,
https://toreckcdut.wixsite.com/toreckcdut/,2024-11-29T21:13:59.709877,0,,
http://vislib.onu.edu.ua/,2024-11-29T21:14:00.155143,0,,
https://syut-druzhkivka.at.ua/,2024-11-29T21:14:00.333942,0,,
http://oblenc.edukit.lg.ua/,2024-11-29T21:14:00.391926,0,,
https://panteleimon-od.church.ua/,2024-11-29T21:14:00.691114,0,,
https://svpanteleimon.church.ua/,2024-11-29T21:14:00.698469,0,,
http://sakhnov-cbs.edu.kh.ua/,2024-11-29T21:14:02.400137,0,,
http://bic-biblkolegium.edukit.kiev.ua/,2024-11-29T21:14:02.646493,0,,
http://kirill-monastery.org.ua/,2024-11-29T21:14:03.108057,0,,
http://cdut5.kh.sch.in.ua/,2024-11-29T21:14:03.636944,0,,
http://inter.kpi.ua/,2024-11-29T21:14:03.743853,0,,
https://choreakozacky.com/,2024-11-29T21:14:03.871886,0,,
https://planet.org.ua/,2024-11-29T21:14:04.206869,0,,
https://muzey-dokm.pp.ua/,2024-11-29T21:14:04.561635,0,,
https://podol-blago.church.ua/category/news,2024-11-29T21:14:04.864614,0,,
http://sarata-cbs.edukit.od.ua/,2024-11-29T21:14:06.485364,0,,
http://ivankiv-cbs.edukit.kiev.ua/,2024-11-29T21:14:06.706214,0,,
https://ksp.ui.org.ua/,2024-11-29T21:14:06.866678,0,,
http://music-school12.edu.kh.ua/,2024-11-29T21:14:07.146495,0,,
http://www.theatre19.com.ua/,2024-11-29T21:14:07.177033,0,,
https://izum-social.church.ua/2015/04/12/delites-pasxalnoj-radostyu/,2024-11-29T21:14:07.297387,0,,
https://bts-preobrazhen.church.ua/,2024-11-29T21:14:07.724536,0,,
http://library.kharkov.ua/source/exposition/?id=59,2024-11-29T21:14:07.764659,0,,
https://domboki-mon.church.ua/,2024-11-29T21:14:07.824007,0,,
https://planetarium.com.ua/uk/,2024-11-29T21:14:08.253203,0,,
https://prav-gluhie.church.ua/,2024-11-29T21:14:08.312687,0,,
https://archives.gov.ua/ua/%D0%B4%D0%B5%D1%80%D0%B6%D0%B0%D0%B2%D0%BD%D0%B8%D0%B9-%D0%B0%D1%80%D1%85%D1%96%D0%B2-%D1%85%D0%B0%D1%80%D0%BA%D1%96%D0%B2%D1%81%D1%8C%D0%BA%D0%BE%D1%97-%D0%BE%D0%B1%D0%BB%D0%B0%D1%81%D1%82%D1%96/,2024-11-29T21:14:08.429540,0,,
http://staroselsky-mon.church.ua/,2024-11-29T21:14:08.581094,1,,
https://dnipro.islam.ua,2024-11-29T21:14:08.595999,0,,
https://krivoe-mon.church.ua/,2024-11-29T21:14:09.422657,1,,
https://discover.ua/en/en/trips/podoroz-1536,2024-11-29T21:14:09.647727,1,,
https://novosilky-rozdva.church.ua/,2024-11-29T21:14:10.583101,1,,
http://sarata-crb.od.sch.in.ua/,2024-11-29T21:14:10.626122,0,,
http://kalynivka-biblioteka.edukit.vn.ua/,2024-11-29T21:14:10.797445,0,,
https://cotcendutuntvor.odessaedu.net/,2024-11-29T21:14:11.728918,0,,
http://library.kharkov.ua/source/exposition/?id=58,2024-11-29T21:14:11.783037,0,,
https://ternopil.church.ua/,2024-11-29T21:14:11.789526,0,,
https://www.fjc.org.ua/,2024-11-29T21:14:11.920473,0,,
https://pmis.ks.gov.ua/,2024-11-29T21:14:12.454628,0,,
http://library.tntu.edu.ua/,2024-11-29T21:14:12.545103,0,,
http://ptngu.com/,2024-11-29T21:14:12.690679,0,,
https://marinovka-mon.church.ua/,2024-11-29T21:14:12.797196,0,,
https://prosvitcentr.church.ua/,2024-11-29T21:14:12.797648,0,,
https://find-way.com.ua/en/regions/kherson-region/mounds-of-ancient-people,2024-11-29T21:14:13.692482,0,,
http://ua.bykivnya.org/,2024-11-29T21:14:13.830483,0,,
http://shpola-cbs.edukit.ck.ua/,2024-11-29T21:14:14.738993,0,,
http://drabiv-biblioteka.edukit.ck.ua/,2024-11-29T21:14:14.867387,0,,
http://bulgakov.org.ua,2024-11-29T21:14:14.951559,0,,
http://library.kharkov.ua/source/exposition/?id=57,2024-11-29T21:14:15.802413,0,,
https://zmievmuseum.ucoz.ua/,2024-11-29T21:14:16.070519,0,,
http://www.teatr.vn.ua,2024-11-29T21:14:16.685723,0,,
https://nsagr.org/,2024-11-29T21:14:16.903970,0,,
https://chytu-sercem.church.ua/,2024-11-29T21:14:16.954415,0,,
https://syg.ma/,2024-11-29T21:14:17.960648,0,,
http://skole-bibl.edukit.lviv.ua/,2024-11-29T21:14:18.813036,0,,
http://korosten-cbs.edukit.zt.ua/,2024-11-29T21:14:18.980404,0,,
https://odessaphil.org/,2024-11-29T21:14:19.045513,0,,
https://kpl.church.ua/,2024-11-29T21:14:19.439832,0,,
http://www.mrvo.od.ua/school/zakl_dominanta/,2024-11-29T21:14:19.807920,0,,
https://skraglivka.church.ua/,2024-11-29T21:14:19.808604,0,,
http://library.kharkov.ua/source/exposition/?id=56,2024-11-29T21:14:19.827630,0,,
http://nikopol.maup.com.ua/,2024-11-29T21:14:20.082625,1,,
https://vol-kraeved.ucoz.ua/,2024-11-29T21:14:20.132191,0,,
http://chartoriysk-mon.church.ua/,2024-11-29T21:14:20.659819,0,,
https://lozrbdut.wixsite.com/bdut-lozivskyj-rajon,2024-11-29T21:14:20.754239,0,,
https://www.alexanderyakovlev.org/,2024-11-29T21:14:21.086819,1,,
http://kicherno-mon.church.ua/,2024-11-29T21:14:21.510396,0,,
https://kalynivka.church.ua/,2024-11-29T21:14:21.639739,1,,
https://proenglishtheatre.com/,2024-11-29T21:14:22.052420,0,,
http://verbka-mon.church.ua/,2024-11-29T21:14:22.262370,1,,
https://rudnicke.church.ua/,2024-11-29T21:14:22.877326,1,,
http://www.tokmak-cbs.edukit.zp.ua/,2024-11-29T21:14:22.932750,0,,
http://www.theatreonpodol.com/,2024-11-29T21:14:23.157613,0,,
http://liubeshiv-crb.edukit.volyn.ua/,2024-11-29T21:14:23.220235,0,,
https://kipyachsky-mon.church.ua/,2024-11-29T21:14:23.488283,1,,
https://korzhivtsy-mon.church.ua/,2024-11-29T21:14:23.862285,0,,
https://uaznavstvo.univ.kiev.ua/,2024-11-29T21:14:23.929204,0,,
https://demer.cn.ua,2024-11-29T21:14:24.104830,0,,
http://slavsut.ucoz.org/,2024-11-29T21:14:24.286086,0,,
https://voronkiv.church.ua,2024-11-29T21:14:24.537377,0,,
https://lukianivka.church.ua/,2024-11-29T21:14:24.895290,0,,
http://ir.stu.cn.ua/browse?type=dateissued,2024-11-29T21:14:24.979731,0,,
https://choircommunity.com.ua/,2024-11-29T21:14:25.192720,0,,
http://turiysk-crb.edukit.volyn.ua/,2024-11-29T21:14:27.004502,0,,
http://jpl.donnu.edu.ua/,2024-11-29T21:14:27.216099,0,,
http://geolvisnyk.univ.kiev.ua/,2024-11-29T21:14:27.255035,0,,
http://www.domorgan.dp.ua/,2024-11-29T21:14:27.393378,0,,
http://krvo.od.ua/school/lic_evrika/,2024-11-29T21:14:27.887707,0,,
http://library.kharkov.ua/source/exposition/?id=55,2024-11-29T21:14:27.950325,0,,
http://msio.com.ua/,2024-11-29T21:14:28.136839,0,,
http://www.blagoslovi.kiev.ua/,2024-11-29T21:14:28.166471,0,,
https://mangushskiircdt.ucoz.net/,2024-11-29T21:14:28.362422,0,,
https://rada.church.ua/,2024-11-29T21:14:29.050141,0,,
http://www.kiev-orthodox.org/site/byauthor/4326,2024-11-29T21:14:29.347660,0,,
https://sovietmosaicsinukraine.org/,2024-11-29T21:14:29.586599,0,,
http://www.prvo.od.ua/school/lic_unak/,2024-11-29T21:14:30.161162,0,,
http://vyvodove-bibl.edukit.dp.ua/,2024-11-29T21:14:31.121304,0,,
http://khrystynivka-dytbiblioteka.edukit.ck.ua/,2024-11-29T21:14:31.446116,0,,
https://sud.church.ua/,2024-11-29T21:14:31.526750,0,,
http://www.sahajayoga.kharkov.ua,2024-11-29T21:14:32.021532,0,,
https://lpnu.ua/,2024-11-29T21:14:32.193062,0,,
http://bolgrad-rcdut.at.ua/,2024-11-29T21:14:32.427385,0,,
https://hram-zhelannoe.church.ua/,2024-11-29T21:14:34.192386,1,,
http://milecky-mon.church.ua/,2024-11-29T21:14:34.350461,0,,
http://cherkassy.islam.ua/,2024-11-29T21:14:34.759436,1,,
https://saint-vladimir.church.ua/,2024-11-29T21:14:34.952723,0,,
http://pb.univd.edu.ua/,2024-11-29T21:14:35.293493,0,,
http://khrystynivka-crb.edukit.ck.ua/,2024-11-29T21:14:35.530266,0,,
https://myzykivka.church.ua/,2024-11-29T21:14:35.566747,0,,
http://marschool562.wixsite.com/marschool56,2024-11-29T21:14:35.585306,0,,
https://voskresenie.church.ua/,2024-11-29T21:14:35.957369,0,,
https://btdu.at.ua/,2024-11-29T21:14:36.494232,0,,
https://voropaiv.church.ua,2024-11-29T21:14:36.623143,0,,
https://ungsobor.church.ua/,2024-11-29T21:14:36.982129,0,,
https://vladimir-cn.church.ua/,2024-11-29T21:14:37.061595,0,,
https://hram-arh-mihail.church.ua/,2024-11-29T21:14:39.346664,0,,
http://museum.sumy.ua,2024-11-29T21:14:39.430557,0,,
"http://thermopipe.com.ua/pan1/index.html , http://thermopipe.com.ua/pan2/index.html , http://thermopipe.com.ua/pan3/index.html , http://thermopipe.com.ua/pan4/index.html",2024-11-29T21:14:39.457379,0,,
https://ifds.org.ua/,2024-11-29T21:14:39.471321,0,,
http://kaniv-biblioteka.edukit.ck.ua/,2024-11-29T21:14:39.600032,0,,
https://svduh.church.ua/,2024-11-29T21:14:40.041056,0,,
http://www.prvo.od.ua/school/lic_samocvit/,2024-11-29T21:14:40.059221,0,,
https://iver-dol.church.ua/,2024-11-29T21:14:40.131478,1,,
https://voladm.gov.ua/category/merezha-zakladiv-kulturi/1/,2024-11-29T21:14:40.259141,0,,
https://kut-chernomoret.at.ua/,2024-11-29T21:14:40.564044,0,,
https://nevsky.church.ua/,2024-11-29T21:14:41.143744,1,,
http://iosifovsky-mon.church.ua/,2024-11-29T21:14:41.668762,0,,
https://od.kubg.edu.ua/index.php/journal,2024-11-29T21:14:43.396863,0,,
https://essuir.sumdu.edu.ua,2024-11-29T21:14:43.513609,0,,
http://katerinopil-biblioteka.edukit.ck.ua/,2024-11-29T21:14:43.714938,0,,
http://www.zmt.com.ua/,2024-11-29T21:14:44.355737,0,,
https://childlibrary.ucoz.ua/,2024-11-29T21:14:44.626305,0,,
https://uspenskiy.church.ua/,2024-11-29T21:14:47.043932,0,,
http://cbstolstogo.ucoz.ua/,2024-11-29T21:14:47.143834,1,,
https://krasnoilsk-mon.church.ua/,2024-11-29T21:14:47.274987,1,,
https://maryevka.church.ua/,2024-11-29T21:14:47.321187,1,,
https://bibliotekamariupol.wixsite.com/library,2024-11-29T21:14:47.480204,0,,
https://relint.vnu.edu.ua/,2024-11-29T21:14:47.592880,0,,
http://oleshkiv-dytbibl.edukit.kherson.ua/,2024-11-29T21:14:47.784869,0,,
https://v-n-l.church.ua/,2024-11-29T21:14:48.042353,0,,
https://www.prvo.od.ua/school/lic_moryana/,2024-11-29T21:14:48.095982,0,,
https://ternopil-sob.church.ua/,2024-11-29T21:14:48.097884,1,,
https://lavra.ua/3dtour/index.html,2024-11-29T21:14:48.476098,0,,
https://cherevky.church.ua,2024-11-29T21:14:48.706821,0,,
https://balta-sob.church.ua/,2024-11-29T21:14:49.067817,0,,
https://chernihiv.church.ua/,2024-11-29T21:14:49.137427,0,,
http://kuaf.kharkov.ua/,2024-11-29T21:14:49.205534,0,,
https://priazdt.wixsite.com/rbdt,2024-11-29T21:14:51.094743,0,,
https://rbdutkobeliaky.ucoz.ua/,2024-11-29T21:14:51.203599,0,,
http://cdut-frunzenskiy.edu.kh.ua/,2024-11-29T21:14:51.854545,0,,
https://prystromy.church.ua/,2024-11-29T21:14:52.123850,0,,
https://pidgorodne.church.ua/main-page/,2024-11-29T21:14:52.212190,0,,
http://druzhkivka-cdut.edukit.dn.ua/,2024-11-29T21:14:52.248867,0,,
http://imsu-zakarpattja.com/,2024-11-29T21:14:52.551857,0,,
https://losynivka.church.ua/,2024-11-29T21:14:53.221507,0,,
http://prihod.ru/,2024-11-29T21:14:53.288100,0,,
http://krivoy-rog-mon.church.ua/,2024-11-29T21:14:53.749949,0,,
http://nstdu.com.ua/,2024-11-29T21:14:55.272481,0,,
http://cdut-kominternovskiy.edu.kh.ua/,2024-11-29T21:14:55.905450,0,,
http://www.sobor.in.ua/,2024-11-29T21:14:56.471263,0,,
https://kam-blag.church.ua/,2024-11-29T21:14:58.948357,1,,
https://korzhi.church.ua/,2024-11-29T21:14:58.985556,1,,
https://lozovaya-mon.church.ua/,2024-11-29T21:14:59.365682,0,,
https://pokrovprbog.church.ua/,2024-11-29T21:14:59.416581,0,,
https://latvynivka.church.ua/,2024-11-29T21:14:59.675453,0,,
https://nina.church.ua/bibliya/,2024-11-29T21:15:00.020383,1,,
https://bashtanka.church.ua/,2024-11-29T21:15:00.090884,1,,
https://alexandr-nevskiy.church.ua/,2024-11-29T21:15:00.198332,0,,
http://iz.com.ua/,2024-11-29T21:15:00.365116,0,,
http://poltava.archives.gov.ua/,2024-11-29T21:15:00.625151,0,,
https://chuginka-mon.church.ua,2024-11-29T21:15:00.797718,0,,
https://www.youtube.com/embed/H_LQf01nFmk,2024-11-29T21:15:01.198796,0,,
https://dbgaydar.blogspot.com/,2024-11-29T21:15:03.000462,0,,
https://khersones-sob.church.ua/,2024-11-29T21:15:03.179816,0,,
https://radiochoir.com.ua/,2024-11-29T21:15:03.357295,0,,
https://mogilivpodilskiy-sob.church.ua/,2024-11-29T21:15:04.203896,0,,
https://lib.nuph.edu.ua/,2024-11-29T21:15:04.459068,0,,
http://www.khnu.km.ua/,2024-11-29T21:15:05.290558,0,,
https://dormition.church.ua/,2024-11-29T21:15:05.374010,0,,
http://orthodox-medical.org.ua/,2024-11-29T21:15:05.695061,0,,
http://sergeevka-mon.church.ua/,2024-11-29T21:15:05.831034,0,,
https://cdutslavyansk.wixsite.com/cdutslavyansk,2024-11-29T21:15:07.247329,0,,
https://uacrisis.org/en/,2024-11-29T21:15:07.434193,0,,
http://sobor.sumy.ua/,2024-11-29T21:15:07.606800,0,,
https://www.umoloda.kiev.ua/,2024-11-29T21:15:07.886012,0,,
https://ukrmus.wordpress.com/,2024-11-29T21:15:08.088426,0,,
http://www.prvo.od.ua/school/lic_samocvit/,2024-11-29T21:15:08.248267,0,,
https://ridna.ua/museums/hersonskyj-muzej-pryrody/,2024-11-29T21:15:08.415943,0,,
http://www.muzdepartament.uz.ua/,2024-11-29T21:15:08.661556,0,,
http://uu.edu.ua/,2024-11-29T21:15:09.813608,0,,
https://www.vnmu.vn.ua/,2024-11-29T21:15:09.984357,0,,
https://parohiaromana.church.ua/main-page/,2024-11-29T21:15:11.065546,0,,
https://mariupolmgtl.wixsite.com/mgtl,2024-11-29T21:15:11.504983,0,,
https://gostroluchchia.church.ua/,2024-11-29T21:15:11.619158,1,,
http://www.stgeorge-kharkov.org/,2024-11-29T21:15:11.691582,0,,
https://vdubkah.church.ua/,2024-11-29T21:15:11.827366,1,,
https://gora.church.ua/,2024-11-29T21:15:11.967514,1,,
http://repo.uipa.edu.ua/jspui/,2024-11-29T21:15:11.999178,0,,
https://netishyn-cerkov.church.ua/,2024-11-29T21:15:12.049369,1,,
https://gorodok-mon.church.ua/,2024-11-29T21:15:12.172601,0,,
http://pravkazak.org.ua/,2024-11-29T21:15:12.341663,0,,
https://panteleimon-mal.church.ua/,2024-11-29T21:15:12.397670,1,,
https://hram-gorod.church.ua/,2024-11-29T21:15:12.447926,1,,
https://demiantsi.church.ua,2024-11-29T21:15:12.885002,0,,
https://msu.edu.ua/,2024-11-29T21:15:12.930449,1,,
http://www.uabs.org.ua/,2024-11-29T21:15:12.936046,0,,
https://gdkkamensk.wixsite.com/website,2024-11-29T21:15:15.691969,0,,
http://dnabb.org/,2024-11-29T21:15:16.090768,0,,
http://feodor.kiev.ua/,2024-11-29T21:15:16.229372,0,,
https://mal-karatul.church.ua/,2024-11-29T21:15:16.543406,0,,
http://uipa.edu.ua/,2024-11-29T21:15:17.027543,0,,
https://rovzhi.church.ua/,2024-11-29T21:15:17.373905,0,,
http://liman-mon.church.ua/,2024-11-29T21:15:17.921030,0,,
http://veres.yolasite.com/,2024-11-29T21:15:19.765974,0,,
http://cerkovnikolay.ucoz.ru/,2024-11-29T21:15:19.841727,0,,
https://dniprodzerzhinsk-sob.church.ua/,2024-11-29T21:15:20.180824,0,,
https://sudak-museum.com/,2024-11-29T21:15:20.627111,0,,
https://ceremonial.church.ua/,2024-11-29T21:15:22.072332,0,,
http://krasniokny-bdut.edukit.od.ua/,2024-11-29T21:15:23.275786,1,,
https://grdt63.wixsite.com/grdt,2024-11-29T21:15:23.915855,0,,
https://sv-george.church.ua/,2024-11-29T21:15:23.917666,0,,
https://hram-luka.church.ua/,2024-11-29T21:15:23.974018,1,,
https://izmail-mon.church.ua/,2024-11-29T21:15:24.045009,0,,
https://demydiv.church.ua,2024-11-29T21:15:24.109274,1,,
https://horbanevka-mon.church.ua/,2024-11-29T21:15:24.434788,0,,
https://bmv.church.ua/,2024-11-29T21:15:24.530792,0,,
https://yareshky.church.ua/,2024-11-29T21:15:24.753235,1,,
https://pokrov-korsun.church.ua/,2024-11-29T21:15:24.944497,1,,
https://sportedu.org.ua/,2024-11-29T21:15:26.322659,0,,
http://zdolbuniv-rctdu.rv.sch.in.ua/,2024-11-29T21:15:27.387725,0,,
http://vtn.ztu.edu.ua/,2024-11-29T21:15:27.802401,1,,
https://uzhanskyi-park.in.ua/,2024-11-29T21:15:27.869788,0,,
https://svyat-makar.church.ua/,2024-11-29T21:15:28.186443,0,,
https://sv-mih-hram.church.ua/,2024-11-29T21:15:28.323971,0,,
http://goloseevo.com.ua/,2024-11-29T21:15:28.554356,0,,
https://tsybli-pokrov.church.ua/,2024-11-29T21:15:29.117344,0,,
https://katuzhanka.church.ua/,2024-11-29T21:15:29.453363,0,,
http://zhmerynka-crb.edukit.vn.ua/,2024-11-29T21:15:31.615824,0,,
https://teatrkhat.kiev.ua/,2024-11-29T21:15:31.940711,0,,
https://stetsenko.museum/,2024-11-29T21:15:31.987989,0,,
http://vuan.nibu.kyiv.ua/?newspaper=1928-%d0%92%d0%b8%d0%bf-2-3,2024-11-29T21:15:32.221072,0,,
http://cemetery-blago.church.ua/,2024-11-29T21:15:32.267065,0,,
https://nizh-blag.church.ua/,2024-11-29T21:15:32.718078,0,,
https://ddtilicha.wixsite.com/ddtilicha,2024-11-29T21:15:33.189557,0,,
http://stepanovka-mon.church.ua/,2024-11-29T21:15:34.102145,0,,
http://yavoriv-crb.edukit.lviv.ua/,2024-11-29T21:15:34.253985,0,,
http://zachepylivka-bibl.edu.kh.ua/,2024-11-29T21:15:35.693731,0,,
https://gnilitsa.church.ua/main-page/,2024-11-29T21:15:35.997151,0,,
https://makariy-sob.church.ua/,2024-11-29T21:15:35.997317,0,,
http://perechyn-bdut.edukit.uz.ua/,2024-11-29T21:15:36.039773,0,,
https://hram-lastochkino.church.ua/,2024-11-29T21:15:36.127843,0,,
https://derkul-mon.church.ua,2024-11-29T21:15:36.190647,0,,
https://klavdievo.church.ua/,2024-11-29T21:15:36.392098,1,,
https://aikaterina.church.ua/,2024-11-29T21:15:36.534107,0,,
https://radomyshl.church.ua/,2024-11-29T21:15:36.676184,1,,
https://soborna.church.ua/,2024-11-29T21:15:36.841013,0,,
https://wedensk.church.ua/,2024-11-29T21:15:36.884709,1,,
https://netishyn-cerkov.church.ua/,2024-11-29T21:15:36.998094,0,,
https://nikolay.church.ua/,2024-11-29T21:15:37.152851,1,,
https://kneu.edu.ua/en/,2024-11-29T21:15:37.268325,0,,
http://romny-raybibl.sumy.sch.in.ua/,2024-11-29T21:15:39.826788,0,,
https://kocherzhinci-mon.church.ua/,2024-11-29T21:15:39.886292,0,,
https://bar.church.ua/,2024-11-29T21:15:40.643038,0,,
https://kozatstvo.blogspot.com/,2024-11-29T21:15:40.730273,0,,
http://cdutks.ucoz.net/,2024-11-29T21:15:40.912992,0,,
http://4vpupo.org.ua/,2024-11-29T21:15:41.339266,0,,
http://krolevets-raybibl.edukit.sumy.ua/,2024-11-29T21:15:43.922376,0,,
https://onmckim.com.ua/,2024-11-29T21:15:44.075640,0,,
https://pdutgornyak.donetskedu.com/,2024-11-29T21:15:44.113436,0,,
https://hram-novyi-bug.church.ua/,2024-11-29T21:15:44.301657,0,,
https://boryspil-illia.church.ua/,2024-11-29T21:15:44.804052,0,,
http://barvinok-theater.edukit.kiev.ua/,2024-11-29T21:15:45.395844,0,,
https://tetyanivka-mon.church.ua/,2024-11-29T21:15:46.186069,0,,
http://konotop-cmb.sumy.sch.in.ua/,2024-11-29T21:15:48.026955,0,,
https://nikolhram.church.ua/,2024-11-29T21:15:48.085336,0,,
https://dernivka.church.ua,2024-11-29T21:15:48.267721,0,,
https://molochka.church.ua/,2024-11-29T21:15:48.624617,0,,
https://hram-karlovka.church.ua/,2024-11-29T21:15:48.630760,1,,
https://kammuz.com.ua/,2024-11-29T21:15:48.639451,1,,
https://dndzmusic.in.ua/,2024-11-29T21:15:48.870527,1,,
https://mal-staricja.church.ua/,2024-11-29T21:15:48.966307,0,,
https://uchkom.church.ua/,2024-11-29T21:15:49.085314,0,,
https://chernihiv-sob.church.ua/,2024-11-29T21:15:49.232179,0,,
https://simferopol.church.ua/,2024-11-29T21:15:51.668320,0,,
https://vzyskanie.church.ua/,2024-11-29T21:15:51.966094,0,,
https://uzhorodskacrbs.blogspot.com/,2024-11-29T21:15:52.700509,0,,
https://katerlez.church.ua/,2024-11-29T21:15:52.727338,0,,
https://hram-adrian.church.ua/,2024-11-29T21:15:52.809190,0,,
https://tihvinsky-mon.church.ua/,2024-11-29T21:15:53.003663,0,,
https://www.opera-ballet.com.ua/,2024-11-29T21:15:53.267539,0,,
https://trehanastasiy.church.ua/,2024-11-29T21:15:56.387467,0,,
https://serg-radonezh.church.ua/interesnoe-video/,2024-11-29T21:15:56.900612,0,,
https://lugansk.church.ua/,2024-11-29T21:15:57.652030,0,,
http://dolyna-mon.church.ua/,2024-11-29T21:15:58.276294,0,,
https://ancientkharkiv.wordpress.com/,2024-11-29T21:16:00.035640,0,,
https://econom.church.ua/,2024-11-29T21:16:00.134822,1,,
https://khust.church.ua/,2024-11-29T21:16:00.161766,0,,
https://hram-stsmsktorez.church.ua/,2024-11-29T21:16:00.189376,1,,
https://desyatynniy-mon.church.ua,2024-11-29T21:16:00.757929,1,,
https://gliboke.church.ua/,2024-11-29T21:16:00.867897,1,,
https://khust-sob.church.ua/category/audio/,2024-11-29T21:16:01.182743,0,,
https://dimitrsolun.church.ua/,2024-11-29T21:16:01.481227,1,,
https://verakh.church.ua/,2024-11-29T21:16:01.842089,1,,
https://ulianivka.church.ua/,2024-11-29T21:16:01.893334,1,,
https://m-church.org.ua/,2024-11-29T21:16:01.895994,1,,
https://petrivci-georg.church.ua/,2024-11-29T21:16:02.103400,1,,
https://luhansk-sob.church.ua/,2024-11-29T21:16:02.645495,1,,
http://eparhiya.org.ua/,2024-11-29T21:16:04.201147,0,,
http://biblioteka-filiya15.edukit.kr.ua/,2024-11-29T21:16:04.251058,0,,
https://horoshe-mon.church.ua/,2024-11-29T21:16:04.890812,0,,
https://nevskogo.church.ua/,2024-11-29T21:16:05.587511,0,,
https://serafim2014.church.ua/,2024-11-29T21:16:05.646908,0,,
https://school33mariupol.wixsite.com/mysite,2024-11-29T21:16:05.924192,0,,
https://dik-library.wixsite.com/dik-library,2024-11-29T21:16:05.975999,0,,
https://kotljarevka.wixsite.com/kotljarevka,2024-11-29T21:16:06.184051,0,,
http://snihurivka-cbs.edukit.mk.ua/,2024-11-29T21:16:07.542876,1,,
http://baltaeparhia.org.ua/,2024-11-29T21:16:08.138244,0,,
https://volbiblioteka.blogspot.com/,2024-11-29T21:16:09.708433,0,,
https://amuzatua.wixsite.com/amuz,2024-11-29T21:16:10.001451,0,,
http://iver-doneck-mon.church.ua/,2024-11-29T21:16:11.427975,0,,
http://drohobych-crb.edukit.lviv.ua/,2024-11-29T21:16:11.601831,0,,
https://kharkov-mon.church.ua/,2024-11-29T21:16:12.264912,0,,
https://divychky.church.ua,2024-11-29T21:16:12.838712,0,,
https://sntluka.church.ua/,2024-11-29T21:16:13.261390,0,,
https://prisondep.church.ua/,2024-11-29T21:16:13.506186,1,,
https://voznesensk-sob.church.ua/,2024-11-29T21:16:13.568898,0,,
https://www.srvo.od.ua/school/sint_tonika/,2024-11-29T21:16:13.628172,0,,
https://nddt97.wixsite.com/mysite/,2024-11-29T21:16:13.777768,0,,
https://dnipropetrovsk-sob.church.ua/,2024-11-29T21:16:14.474100,1,,
https://mykolaiv-sob.church.ua/,2024-11-29T21:16:16.279048,0,,
https://berdyansk.church.ua/,2024-11-29T21:16:16.330738,0,,
http://visnyk-math.uzhnu.edu.ua/article/view/144047/141961,2024-11-29T21:16:16.472176,0,,
https://vved-dol.church.ua/,2024-11-29T21:16:16.976965,0,,
http://www.kplavra.kyiv.ua/,2024-11-29T21:16:17.376003,0,,
http://echas.eenu.edu.ua/,2024-11-29T21:16:17.800691,0,,
http://visnyk-geo.univ.kiev.ua/,2024-11-29T21:16:17.929199,0,,
https://shidnitca-cerkva.church.ua/,2024-11-29T21:16:18.070115,0,,
https://pruxod.church.ua/,2024-11-29T21:16:18.261807,0,,
http://med.sumdu.edu.ua/,2024-11-29T21:16:18.516136,0,,
https://protsiv.church.ua/,2024-11-29T21:16:20.235130,0,,
http://www.mif-ua.com/,2024-11-29T21:16:20.342143,0,,
http://www.oa.edu.ua/,2024-11-29T21:16:20.366010,0,,
http://krkutcdut.wixsite.com/krkut-cdut,2024-11-29T21:16:21.866898,0,,
https://khg.kname.edu.ua/index.php/khg/issue/archive,2024-11-29T21:16:21.981778,0,,
https://podillia.church.ua/,2024-11-29T21:16:22.084776,0,,
http://bogorodychne-mon.church.ua/,2024-11-29T21:16:23.509305,0,,
https://ioann.church.ua/,2024-11-29T21:16:23.693329,0,,
http://prostir.museum/ua/post/9388,2024-11-29T21:16:24.399561,0,,
https://jivon-ist.church.ua/,2024-11-29T21:16:24.425640,1,,
https://spyridon.church.ua/category/news/,2024-11-29T21:16:24.767775,1,,
https://divychky1.church.ua,2024-11-29T21:16:25.086452,1,,
https://xn--80a3aeu4czas.xn--j1amh/,2024-11-29T21:16:25.255722,1,,
https://sezenkiv.church.ua/,2024-11-29T21:16:25.348644,1,,
https://goroh.pp.ua/,2024-11-29T21:16:25.418429,1,,
https://nedra.church.ua/,2024-11-29T21:16:25.435641,1,,
https://hram-kupina.church.ua/o-pravoslavii/,2024-11-29T21:16:25.592269,0,,
https://petra-pavla.church.ua/,2024-11-29T21:16:25.712241,0,,
https://pylypcha.church.ua/,2024-11-29T21:16:26.195197,1,,
https://nikolskoe.church.ua/,2024-11-29T21:16:26.462169,1,,
https://dnipropetrovsk.church.ua/,2024-11-29T21:16:26.470466,1,,
https://pearls20081.wixsite.com/ctduselidovo,2024-11-29T21:16:27.758015,0,,
http://osvita-mariupol.wixsite.com/school-66,2024-11-29T21:16:29.086771,0,,
https://tulchin.church.ua/,2024-11-29T21:16:29.190523,0,,
https://stovpjagi.church.ua/,2024-11-29T21:16:29.451623,0,,
https://memorial.omi.org.ua/,2024-11-29T21:16:29.667821,0,,
http://www.magister.msk.ru/,2024-11-29T21:16:30.086015,0,,
https://krasnopil-mon.church.ua/,2024-11-29T21:16:30.154112,0,,
https://s44-mar.wixsite.com/s44-m,2024-11-29T21:16:30.531537,0,,
https://trinity.church.ua/,2024-11-29T21:16:30.593116,0,,
http://libs.mfknukim.mk.ua/handle/123456789/14,2024-11-29T21:16:30.666431,0,,
https://er.nau.edu.ua/community-list,2024-11-29T21:16:33.111035,1,,
http://zhashkiv-museum.at.ua/,2024-11-29T21:16:33.248714,0,,
https://amu-biblioteka.wixsite.com/amu-biblioteka,2024-11-29T21:16:34.159956,0,,
https://med-expert.com.ua/journals/podpiska/,2024-11-29T21:16:34.676215,0,,
http://www.krliman-cvr.dn.sch.in.ua/,2024-11-29T21:16:36.446017,0,,
https://mirne.church.ua/,2024-11-29T21:16:36.523241,0,,
http://kasperovsky-mon.church.ua/,2024-11-29T21:16:36.651578,0,,
https://domanevka-mon.church.ua,2024-11-29T21:16:37.173465,0,,
http://onma.edu.ua/,2024-11-29T21:16:37.375888,0,,
https://vel-karatul.church.ua/,2024-11-29T21:16:37.509028,0,,
https://ortodox-school.church.ua/,2024-11-29T21:16:37.513938,0,,
https://verbashadow.com/,2024-11-29T21:16:37.744404,0,,
https://lviv-sob.church.ua/,2024-11-29T21:16:37.789238,0,,
https://berezniy.blogspot.com/,2024-11-29T21:16:38.209589,0,,
https://hram-svolga.church.ua/,2024-11-29T21:16:38.287464,0,,
https://pokrov-malin.church.ua/,2024-11-29T21:16:39.837076,0,,
https://detkamda.church.ua/,2024-11-29T21:16:41.176025,0,,
https://bdut-pology.blogspot.com/,2024-11-29T21:16:41.424660,0,,
https://izograf.church.ua/,2024-11-29T21:16:41.529475,0,,
http://svyatonikolskiy.cerkov.ru/,2024-11-29T21:16:41.594359,0,,
http://arts-series-knukim.pp.ua/user/setLocale/en_US,2024-11-29T21:16:41.711577,0,,
http://fil.nlu.edu.ua/user/setLocale/uk_UA?source=%2F,2024-11-29T21:16:41.816361,0,,
http://problecon.com/,2024-11-29T21:16:41.826661,0,,
https://kazanskii-hram.church.ua/,2024-11-29T21:16:42.244158,0,,
http://bakhmach-crb.edukit.cn.ua/,2024-11-29T21:16:42.341117,0,,
http://monah.myftp.biz/,2024-11-29T21:16:42.384700,0,,
https://tivrovpravoslav.church.ua/,2024-11-29T21:16:42.611174,0,,
https://urzuf.church.ua/,2024-11-29T21:16:42.743363,0,,
http://www.knuba.edu.ua/eng/,2024-11-29T21:16:43.930396,0,,
http://balakliya-cdut.edu.kh.ua/,2024-11-29T21:16:45.217523,0,,
https://pirnove.church.ua/,2024-11-29T21:16:45.333757,0,,
http://www.tureizahav.lviv.ua/,2024-11-29T21:16:45.722083,0,,
http://muzei-prirody.blogspot.com/,2024-11-29T21:16:45.769055,0,,
https://2017ckd.wixsite.com/centr,2024-11-29T21:16:46.450672,0,,
https://st-vladimir.church.ua/,2024-11-29T21:16:46.759701,0,,
https://jew.org.ua/ukr.html,2024-11-29T21:16:46.850628,0,,
https://santa-valentina.church.ua/,2024-11-29T21:16:48.635871,0,,
https://lubymivka.church.ua/,2024-11-29T21:16:48.671549,0,,
http://svyatogirsk-mon.church.ua/,2024-11-29T21:16:48.739570,0,,
https://dudarkiv.church.ua,2024-11-29T21:16:49.247295,0,,
http://ostrobram.prihod.ru/,2024-11-29T21:16:49.810396,0,,
http://library.dstu.education/,2024-11-29T21:16:50.125999,0,,
http://chm.onu.edu.ua/,2024-11-29T21:16:50.483097,0,,
https://hrch.church.ua/,2024-11-29T21:16:51.541155,1,,
https://dukmir.jimdofree.com/,2024-11-29T21:16:51.716809,1,,
https://dun-mihaila.church.ua,2024-11-29T21:16:52.733097,1,,
http://portal-pravoslavie.sumy.ua/,2024-11-29T21:16:52.874067,0,,
https://donetsk-sob.church.ua/,2024-11-29T21:16:53.403997,1,,
https://hotsky.church.ua/,2024-11-29T21:16:53.518026,0,,
https://odesa-sob.church.ua/,2024-11-29T21:16:53.895244,0,,
https://tel0800502686.church.ua/,2024-11-29T21:16:53.905097,0,,
https://konstantin-elena.church.ua/,2024-11-29T21:16:54.322085,0,,
https://soborbogorodici.church.ua/,2024-11-29T21:16:54.819911,0,,
https://crimea-eparhia.ru/,2024-11-29T21:16:54.994050,1,,
http://elib.gnpbu.ru/,2024-11-29T21:16:55.450502,0,,
https://hram.church.ua/,2024-11-29T21:16:57.292657,0,,
https://kuinji.wixsite.com/kuinji,2024-11-29T21:16:57.585094,0,,
https://vel-dymerka.church.ua/,2024-11-29T21:16:58.918129,0,,
https://panteleimon-dol.church.ua/,2024-11-29T21:16:58.972785,0,,
https://hram-nikola.kiev.ua/,2024-11-29T21:16:59.172833,0,,
https://mrplmusicschool1.wixsite.com/musicschool1/novini-1,2024-11-29T21:16:59.549070,0,,
https://varvara.church.ua/,2024-11-29T21:17:00.783954,0,,
https://filial40.od.ua/,2024-11-29T21:17:00.925296,0,,
https://newacropolis.org.ua/,2024-11-29T21:17:00.943866,0,,
http://slovoprosvity.org/,2024-11-29T21:17:01.611007,0,,
https://bogoslovie.church.ua/,2024-11-29T21:17:01.889816,0,,
http://gorod.dp.ua/,2024-11-29T21:17:02.240556,0,,
https://syniak.church.ua/,2024-11-29T21:17:02.569967,0,,
http://1986.org.ua/,2024-11-29T21:17:03.012982,0,,
https://olexatest.wixsite.com/oval/blog,2024-11-29T21:17:03.269703,1,,
https://nikolo-vladimir.church.ua/,2024-11-29T21:17:03.617299,0,,
https://brd.church.ua/,2024-11-29T21:17:03.756986,1,,
https://uspenie-sokolovo.church.ua/,2024-11-29T21:17:04.066728,1,,
https://rudnia.church.ua/,2024-11-29T21:17:04.547298,1,,
https://dymer.church.ua,2024-11-29T21:17:04.846773,0,,
http://donskoy-kerch.cerkov.ru/2017/01/09/novaya-chast-xrama/,2024-11-29T21:17:04.862746,0,,
https://perechinbook.blogspot.com/,2024-11-29T21:17:04.991228,0,,
https://vicatto.wixsite.com/gdev,2024-11-29T21:17:05.961807,0,,
https://sulymivka-sret.church.ua/,2024-11-29T21:17:05.981140,0,,
https://shevchenkove.church.ua/,2024-11-29T21:17:05.981394,0,,
https://rozhdestvo-hram.church.ua/,2024-11-29T21:17:06.406161,0,,
https://chinadievo.church.ua/,2024-11-29T21:17:06.563932,1,,
https://nupp.edu.ua/,2024-11-29T21:17:07.647843,0,,
http://www.shukach.com/,2024-11-29T21:17:08.147158,0,,
https://medicine.dp.ua/,2024-11-29T21:17:08.582725,0,,
http://mystukr.mari.kiev.ua/,2024-11-29T21:17:08.974353,0,,
https://hram-crimea.ru/,2024-11-29T21:17:09.025115,0,,
https://berezan-sofron.church.ua/,2024-11-29T21:17:09.384576,0,,
https://revne.church.ua/,2024-11-29T21:17:11.021162,0,,
https://ovruch.church.ua/,2024-11-29T21:17:11.343663,0,,
https://ds.cdu.edu.ua/,2024-11-29T21:17:12.289088,0,,
https://vladimirsky-mon.church.ua/,2024-11-29T21:17:13.036685,0,,
http://hstudies-univ.kiev.ua/,2024-11-29T21:17:13.612308,0,,
https://vinnytsia.church.ua/,2024-11-29T21:17:14.327678,0,,
https://ivankiv.church.ua/,2024-11-29T21:17:14.653381,0,,
http://www.bs.tze.org.ua/,2024-11-29T21:17:14.787987,1,,
https://bobrikhramjerelo.church.ua/,2024-11-29T21:17:15.358576,0,,
https://konotop-sob.church.ua/,2024-11-29T21:17:15.832410,0,,
https://farbovane.church.ua,2024-11-29T21:17:16.922804,0,,
https://orthodox-world.org/en/i/17575/Ukraine/Kharkivs'ka-Oblast'/Izium/Church/Holy-Cross-Orthodox-Church,2024-11-29T21:17:17.097313,0,,
https://rozhny.church.ua/,2024-11-29T21:17:17.116317,1,,
https://library.te.ua/,2024-11-29T21:17:17.649077,0,,
https://edinoverhram.church.ua/,2024-11-29T21:17:18.086897,0,,
https://plishyvets-mon.church.ua/,2024-11-29T21:17:18.087650,0,,
https://lubarci.church.ua/,2024-11-29T21:17:18.089106,0,,
http://www.udau.edu.ua/,2024-11-29T21:17:18.424487,0,,
https://stilian-dol.church.ua/,2024-11-29T21:17:18.497360,0,,
https://blagovest.church.ua/,2024-11-29T21:17:18.648193,0,,
https://ioannbogoslov25a.church.ua/,2024-11-29T21:17:19.729845,0,,
https://svitylnia.church.ua/,2024-11-29T21:17:20.668722,0,,
https://bdut.teplodar.od.ua,2024-11-29T21:17:21.043668,0,,
https://svmikh.church.ua/,2024-11-29T21:17:21.110318,0,,
http://ocpo.sumy.ua/,2024-11-29T21:17:21.264354,0,,
https://gkraviets6.wixsite.com/mysite-2,2024-11-29T21:17:22.138636,0,,
http://skhid.kubg.edu.ua/,2024-11-29T21:17:22.545413,0,,
https://zlatoust.church.ua/,2024-11-29T21:17:23.111748,0,,
http://via.dp.ua/,2024-11-29T21:17:23.193903,0,,
http://michael.church.ua/,2024-11-29T21:17:23.422762,0,,
https://mariupol-school-18.wixsite.com/school18,2024-11-29T21:17:23.804257,0,,
https://m5.church.ua/,2024-11-29T21:17:24.387786,0,,
https://molnytsia-mon.church.ua/,2024-11-29T21:17:26.864884,0,,
https://malakopanya2018.blogspot.com/,2024-11-29T21:17:27.244219,0,,
https://kyselivka.church.ua/main-page/,2024-11-29T21:17:27.441433,0,,
https://zhenmirkerch.church.ua/,2024-11-29T21:17:28.742029,0,,
https://melitopol-blagochinie.church.ua/,2024-11-29T21:17:28.890624,1,,
https://family.church.ua/,2024-11-29T21:17:29.175938,0,,
https://nevskiy-sev.church.ua/,2024-11-29T21:17:29.736555,0,,
https://yahotyn-pokrov.church.ua/,2024-11-29T21:17:30.188197,0,,
https://iversky-mon.church.ua/,2024-11-29T21:17:30.188509,0,,
https://calendar.church.ua/,2024-11-29T21:17:30.515536,0,,
https://hram-rozhdestva.church.ua/,2024-11-29T21:17:32.752486,0,,
https://cyt.cv.ua/,2024-11-29T21:17:32.924551,0,,
https://sv-kazanska.church.ua/,2024-11-29T21:17:33.191765,0,,
https://sergiy-radonezh.church.ua/,2024-11-29T21:17:33.343691,0,,
https://openarchive.nure.ua/,2024-11-29T21:17:33.782622,0,,
https://epiriney.church.ua/,2024-11-29T21:17:34.236404,0,,
http://khram-voskres.cerkov.ru/,2024-11-29T21:17:34.595728,0,,
https://hram-orlovka.church.ua/,2024-11-29T21:17:34.624923,0,,
https://krestovozdvig.church.ua/,2024-11-29T21:17:35.507725,0,,
http://alutsar.com/wp-includes/js/jquery/jquery.js?ver=1.12.4,2024-11-29T21:17:35.508686,0,,
https://selychivka.church.ua/,2024-11-29T21:17:35.881124,0,,
https://kievskaya-rus.church.ua/,2024-11-29T21:17:36.475715,0,,
https://openarchive.nure.ua/,2024-11-29T21:17:36.779938,0,,
https://chmelnitskogo.blogspot.com/,2024-11-29T21:17:38.290924,0,,
http://museum.slavyansk.online/,2024-11-29T21:17:38.304411,0,,
https://simeiz-pokrov.church.ua/,2024-11-29T21:17:38.947530,0,,
https://tarasivka.church.ua/,2024-11-29T21:17:39.331385,0,,
http://arkhmihail.cerkov.ru/,2024-11-29T21:17:39.953732,0,,
https://vyshneveblago.church.ua/,2024-11-29T21:17:40.826440,0,,
https://medgorodok-hram.church.ua/,2024-11-29T21:17:41.285082,0,,
https://berezan.church.ua/,2024-11-29T21:17:42.282485,0,,
https://vahivka.church.ua/,2024-11-29T21:17:42.292708,0,,
https://comcendutuntvor.odessaedu.net/,2024-11-29T21:17:42.693716,0,,
https://toplovsky-mon.church.ua/,2024-11-29T21:17:45.014421,0,,
https://sarny.church.ua/,2024-11-29T21:17:45.279613,0,,
https://hram-nikola-nn.church.ua/,2024-11-29T21:17:45.422394,0,,
https://rybak-svnik.church.ua/,2024-11-29T21:17:45.861089,0,,
http://bcpep.org.ua/,2024-11-29T21:17:46.426374,0,,
https://lehnivka.church.ua/,2024-11-29T21:17:46.684734,0,,
https://tyachivbiblioteka.blogspot.com/,2024-11-29T21:17:46.762272,0,,
https://yabluneve.church.ua/,2024-11-29T21:17:47.606313,0,,
https://letsky.church.ua/,2024-11-29T21:17:47.606346,0,,
https://mrpl.city/blogs/dk-molodezhnyj,2024-11-29T21:17:48.033238,0,,
https://hram-varvary.church.ua/,2024-11-29T21:17:48.563869,0,,
https://palomnik-kh.church.ua/,2024-11-29T21:17:48.866609,0,,
http://berdychiv.in.ua/,2024-11-29T21:17:49.444930,0,,
http://kremen-eparh.org/,2024-11-29T21:17:49.918333,0,,
https://dobro.church.ua/,2024-11-29T21:17:50.385679,0,,
http://eprints.mdpu.org.ua/view/divisions/,2024-11-29T21:17:50.795960,0,,
https://martusivca.church.ua/,2024-11-29T21:17:51.039024,0,,
https://morozivka.church.ua/,2024-11-29T21:17:51.426478,0,,
http://ivanivka-cdt.ucoz.ua/,2024-11-29T21:17:51.682712,0,,
https://journals.pnu.edu.ua/index.php/apiclu,2024-11-29T21:17:52.106778,0,,
http://histpol.pl.ua/,2024-11-29T21:17:52.336132,0,,
https://tamara.church.ua/,2024-11-29T21:17:52.912769,0,,
https://www.npptovtry.org.ua/,2024-11-29T21:17:53.151719,0,,
https://prp-serafim.church.ua/,2024-11-29T21:17:53.367125,0,,
https://spaso-preobrazh.church.ua/,2024-11-29T21:17:54.373613,0,,
http://mrvo.od.ua/,2024-11-29T21:17:54.854923,0,,
https://bibl10.wixsite.com/kuprina,2024-11-29T21:17:55.481036,0,,
https://khersonculture.wixsite.com/nonfake,2024-11-29T21:17:55.744113,0,,
http://kzdcrb2014.blogspot.com/,2024-11-29T21:17:57.207465,0,,
https://bogoslovkanon.church.ua/,2024-11-29T21:17:57.364979,0,,
https://obolon-blago.church.ua/,2024-11-29T21:17:58.506071,0,,
https://geovisnsnu.wordpress.com/,2024-11-29T21:17:59.100130,0,,
http://agapithram.prihod.ru/,2024-11-29T21:17:59.823783,0,,
https://yerkivtsi.church.ua/,2024-11-29T21:18:00.657182,0,,
https://uspeniekrm.church.ua/,2024-11-29T21:18:00.965002,0,,
https://xramuspenie.church.ua/,2024-11-29T21:18:01.520761,0,,
https://svt-nikolai.church.ua/,2024-11-29T21:18:01.994614,0,,
https://voznesensk.church.ua/,2024-11-29T21:18:02.467652,0,,
https://perekop-blag.church.ua/,2024-11-29T21:18:02.873504,0,,
http://krvo.od.ua/school/lic_evrika/,2024-11-29T21:18:03.521922,0,,
https://yablonsk-valeriy.church.ua/,2024-11-29T21:18:04.186468,0,,
https://svt-magdalina.church.ua/,2024-11-29T21:18:04.430562,0,,
https://marschool32.wixsite.com/mysite,2024-11-29T21:18:04.703627,0,,
https://kiliv.church.ua/duxovenstvo/,2024-11-29T21:18:04.995159,0,,
https://solunskogo.church.ua/,2024-11-29T21:18:05.443920,0,,
https://academy.ssu.gov.ua/,2024-11-29T21:18:05.780867,0,,
https://istochnik.church.ua/,2024-11-29T21:18:06.468515,0,,
http://simblago.com/,2024-11-29T21:18:06.540314,0,,
https://bilka-selo.wixsite.com/bilka,2024-11-29T21:18:06.923925,0,,
https://hram-peskovka.church.ua/,2024-11-29T21:18:06.940704,0,,
http://repo.donnu.ru:8080/jspui/community-list,2024-11-29T21:18:08.282599,0,,
http://pkf.donbass.name/,2024-11-29T21:18:08.477028,0,,
https://hramluki.church.ua/,2024-11-29T21:18:09.296359,0,,
https://iver-lozovaya.church.ua/,2024-11-29T21:18:09.450371,0,,
https://gliadyn.church.ua/,2024-11-29T21:18:10.640675,0,,
http://kb.nuos.edu.ua/,2024-11-29T21:18:10.724302,0,,
https://arhangel.church.ua/,2024-11-29T21:18:11.184333,0,,
https://derzhavnayatorez.church.ua/,2024-11-29T21:18:11.907490,0,,
https://marschool40.wixsite.com/marschool40,2024-11-29T21:18:12.338260,0,,
https://sophia.knu.ua/,2024-11-29T21:18:12.542436,0,,
https://vstrecha.church.ua/,2024-11-29T21:18:13.050005,0,,
https://ioasaf.church.ua/,2024-11-29T21:18:14.072726,0,,
https://gzvr62.wixsite.com/margzvr,2024-11-29T21:18:15.232761,0,,
https://boryspil-spas.church.ua/,2024-11-29T21:18:15.624811,0,,
http://journals.iir.kiev.ua/,2024-11-29T21:18:16.422798,0,,
https://izym-blagochinie.church.ua/category/news/,2024-11-29T21:18:16.773855,1,,
https://vel-staricja.church.ua/,2024-11-29T21:18:16.778778,0,,
https://publishing.socionic.info/,2024-11-29T21:18:17.125077,0,,
https://hotianivka.church.ua/,2024-11-29T21:18:17.522730,0,,
https://poltava.church.ua/,2024-11-29T21:18:17.869932,0,,
https://yurove.church.ua/,2024-11-29T21:18:18.147650,1,,
https://semipolki.church.ua/,2024-11-29T21:18:18.547050,0,,
https://ploske.church.ua/,2024-11-29T21:18:18.671324,0,,
https://tsybli.church.ua/,2024-11-29T21:18:19.015154,0,,
https://st-vaclav.church.ua/,2024-11-29T21:18:20.558552,0,,
http://pano.pl.ua/,2024-11-29T21:18:21.346426,0,,
https://bookcase.church.ua/,2024-11-29T21:18:21.380050,0,,
https://agapit.church.ua/,2024-11-29T21:18:21.540262,0,,
http://journals.nubip.edu.ua/,2024-11-29T21:18:22.225221,0,,
https://law.church.ua/,2024-11-29T21:18:22.735724,0,,
https://episkop-nestor.church.ua/,2024-11-29T21:18:22.810306,0,,
https://usivka.church.ua/,2024-11-29T21:18:23.993748,0,,
https://hram-ocheretino.church.ua/,2024-11-29T21:18:24.640087,0,,
http://zazimye.info/index.php/pro-parafiiu/pro-khram.html,2024-11-29T21:18:24.731126,0,,
http://en.museum.if.ua/,2024-11-29T21:18:26.318871,0,,
https://gorodnitsa-mon.church.ua/,2024-11-29T21:18:27.325689,0,,
https://nesterivka.church.ua/,2024-11-29T21:18:27.706508,0,,
https://zolotyvik.blogspot.com/,2024-11-29T21:18:28.046708,0,,
https://rovenky-ep.org.ua/,2024-11-29T21:18:28.695467,0,,
https://georgievski-hram.church.ua/,2024-11-29T21:18:28.863785,0,,
https://lemeshivka.church.ua/,2024-11-29T21:18:28.863935,0,,
https://molchensky-mon.church.ua/,2024-11-29T21:18:29.617092,0,,
https://troitskiy.church.ua/main-page/,2024-11-29T21:18:29.952486,0,,
https://trisv.church.ua/,2024-11-29T21:18:30.634989,0,,
https://hramloboykovka.church.ua/,2024-11-29T21:18:30.753985,0,,
https://kiziltash-mon.church.ua/,2024-11-29T21:18:31.013938,1,,
https://svnikolaevskij.church.ua/,2024-11-29T21:18:31.097916,0,,
http://umsf.dp.ua/,2024-11-29T21:18:31.355153,0,,
http://pivdenne-cdut.edu.kh.ua/,2024-11-29T21:18:31.730691,0,,
https://lukashi.church.ua/,2024-11-29T21:18:33.464024,0,,
https://ioninsky.church.ua/,2024-11-29T21:18:33.635996,0,,
https://zamokdubno.com.ua/,2024-11-29T21:18:34.790047,0,,
https://popovo.church.ua/?page_id=75,2024-11-29T21:18:34.821774,0,,
https://shkola.church.ua/,2024-11-29T21:18:34.902762,0,,
https://visnukpfs.dp.ua/index.php/PFS,2024-11-29T21:18:35.468130,0,,
https://balta.church.ua/,2024-11-29T21:18:36.805108,0,,
http://www.plantintroduction.org/ejit.200700145,2024-11-29T21:18:37.620047,0,,
https://sobor.church.ua/,2024-11-29T21:18:38.405533,0,,
https://khustlibrary.blogspot.com/,2024-11-29T21:18:38.958942,0,,
https://ujnpnzmriaj.odessaedu.net/,2024-11-29T21:18:39.174285,0,,
https://krasnogv-blag.church.ua/,2024-11-29T21:18:40.126100,0,,
https://golovuriv.church.ua/,2024-11-29T21:18:40.773890,0,,
https://vyshhorod-troit.church.ua/,2024-11-29T21:18:40.955115,0,,
https://gorlivka-sob.church.ua/,2024-11-29T21:18:40.957476,0,,
https://zposvita39.wixsite.com/mysite,2024-11-29T21:18:41.682631,0,,
https://pereiaslav-rizdv.church.ua/,2024-11-29T21:18:41.696020,0,,
https://georgios.church.ua/,2024-11-29T21:18:42.041074,0,,
https://vyshenky.church.ua/,2024-11-29T21:18:42.708638,0,,
https://archives.gov.ua/en/,2024-11-29T21:18:42.855378,0,,
https://pereyaslav-tr.church.ua/,2024-11-29T21:18:43.099866,0,,
https://boromlja.church.ua/,2024-11-29T21:18:43.808570,0,,
https://eparhiya.od.ua/,2024-11-29T21:18:45.045931,0,,
https://hram-hotyanovka.church.ua/,2024-11-29T21:18:45.713179,0,,
https://arh-mihail.church.ua/,2024-11-29T21:18:46.902585,0,,
http://orthodox-kr.org.ua/core/upl_images/Paskha_pozdravlenie.jpg,2024-11-29T21:18:47.041366,0,,
http://zmapo.edu.ua/,2024-11-29T21:18:47.198482,0,,
http://docudays.ua/,2024-11-29T21:18:48.889229,0,,
http://physchem.od.ua/,2024-11-29T21:18:49.805429,0,,
https://vvedensky.church.ua/,2024-11-29T21:18:50.496326,0,,
http://www.ipn.cdu.edu.ua/,2024-11-29T21:18:50.938228,0,,
https://bogorodiza.church.ua/,2024-11-29T21:18:51.051762,0,,
https://epkliment.church.ua/,2024-11-29T21:18:51.260802,0,,
https://magdalina-centr.church.ua/,2024-11-29T21:18:52.208850,0,,
https://panfily.church.ua/,2024-11-29T21:18:52.857026,0,,
https://architecture.church.ua/,2024-11-29T21:18:53.042173,0,,
https://st-george.church.ua/,2024-11-29T21:18:53.766515,0,,
https://stahanov.church.ua/,2024-11-29T21:18:53.786153,0,,
https://rovenki-sob.church.ua/,2024-11-29T21:18:54.123784,0,,
https://avdeevka.church.ua/,2024-11-29T21:18:54.790916,0,,
https://nowowaskultura.blogspot.com/,2024-11-29T21:18:54.987296,0,,
https://nikolskoe-mon.church.ua/,2024-11-29T21:18:55.021293,1,,
http://er.nau.edu.ua/,2024-11-29T21:18:55.080922,0,,
https://monastery.church.ua/,2024-11-29T21:18:55.766981,1,,
https://hram-korsun.church.ua/,2024-11-29T21:18:55.894102,0,,
https://severodonetsk-sob.church.ua/,2024-11-29T21:18:57.122282,0,,
http://dspace.mdu.edu.ua/jspui/handle/123456789/1003,2024-11-29T21:18:57.136106,0,,
https://petrivci-pokrov.church.ua/,2024-11-29T21:18:57.350975,1,,
https://cotcendutuntvor.odessaedu.net/,2024-11-29T21:18:57.876336,1,,
https://neuro.kiev.ua/,2024-11-29T21:18:59.022120,0,,
https://mizoch.church.ua/,2024-11-29T21:18:59.133728,0,,
https://vvak.in.ua/,2024-11-29T21:18:59.225271,0,,
https://www.prvo.od.ua/school/lic_unak/,2024-11-29T21:18:59.305042,0,,
http://oblenc.edukit.lg.ua/,2024-11-29T21:18:59.801971,0,,
https://lozoviy-yar.church.ua/,2024-11-29T21:19:00.972812,0,,
https://k-voennotdel.church.ua/,2024-11-29T21:19:02.581323,0,,
http://svlyka.cerkov.ru/,2024-11-29T21:19:03.872075,0,,
https://hram-yaroslava.church.ua/,2024-11-29T21:19:04.961124,0,,
http://maptimes.inf.ua/,2024-11-29T21:19:05.077015,0,,
https://bdut-ua.jimdofree.com/,2024-11-29T21:19:05.872155,0,,
https://litochky.church.ua/,2024-11-29T21:19:06.222023,0,,
https://artshostka.blogspot.com/,2024-11-29T21:19:06.632537,0,,
https://hospital.church.ua/,2024-11-29T21:19:06.871551,0,,
https://hram-kamenka.church.ua/,2024-11-29T21:19:07.120731,0,,
https://oleshnik.blogspot.com/,2024-11-29T21:19:07.921651,0,,
http://school53mar.wixsite.com/0629,2024-11-29T21:19:09.130789,0,,
https://selysche.church.ua/,2024-11-29T21:19:09.233581,0,,
https://glibivca.church.ua/,2024-11-29T21:19:09.245165,0,,
https://mazinky.church.ua/,2024-11-29T21:19:09.458640,0,,
https://petraipavlayas.church.ua/,2024-11-29T21:19:09.955340,0,,
https://mezhibozh.com/yak-jihaty-v-medzhybizh/,2024-11-29T21:19:10.273734,0,,
https://sytbelitskoe2015.wixsite.com/syt2015/,2024-11-29T21:19:10.929217,0,,
https://sviato-georges.church.ua/,2024-11-29T21:19:11.107470,0,,
https://shaj.sumdu.edu.ua/?lang=en,2024-11-29T21:19:11.235791,0,,
https://dzhankoy-sob.church.ua/,2024-11-29T21:19:11.317965,0,,
https://vvedenskiy-podol.church.ua/,2024-11-29T21:19:11.404861,0,,
https://pnzbdyut3.wixsite.com/zavodskiy,2024-11-29T21:19:11.970376,0,,
https://biblnekrasov.wixsite.com/mysite,2024-11-29T21:19:13.312328,0,,
http://mfat.imath.kiev.ua/,2024-11-29T21:19:13.519006,0,,
http://dspace.udpu.edu.ua/community-list,2024-11-29T21:19:13.973242,0,,
http://www.journal-discourse.com/uk/,2024-11-29T21:19:15.024106,0,,
http://pptma.dn.ua/index.php/uk/,2024-11-29T21:19:15.268506,0,,
https://natekolog1955.wixsite.com/website,2024-11-29T21:19:15.388894,0,,
https://strokova.church.ua/,2024-11-29T21:19:17.059614,0,,
https://elib.umsa.edu.ua/,2024-11-29T21:19:17.413631,0,,
http://oneu.edu.ua/,2024-11-29T21:19:18.112339,0,,
https://ostropil.church.ua/,2024-11-29T21:19:18.716298,0,,
https://shhaslive.church.ua/,2024-11-29T21:19:21.234729,0,,
https://korets-georiy.church.ua/,2024-11-29T21:19:21.347377,0,,
http://apsnim.bsmu.edu.ua/,2024-11-29T21:19:21.528058,0,,
https://rakivka.church.ua/,2024-11-29T21:19:22.041590,0,,
https://dubno-adm.gov.ua/pro-misto/arkhitekturna-spadshchina.html,2024-11-29T21:19:22.145506,0,,
https://crimea.church.ua/,2024-11-29T21:19:22.362992,0,,
http://reposit.nupp.edu.ua/browse?type=title,2024-11-29T21:19:22.812743,0,,
https://s-p-p.church.ua/,2024-11-29T21:19:23.291826,0,,
https://chichagov.church.ua/,2024-11-29T21:19:23.330608,0,,
https://chug.church.ua/,2024-11-29T21:19:23.514022,0,,
https://vseh-svjat.church.ua/,2024-11-29T21:19:24.071183,0,,
https://sos-ukraine.org/,2024-11-29T21:19:25.143040,0,,
https://gnidyn.church.ua/,2024-11-29T21:19:25.608732,0,,
https://fanchikovolibrary.blogspot.com/,2024-11-29T21:19:26.417909,0,,
https://hram-radonezh.church.ua/,2024-11-29T21:19:27.120713,0,,
https://st-xenia.church.ua/,2024-11-29T21:19:27.196674,1,,
https://pokrovaberdyansk.church.ua/,2024-11-29T21:19:27.539837,0,,
http://repository.hdzva.edu.ua/home.jsp?locale=uk,2024-11-29T21:19:27.658511,0,,
https://pereyaslav-georg.church.ua/,2024-11-29T21:19:28.515562,1,,
https://dopovidi-nanu.org.ua/,2024-11-29T21:19:29.606929,1,,
https://sobor-kozelets.church.ua/,2024-11-29T21:19:29.980697,1,,
https://nikolo-artemij.church.ua/,2024-11-29T21:19:30.191356,1,,
http://mvr.dp.ua/,2024-11-29T21:19:30.207728,1,,
https://book.church.ua/,2024-11-29T21:19:30.365610,1,,
https://osvitamrpl.wixsite.com/school9,2024-11-29T21:19:30.457304,1,,
https://schooll50.wixsite.com/schooll50,2024-11-29T21:19:30.569349,1,,
https://elispalomnik.church.ua/,2024-11-29T21:19:30.677426,1,,
http://zhashkiv.info/history/muzei/,2024-11-29T21:19:30.943454,1,,
http://chm.onu.edu.ua/,2024-11-29T21:19:30.952960,1,,
https://ilyinsky-torez.church.ua/,2024-11-29T21:19:31.169207,1,,
https://kseniapeter-hram.church.ua/,2024-11-29T21:19:31.268193,1,,
https://nikolaigabelko.church.ua/,2024-11-29T21:19:31.323293,1,,
https://krasne.church.ua/,2024-11-29T21:19:31.326235,1,,
http://eu-jr.eu/sciencerise,2024-11-29T21:19:31.407538,1,,
https://blagoveschenskiy.church.ua/,2024-11-29T21:19:31.618087,1,,
https://discover.vn.ua/locations/mogilev-podolskiy-kraevedcheskiy-muzey,2024-11-29T21:19:31.703099,0,,
https://makariy-kiev.church.ua/,2024-11-29T21:19:31.858302,1,,
https://kovalyn.church.ua/,2024-11-29T21:19:31.895479,1,,
https://senkivka.church.ua/,2024-11-29T21:19:31.898928,1,,
https://kremenchuk-sob.church.ua/,2024-11-29T21:19:31.902138,1,,
https://www.prvo.od.ua/school/lic_moryana/,2024-11-29T21:19:31.960492,1,,
https://pokrov-obuhovich.church.ua/main-page/,2024-11-29T21:19:31.989030,1,,
https://gaishin.church.ua/,2024-11-29T21:19:32.103511,1,,
https://peremoga.church.ua/,2024-11-29T21:19:32.166472,1,,
https://ekaterina.org.ua/,2024-11-29T21:19:32.194741,0,,
https://hram-piryatin.church.ua/,2024-11-29T21:19:32.508503,1,,
https://golovanivsk.church.ua/main-page/,2024-11-29T21:19:32.579962,1,,
https://schors-svnikolaj.church.ua/,2024-11-29T21:19:32.656657,1,,
https://cbsbibl.wixsite.com/cbsbibl,2024-11-29T21:19:32.713327,1,,
https://lebedyn.church.ua/,2024-11-29T21:19:32.762786,1,,
https://pokrov-dobro.church.ua/,2024-11-29T21:19:32.925472,1,,
https://stanislavchik.church.ua/,2024-11-29T21:19:33.230415,1,,
https://markap.church.ua/,2024-11-29T21:19:33.325906,0,,
http://zosh24mariupol.wix.com/school,2024-11-29T21:19:35.990174,0,,
https://eprints.oa.edu.ua/,2024-11-29T21:19:36.680199,0,,
https://center-blind.church.ua/,2024-11-29T21:19:37.935430,1,,
https://vyshhorod-borys.church.ua/,2024-11-29T21:19:41.761148,1,,
https://v-dubechnia.church.ua/,2024-11-29T21:19:41.926017,1,,
https://irpinblag.church.ua/,2024-11-29T21:19:42.275859,0,,
http://kharkiv.church.ua/,2024-11-29T21:19:44.009133,0,,
http://www.eparhia.com.ua/,2024-11-29T21:19:44.051110,0,,
https://paryshkiv.church.ua/,2024-11-29T21:19:44.070291,0,,
https://hram-spartak.church.ua/,2024-11-29T21:19:44.275632,0,,
https://kamianska.church.ua/,2024-11-29T21:19:44.598160,0,,
https://gogoliv.church.ua/,2024-11-29T21:19:44.732386,0,,
https://ioannkrestitel.church.ua/,2024-11-29T21:19:44.791986,0,,
https://mliniv.church.ua/,2024-11-29T21:19:44.843765,0,,
https://tolokun.church.ua/,2024-11-29T21:19:45.318657,0,,
https://kocherzhinci-mon.church.ua/,2024-11-29T21:19:45.858342,1,,
http://pyriatyn-crb.edu.poltava.ua/,2024-11-29T21:19:45.960545,0,,
http://en.kul.kiev.ua/,2024-11-29T21:19:46.327685,0,,
https://svit-nvk.wixsite.com/svitylnia,2024-11-29T21:19:48.916158,0,,
http://kispp.com/,2024-11-29T21:19:49.938350,0,,
https://blago.church.ua/,2024-11-29T21:19:50.020254,0,,
http://ittf.kiev.ua/,2024-11-29T21:19:50.423453,0,,
https://kifasavl12.church.ua/,2024-11-29T21:19:53.860815,0,,
http://www.zhu.edu.ua/journal_cpu,2024-11-29T21:19:54.683304,0,,
https://rozhivka.church.ua/,2024-11-29T21:19:56.109904,0,,
https://mokrets.church.ua/,2024-11-29T21:19:56.137777,0,,
https://lebedivka.church.ua/,2024-11-29T21:19:56.161130,0,,
https://useknovensky-kharkov.church.ua/,2024-11-29T21:19:56.391986,0,,
https://svsobor.church.ua/,2024-11-29T21:19:56.400032,1,,
https://rohoziv.church.ua/,2024-11-29T21:19:56.719501,0,,
https://sergiy.church.ua/,2024-11-29T21:19:56.855418,0,,
https://st-georgy-sob.church.ua/,2024-11-29T21:19:56.916055,0,,
https://demidov.church.ua/,2024-11-29T21:19:57.906862,1,,
https://vsviat-dol.church.ua/,2024-11-29T21:19:58.055702,0,,
https://gimnazium2mar.wixsite.com/site,2024-11-29T21:20:00.908150,0,,
https://straholesye.church.ua/,2024-11-29T21:20:01.009503,0,,
https://kdpu.edu.ua/en/,2024-11-29T21:20:01.928741,0,,
https://igor.church.ua/category/photo/,2024-11-29T21:20:02.098637,0,,
https://grygorivska-gromada.gov.ua/,2024-11-29T21:20:02.899163,0,,
https://hr-mihail.church.ua/,2024-11-29T21:20:05.582758,1,,
http://svtluka.org.ua/,2024-11-29T21:20:06.225944,0,,
https://trisvyat-dp.church.ua/2018/04/24/nedelya-3-ya-po-pasxe-svv-zhen-mironosic-pravoslavnyj-zhenskij-den-3/,2024-11-29T21:20:06.665361,1,,
https://hram-kovputa.church.ua/,2024-11-29T21:20:06.695189,1,,
https://pravmolod-izyum.church.ua/,2024-11-29T21:20:06.751479,1,,
https://shargorod.church.ua/,2024-11-29T21:20:07.081891,1,,
https://polohy-ianenky.church.ua/,2024-11-29T21:20:08.223951,0,,
https://ierusalim.church.ua/,2024-11-29T21:20:08.253076,0,,
https://hram-novokrasnoe.church.ua/,2024-11-29T21:20:08.475533,0,,
https://svetoch.church.ua/,2024-11-29T21:20:08.817534,0,,
https://krim-cerkov.church.ua/,2024-11-29T21:20:09.009739,0,,
https://pereyaslav-boris.church.ua/,2024-11-29T21:20:09.844489,1,,
https://korniivka.church.ua/,2024-11-29T21:20:10.408963,1,,
https://thailia.wixsite.com/marschool54,2024-11-29T21:20:10.738417,0,,
https://mukacheve-sob.church.ua/,2024-11-29T21:20:11.757774,1,,
https://kossenko-museum.wixsite.com/,2024-11-29T21:20:12.330821,0,,
http://bibliotekaippo7.wix.com/libra,2024-11-29T21:20:14.788600,0,,
https://title-book.church.ua/,2024-11-29T21:20:14.986367,0,,
https://domostroy.church.ua/,2024-11-29T21:20:17.474532,1,,
https://dzhankoy.church.ua/,2024-11-29T21:20:18.408276,0,,
https://lviv.church.ua/,2024-11-29T21:20:18.786674,0,,
https://dneprorudnoe.church.ua/,2024-11-29T21:20:18.840849,0,,
https://elisavet-dol.church.ua/,2024-11-29T21:20:19.171008,0,,
https://svyatlavra.church.ua/,2024-11-29T21:20:20.258326,1,,
https://rpb-don.church.ua/,2024-11-29T21:20:20.308310,0,,
https://voskres-pechersk.church.ua/,2024-11-29T21:20:22.104640,0,,
https://dnipropetrovsk.church.ua/,2024-11-29T21:20:22.459699,0,,
https://www.filarm.kr.ua/,2024-11-29T21:20:22.989417,0,,
https://vel-krupil.church.ua/,2024-11-29T21:20:23.842623,0,,
https://torirem.ru/,2024-11-29T21:20:24.371541,0,,
https://eccyb.org/,2024-11-29T21:20:26.202695,0,,
https://sov-blag.church.ua/,2024-11-29T21:20:26.955817,0,,
https://sv-nikola.church.ua/,2024-11-29T21:20:27.072727,0,,
https://nizhin-sob.church.ua/,2024-11-29T21:20:29.558912,0,,
https://lyturg.org/,2024-11-29T21:20:30.261056,0,,
https://hram-sv-nevskogo.church.ua/,2024-11-29T21:20:30.505536,0,,
https://izum-sob.church.ua/,2024-11-29T21:20:30.873031,0,,
https://tulchin-sob.church.ua/,2024-11-29T21:20:31.260858,0,,
http://tppe.econom.univ.kiev.ua/,2024-11-29T21:20:31.475134,0,,
https://tishyv-mon.church.ua/,2024-11-29T21:20:32.392743,0,,
http://journals.ukma.edu.ua/spne,2024-11-29T21:20:34.314844,0,,
https://savvinsky-mon.church.ua/,2024-11-29T21:20:34.539722,0,,
https://journal.ivinas.gov.ua/pwh/reviewing,2024-11-29T21:20:35.178005,0,,
https://pochaev-dol.church.ua/,2024-11-29T21:20:35.344286,1,,
https://kherson-sob.church.ua/,2024-11-29T21:20:35.926931,0,,
https://novblag.church.ua/,2024-11-29T21:20:36.454733,0,,
http://boryspil-eparchy.org/,2024-11-29T21:20:38.739244,0,,
https://sukholuchchia.church.ua/,2024-11-29T21:20:39.062784,0,,
http://kadety.org.ua/,2024-11-29T21:20:39.231465,0,,
http://sv-carstv-muchenikov.prihod.ru/,2024-11-29T21:20:40.031372,0,,
https://pokrov-dol.church.ua/,2024-11-29T21:20:41.667633,0,,
https://chram-nik.church.ua/,2024-11-29T21:20:42.582122,0,,
https://hram-krasn.church.ua/,2024-11-29T21:20:42.953510,0,,
https://ponteleimon-pl.church.ua/,2024-11-29T21:20:43.350004,0,,
https://razdol-blag.church.ua/,2024-11-29T21:20:43.562478,0,,
http://eparhia.mk.ua/,2024-11-29T21:20:46.704631,0,,
http://biblioteka-filiya13.edukit.kr.ua/,2024-11-29T21:20:46.989798,0,,
http://lssp.dspu.edu.ua/index,2024-11-29T21:20:47.005879,0,,
https://hramazp.church.ua/,2024-11-29T21:20:47.444251,0,,
http://imiamn.org.ua/,2024-11-29T21:20:47.702808,0,,
https://trebuhiv.church.ua/,2024-11-29T21:20:48.535068,0,,
https://sinod-molodost.church.ua/,2024-11-29T21:20:50.821327,0,,
https://hram-poznyaki.church.ua/,2024-11-29T21:20:51.144093,0,,
https://ioannbogoslov.church.ua/,2024-11-29T21:20:51.309650,0,,
http://dspace.mnau.edu.ua/,2024-11-29T21:20:51.566526,0,,
https://neuvyadaemytsvet.church.ua/,2024-11-29T21:20:52.114560,0,,
https://petrivske.church.ua/,2024-11-29T21:20:53.767296,0,,
https://mission-children.church.ua/,2024-11-29T21:20:55.430178,0,,
https://sci.ldubgd.edu.ua/,2024-11-29T21:20:56.802885,0,,
https://gorbakiv-bibl.ucoz.ua/,2024-11-29T21:20:57.840874,0,,
https://hram-viktorovka.church.ua/,2024-11-29T21:20:58.803763,0,,
http://pomoshnica.kiev.ua/,2024-11-29T21:20:58.882154,0,,
https://matrona-hram.church.ua/,2024-11-29T21:20:59.125932,0,,
https://voikove.church.ua/,2024-11-29T21:20:59.395301,1,,
https://kalyta.church.ua/,2024-11-29T21:20:59.796339,0,,
https://bdutbvo.wixsite.com/bdut-berd,2024-11-29T21:21:00.086800,1,,
https://culture.church.ua/,2024-11-29T21:21:00.533957,1,,
https://zp.church.ua/,2024-11-29T21:21:02.908954,0,,
https://krasylivka.church.ua/,2024-11-29T21:21:03.246706,0,,
https://motovilovka-prav.church.ua/,2024-11-29T21:21:03.387872,0,,
http://kosma-damian.com.ua/,2024-11-29T21:21:03.894178,0,,
http://vbiblioteke.at.ua/,2024-11-29T21:21:04.295891,0,,
http://vsfp.ddpu.edu.ua/user/setLocale/uk_UA?source=%2Findex.php%2F2410-3381%2F,2024-11-29T21:21:04.376086,0,,
https://feodosiy-hram.church.ua/,2024-11-29T21:21:07.523849,0,,
https://hram-nikolaia.church.ua/,2024-11-29T21:21:08.916292,0,,
https://stara-orzhytsia.church.ua/,2024-11-29T21:21:11.344915,0,,
https://hmeliv.church.ua/,2024-11-29T21:21:11.483410,0,,
https://pereyaslav-usp.church.ua/,2024-11-29T21:21:12.701408,0,,
https://spasov-skit.church.ua/,2024-11-29T21:21:13.482814,1,,
https://st-sretenie.church.ua/,2024-11-29T21:21:14.997986,0,,
https://georgiskelki.church.ua/,2024-11-29T21:21:15.361053,0,,
https://hram-novoselovka.church.ua/,2024-11-29T21:21:15.469597,0,,
https://znamenie.church.ua/,2024-11-29T21:21:16.380897,0,,
https://hram-peski.church.ua/,2024-11-29T21:21:16.493258,0,,
http://lib.mnau.edu.ua/,2024-11-29T21:21:17.803491,0,,
https://nni2.naiau.kiev.ua/,2024-11-29T21:21:19.448790,0,,
http://eir.zntu.edu.ua/handle/123456789/26,2024-11-29T21:21:19.456443,0,,
https://puhivka.church.ua/,2024-11-29T21:21:19.638193,0,,
http://kpnu.edu.ua/opp/,2024-11-29T21:21:20.632530,0,,
https://matrona.church.ua/,2024-11-29T21:21:21.110552,0,,
http://detimariup1503.wixsite.com/marzoshi2,2024-11-29T21:21:21.853338,0,,
https://www.pdau.edu.ua/,2024-11-29T21:21:23.670598,0,,
https://ostrovprihod.church.ua/,2024-11-29T21:21:24.270986,1,,
https://apostol-andrey.church.ua/,2024-11-29T21:21:24.603780,1,,
https://hram-yasinov.church.ua/,2024-11-29T21:21:24.604143,1,,
https://arhistratig.church.ua/,2024-11-29T21:21:24.614709,1,,
https://standreydn.church.ua/,2024-11-29T21:21:24.646189,1,,
https://pasichna.church.ua/main-page/,2024-11-29T21:21:24.677034,1,,
http://www.pushkinmuseum.ru/,2024-11-29T21:21:24.769575,1,,
https://peter-kalnysh.church.ua/,2024-11-29T21:21:25.204721,1,,
https://rudnia-d.church.ua/,2024-11-29T21:21:25.240710,1,,
https://kiev-nazaret-mon.church.ua/,2024-11-29T21:21:25.262081,1,,
https://knyga1.wixsite.com/muzychniadresy,2024-11-29T21:21:25.301893,1,,
http://vsfp.ddpu.edu.ua/user/setLocale/ru_RU?source=%2Findex.php%2F2410-3381%2F,2024-11-29T21:21:25.383260,1,,
https://hram-pervomaysk.church.ua/,2024-11-29T21:21:25.493298,1,,
https://hramprepodobnih.church.ua/,2024-11-29T21:21:25.931941,1,,
https://paskivshchyna.church.ua/,2024-11-29T21:21:26.504067,1,,
https://topaly-hram.church.ua/,2024-11-29T21:21:26.930711,1,,
http://ampr.diit.edu.ua/,2024-11-29T21:21:27.080515,1,,
https://rusaggression.gov.ua/ua/home.html,2024-11-29T21:21:27.690512,0,,
http://koktebel.pravorg.ru/,2024-11-29T21:21:28.748403,0,,
https://buchmuzey.ucoz.ua/news,2024-11-29T21:21:29.527277,0,,
http://biblfilia21.blogspot.com/2017/04/blog-post_1.html,2024-11-29T21:21:29.540618,0,,
https://leninskoe.church.ua/,2024-11-29T21:21:29.642033,0,,
http://ubphj.nuph.edu.ua/article/view/ubphj.17.141,2024-11-29T21:21:31.712351,0,,
http://glierinstitute.org/,2024-11-29T21:21:31.908996,0,,
https://domtvorchestva6.wixsite.com/lddut/golovna,2024-11-29T21:21:33.593857,0,,
https://uzh-ioann.church.ua/,2024-11-29T21:21:36.196044,1,,
http://kstuca.kharkov.ua/,2024-11-29T21:21:36.233932,0,,
https://rusaniv.church.ua/,2024-11-29T21:21:36.285252,1,,
https://svetoch.church.ua/,2024-11-29T21:21:36.504542,1,,
https://kazan-dol.church.ua/,2024-11-29T21:21:36.591352,1,,
https://boyarka.church.ua/,2024-11-29T21:21:36.913017,1,,
https://mejirich-mon.church.ua/,2024-11-29T21:21:37.161043,1,,
https://odgymanosvitu.odessaedu.net/,2024-11-29T21:21:37.173873,1,,
https://litky.church.ua/,2024-11-29T21:21:37.177510,1,,
https://kirove.church.ua/,2024-11-29T21:21:37.367256,1,,
https://bibliotekasv.blogspot.com/,2024-11-29T21:21:37.420723,1,,
http://repo.uipa.edu.ua/jspui/community-list,2024-11-29T21:21:37.436730,1,,
https://vel-omeliana.church.ua/,2024-11-29T21:21:37.682290,1,,
https://ivano-frankivsk.church.ua/,2024-11-29T21:21:38.772073,1,,
https://kpnzbdt.wixsite.com/mysite-3,2024-11-29T21:21:41.237014,0,,
https://vlibrarymk.blogspot.com/,2024-11-29T21:21:41.745828,0,,
https://pervom-blag.church.ua/,2024-11-29T21:21:43.321487,0,,
http://ucs-univ.kiev.ua/,2024-11-29T21:21:44.297141,0,,
http://veselynivka.church.ua/,2024-11-29T21:37:43.543445,0,,
http://www.geolgt.com.ua/,2024-11-29T21:37:43.970080,1,,
http://feodosiia.church.ua/,2024-11-29T21:37:46.389705,1,,
https://uspenie.church.ua/,2024-11-29T21:37:47.022404,1,,
https://yuzhnoukrainsk.church.ua/,2024-11-29T21:37:47.495844,1,,
https://zlatoust-kharkov.church.ua/wp-includes/css/dashicons.min.css?ver=4.7.11,2024-11-29T21:37:47.851651,1,,
https://n-oleksandrivka.church.ua/,2024-11-29T22:29:18.018712,0,,
https://vyshghorod-pant.church.ua/,2024-11-29T22:29:18.086144,0,,
https://novomoskovsk-sob.church.ua/files/2014/08/%D0%9D%D0%BE%D0%B2%D0%BE%D0%BC%D0%BE%D1%81%D0%BA%D0%BE%D0%B2%D1%81%D0%BA-%D1%81%D0%BE%D0%B1%D0%BE%D1%80-2.jpg,2024-11-29T22:29:18.151607,0,,
https://gzvon.church.ua/,2024-11-29T22:29:18.193214,0,,
https://vzcz.church.ua/,2024-11-29T22:29:18.194703,0,,
https://mgarsky-mon.church.ua/,2024-11-29T22:29:18.220429,0,,
https://molitva-grushevo.church.ua/kontakty/,2024-11-29T22:29:18.366257,0,,
http://conference.nau.edu.ua/,2024-11-29T22:29:18.463604,0,,
http://library.znu.edu.ua/,2024-11-29T22:29:18.567520,0,,
https://sloboda.church.ua/,2024-11-29T22:29:18.647409,0,,
https://zustrichbibliotechnaya.blogspot.com/,2024-11-29T22:29:18.722884,1,,
https://ms40.church.ua/,2024-11-29T22:29:18.923200,1,,
https://smolenskij-chram.church.ua/,2024-11-29T22:29:19.102770,1,,
https://lyutezh.church.ua/,2024-11-29T22:29:19.145021,1,,
http://kman.org.ua/,2024-11-29T22:29:19.717090,0,,
https://semenivka.church.ua/,2024-11-29T22:29:19.802986,1,,
https://kazanskiy-chyg.church.ua/,2024-11-29T22:29:19.930333,1,,
http://hrampm.org/,2024-11-29T22:29:20.049434,1,,
https://sv-pokrova.church.ua/,2024-11-29T22:29:20.062534,1,,
https://krest-podol.church.ua/,2024-11-29T22:29:20.822461,1,,
https://stgavriil.church.ua/,2024-11-29T22:29:20.822769,1,,
http://balakliyskyy-cdut.wixsite.com/hurtok,2024-11-29T22:29:20.917025,1,,
https://novosilky-mikol.church.ua/,2024-11-29T22:29:22.156979,1,,
https://peskovka-mon.church.ua/,2024-11-29T22:29:22.481390,1,,
https://yagotyn-pantelim.church.ua/,2024-11-29T22:29:23.511760,1,,
https://kamenskoe-mon.church.ua/,2024-11-29T22:29:23.852553,1,,
https://pp-kafsob-lg.church.ua/,2024-11-29T22:29:25.394058,1,,
https://ohtyrka-sob.church.ua/,2024-11-29T22:29:26.109572,1,,
https://hram-rativci.church.ua/,2024-11-29T22:29:26.348663,1,,
https://vovchkiv.church.ua/,2024-11-29T22:29:27.576245,1,,
http://izyum-biblioteka.edu.kh.ua/,2024-11-29T23:42:50.603549,0,,
http://khorol-crb.edu.poltava.ua/,2024-11-29T23:42:51.293610,0,,
https://kinokiev.com/,2024-11-29T23:42:51.535993,1,,
https://news.church.ua/,2024-11-29T23:42:51.863597,1,,
